# Counter Duty prepared multi-material OBJ
mtllib cleaning_materials.mtl
o Bucket_Cube_3
usemtl Water
v 0.40156400 0.06861800 -0.37835450
v 0.40156400 0.06861800 -0.37835450
v 0.40156400 0.06861800 -0.37835450
v -0.30250500 0.28041800 -0.38558750
v -0.30250500 0.28041800 -0.38558750
v -0.30250500 0.28041800 -0.38558750
v 0.70354800 0.06861900 -0.07653750
v 0.70354800 0.06861900 -0.07653750
v 0.70354800 0.06861900 -0.07653750
v -0.52085000 0.28040600 -0.29627250
v -0.52085000 0.28040600 -0.29627250
v -0.52085000 0.28040600 -0.29627250
v 0.61583400 0.06860600 -0.29070750
v 0.61583400 0.06860600 -0.29070750
v 0.61583400 0.06860600 -0.29070750
v -0.61023300 0.28041900 -0.07803050
v -0.61023300 0.28041900 -0.07803050
v -0.61023300 0.28041900 -0.07803050
v 0.70354800 0.06861900 0.08047550
v 0.70354800 0.06861900 0.08047550
v 0.70354800 0.06861900 0.08047550
v 0.40819500 0.28041800 -0.38558750
v 0.40819500 0.28041800 -0.38558750
v 0.40819500 0.28041800 -0.38558750
v 0.40156400 0.06861800 0.38229250
v 0.40156400 0.06861800 0.38229250
v 0.40156400 0.06861800 0.38229250
v -0.30250500 0.28041800 0.38952450
v -0.30250500 0.28041800 0.38952450
v -0.30250500 0.28041800 0.38952450
v 0.61583400 0.06860600 0.29464450
v 0.61583400 0.06860600 0.29464450
v 0.61583400 0.06860600 0.29464450
v -0.52085000 0.28040600 0.30021050
v -0.52085000 0.28040600 0.30021050
v -0.52085000 0.28040600 0.30021050
v -0.59785800 0.06861900 -0.07653750
v -0.59785800 0.06861900 -0.07653750
v -0.59785800 0.06861900 -0.07653750
v 0.71592300 0.28041900 0.08196850
v 0.71592300 0.28041900 0.08196850
v 0.71592300 0.28041900 0.08196850
v -0.29587400 0.06861800 -0.37835450
v -0.29587400 0.06861800 -0.37835450
v -0.29587400 0.06861800 -0.37835450
v 0.62654000 0.28040600 -0.29627250
v 0.62654000 0.28040600 -0.29627250
v 0.62654000 0.28040600 -0.29627250
v -0.51014400 0.06860600 -0.29070750
v -0.51014400 0.06860600 -0.29070750
v -0.51014400 0.06860600 -0.29070750
v 0.71592300 0.28041900 -0.07803050
v 0.71592300 0.28041900 -0.07803050
v 0.71592300 0.28041900 -0.07803050
v -0.29587400 0.06861800 0.38229250
v -0.29587400 0.06861800 0.38229250
v -0.29587400 0.06861800 0.38229250
v -0.61023300 0.28041900 0.08196850
v -0.61023300 0.28041900 0.08196850
v -0.61023300 0.28041900 0.08196850
v -0.59785800 0.06861900 0.08047550
v -0.59785800 0.06861900 0.08047550
v -0.59785800 0.06861900 0.08047550
v 0.62654000 0.28040600 0.30021050
v 0.62654000 0.28040600 0.30021050
v 0.62654000 0.28040600 0.30021050
v -0.51014400 0.06860600 0.29464450
v -0.51014400 0.06860600 0.29464450
v -0.51014400 0.06860600 0.29464450
v 0.40819500 0.28041800 0.38952450
v 0.40819500 0.28041800 0.38952450
v 0.40819500 0.28041800 0.38952450
vt 0.40548400 0.43970600
vt 0.40548400 0.43970600
vt 0.40548400 0.43970600
vt 0.40548400 0.31029400
vt 0.40548400 0.31029400
vt 0.40548400 0.31029400
vt 0.40547800 0.59930800
vt 0.40547800 0.59930800
vt 0.40547800 0.59930800
vt 0.40527400 0.25000000
vt 0.40527400 0.25000000
vt 0.40527400 0.25000000
vt 0.40527400 0.50000000
vt 0.40527400 0.50000000
vt 0.40527400 0.50000000
vt 0.40547800 0.15069200
vt 0.40547800 0.15069200
vt 0.40547800 0.15069200
vt 0.40547800 0.65069200
vt 0.40547800 0.65069200
vt 0.40547800 0.65069200
vt 0.40548400 0.43970600
vt 0.40548400 0.43970600
vt 0.40548400 0.43970600
vt 0.40548400 0.81029400
vt 0.40548400 0.81029400
vt 0.40548400 0.81029400
vt 0.40548400 0.93970600
vt 0.40548400 0.93970600
vt 0.40548400 0.93970600
vt 0.40527400 0.75000000
vt 0.40527400 0.75000000
vt 0.40527400 0.75000000
vt 0.40527400 1.00000000
vt 0.40527400 1.00000000
vt 0.40527400 1.00000000
vt 0.40547800 0.15069200
vt 0.40547800 0.15069200
vt 0.40547800 0.15069200
vt 0.40547800 0.65069200
vt 0.40547800 0.65069200
vt 0.40547800 0.65069200
vt 0.40548400 0.31029400
vt 0.40548400 0.31029400
vt 0.40548400 0.31029400
vt 0.40527400 0.50000000
vt 0.40527400 0.50000000
vt 0.40527400 0.50000000
vt 0.40527400 0.25000000
vt 0.40527400 0.25000000
vt 0.40527400 0.25000000
vt 0.40547800 0.59930800
vt 0.40547800 0.59930800
vt 0.40547800 0.59930800
vt 0.40548400 0.93970600
vt 0.40548400 0.93970600
vt 0.40548400 0.93970600
vt 0.40547800 0.09930800
vt 0.40547800 0.09930800
vt 0.40547800 0.09930800
vt 0.40547800 0.09930800
vt 0.40547800 0.09930800
vt 0.40547800 0.09930800
vt 0.40527400 0.75000000
vt 0.40527400 0.75000000
vt 0.40527400 0.75000000
vt 0.40527400 1.00000000
vt 0.40527400 1.00000000
vt 0.40527400 1.00000000
vt 0.40548400 0.81029400
vt 0.40548400 0.81029400
vt 0.40548400 0.81029400
vn 0.37824074 -0.04342014 -0.92468840
vn 0.00000000 -0.03413025 -0.99941739
vn -0.00001400 -1.00000000 0.00001732
vn -0.37824485 -0.04342021 -0.92468671
vn 0.00000000 -0.03413025 -0.99941739
vn -0.00002136 1.00000000 0.00006748
vn 0.99829746 -0.05832829 0.00000000
vn 0.92391122 -0.05664670 -0.37839029
vn -0.00000935 -1.00000000 0.00000772
vn -0.00000573 1.00000000 -0.00002708
vn -0.92391046 -0.05664372 -0.37839258
vn -0.37824273 -0.04341757 -0.92468771
vn 0.92391242 -0.05664369 -0.37838781
vn -0.00009710 -0.99999999 0.00010047
vn 0.37824298 -0.04341759 -0.92468760
vn -0.92391134 -0.05664672 -0.37839000
vn 0.00000000 1.00000000 -0.00002558
vn -0.99829746 -0.05832829 0.00000000
vn 0.92391150 -0.05664939 0.37838920
vn 0.99829746 -0.05832829 0.00000000
vn 0.00014821 -0.99999999 0.00000000
vn 0.00000000 -0.03413025 -0.99941739
vn 0.37824272 -0.04341788 -0.92468770
vn 0.00001373 1.00000000 -0.00001699
vn 0.37824276 -0.04341761 0.92468769
vn -0.00001698 -1.00000000 -0.00001335
vn 0.00000000 -0.03412553 0.99941755
vn -0.00002491 1.00000000 -0.00005212
vn 0.00000000 -0.03412553 0.99941755
vn -0.37824296 -0.04341760 0.92468761
vn 0.37824444 -0.04341970 0.92468690
vn -0.00006277 -1.00000000 -0.00004986
vn 0.92391090 -0.05664731 0.37839098
vn -0.92391098 -0.05664730 0.37839078
vn -0.00000377 1.00000000 0.00002206
vn -0.37824124 -0.04341957 0.92468822
vn -0.99829746 -0.05832829 0.00000000
vn -0.92391212 -0.05664941 -0.37838769
vn 0.00000000 -1.00000000 0.00002606
vn 0.92391097 -0.05664755 0.37839078
vn 0.99829746 -0.05832829 0.00000000
vn -0.00014544 0.99999999 0.00000000
vn 0.00000000 -0.03413025 -0.99941739
vn 0.00002177 -1.00000000 -0.00006876
vn -0.37824297 -0.04341787 -0.92468759
vn 0.92391136 -0.05664636 -0.37839001
vn 0.37824493 -0.04341536 -0.92468691
vn 0.00009529 0.99999999 -0.00009859
vn 0.00000584 -1.00000000 0.00002760
vn -0.92391124 -0.05664637 -0.37839030
vn -0.37824082 -0.04341519 -0.92468860
vn 0.99829746 -0.05832829 0.00000000
vn 0.92391017 -0.05664933 -0.37839246
vn 0.00000917 1.00000000 -0.00000758
vn 0.00002538 -1.00000000 0.00005311
vn -0.37824451 -0.04341585 0.92468706
vn 0.00000000 -0.03412553 0.99941755
vn 0.00000324 1.00000000 0.00002685
vn -0.99829746 -0.05832829 0.00000000
vn -0.92391017 -0.05664933 0.37839246
vn -0.00000330 -1.00000000 -0.00002736
vn -0.99829746 -0.05832829 0.00000000
vn -0.92391089 -0.05664754 0.37839098
vn 0.37824296 -0.04341785 0.92468760
vn 0.00006160 1.00000000 0.00004893
vn 0.92391037 -0.05664550 0.37839254
vn 0.00000384 -1.00000000 -0.00002248
vn -0.37824276 -0.04341784 0.92468768
vn -0.92391170 -0.05664548 0.37838929
vn 0.00001666 1.00000000 0.00001310
vn 0.37824130 -0.04341579 0.92468837
vn 0.00000000 -0.03412553 0.99941755
f 25/25/25 31/31/31 64/64/64
f 64/64/64 71/71/71 25/25/25
f 37/37/37 62/62/62 59/59/59
f 59/59/59 18/18/18 37/37/37
f 45/45/45 51/51/51 12/12/12
f 12/12/12 4/4/4 45/45/45
f 20/20/20 7/7/7 52/52/52
f 52/52/52 41/41/41 20/20/20
f 68/68/68 56/56/56 30/30/30
f 30/30/30 36/36/36 68/68/68
f 50/50/50 38/38/38 16/16/16
f 16/16/16 11/11/11 50/50/50
f 54/54/54 48/48/48 24/24/24
f 54/54/54 24/24/24 6/6/6
f 54/54/54 6/6/6 10/10/10
f 54/54/54 10/10/10 17/17/17
f 54/54/54 17/17/17 58/58/58
f 54/54/54 58/58/58 35/35/35
f 54/54/54 35/35/35 28/28/28
f 54/54/54 28/28/28 70/70/70
f 54/54/54 70/70/70 65/65/65
f 54/54/54 65/65/65 42/42/42
f 9/9/9 21/21/21 32/32/32
f 9/9/9 32/32/32 26/26/26
f 9/9/9 26/26/26 55/55/55
f 9/9/9 55/55/55 67/67/67
f 9/9/9 67/67/67 61/61/61
f 9/9/9 61/61/61 39/39/39
f 9/9/9 39/39/39 49/49/49
f 9/9/9 49/49/49 44/44/44
f 9/9/9 44/44/44 3/3/3
f 9/9/9 3/3/3 14/14/14
f 15/15/15 1/1/1 23/23/23
f 23/23/23 47/47/47 15/15/15
f 2/2/2 43/43/43 5/5/5
f 5/5/5 22/22/22 2/2/2
f 8/8/8 13/13/13 46/46/46
f 46/46/46 53/53/53 8/8/8
f 33/33/33 19/19/19 40/40/40
f 40/40/40 66/66/66 33/33/33
f 63/63/63 69/69/69 34/34/34
f 34/34/34 60/60/60 63/63/63
f 57/57/57 27/27/27 72/72/72
f 72/72/72 29/29/29 57/57/57
o Bucket_Cube_5
usemtl YellowPlastic
v 0.76150100 1.07124800 -0.09658350
v 0.76150100 1.07124800 -0.09658350
v 0.76150100 1.07124800 -0.09658350
v 0.42982300 1.07124800 -0.42818150
v 0.42982300 1.07124800 -0.42818150
v 0.42982300 1.07124800 -0.42818150
v 0.66435500 1.07124800 -0.33105850
v 0.66435500 1.07124800 -0.33105850
v 0.66435500 1.07124800 -0.33105850
v 0.66435500 1.07124800 -0.33105850
v 0.42982300 1.07124800 0.43211850
v 0.42982300 1.07124800 0.43211850
v 0.42982300 1.07124800 0.43211850
v 0.76150100 1.07124800 0.10052050
v 0.76150100 1.07124800 0.10052050
v 0.76150100 1.07124800 0.10052050
v 0.66435500 1.07124800 0.33499550
v 0.66435500 1.07124800 0.33499550
v 0.66435500 1.07124800 0.33499550
v 0.66435500 1.07124800 0.33499550
v -0.32413300 1.07124800 -0.42818150
v -0.32413300 1.07124800 -0.42818150
v -0.32413300 1.07124800 -0.42818150
v -0.65581100 1.07124800 -0.09658350
v -0.65581100 1.07124800 -0.09658350
v -0.65581100 1.07124800 -0.09658350
v -0.55866500 1.07124800 -0.33105850
v -0.55866500 1.07124800 -0.33105850
v -0.55866500 1.07124800 -0.33105850
v -0.55866500 1.07124800 -0.33105850
v -0.65581100 1.07124800 0.10052050
v -0.65581100 1.07124800 0.10052050
v -0.65581100 1.07124800 0.10052050
v -0.32413300 1.07124800 0.43211850
v -0.32413300 1.07124800 0.43211850
v -0.32413300 1.07124800 0.43211850
v -0.55866500 1.07124800 0.33499550
v -0.55866500 1.07124800 0.33499550
v -0.55866500 1.07124800 0.33499550
v -0.55866500 1.07124800 0.33499550
v 0.71346900 1.07244800 -0.08697250
v 0.71346900 1.07244800 -0.08697250
v 0.71346900 1.07244800 -0.08697250
v 0.71346900 1.07244800 -0.08697250
v 0.42015400 1.07211300 -0.38015350
v 0.42015400 1.07211300 -0.38015350
v 0.42015400 1.07211300 -0.38015350
v 0.42015400 1.07211300 -0.38015350
v 0.62967000 1.07248800 -0.29647150
v 0.62967000 1.07248800 -0.29647150
v 0.62967000 1.07248800 -0.29647150
v 0.62967000 1.07248800 -0.29647150
v 0.42015400 1.07211300 0.38409050
v 0.42015400 1.07211300 0.38409050
v 0.42015400 1.07211300 0.38409050
v 0.42015400 1.07211300 0.38409050
v 0.71346900 1.07244800 0.09090950
v 0.71346900 1.07244800 0.09090950
v 0.71346900 1.07244800 0.09090950
v 0.71346900 1.07244800 0.09090950
v 0.62967000 1.07248800 0.30040850
v 0.62967000 1.07248800 0.30040850
v 0.62967000 1.07248800 0.30040850
v 0.62967000 1.07248800 0.30040850
v -0.31446400 1.07211300 -0.38015350
v -0.31446400 1.07211300 -0.38015350
v -0.31446400 1.07211300 -0.38015350
v -0.31446400 1.07211300 -0.38015350
v -0.60777900 1.07244800 -0.08697250
v -0.60777900 1.07244800 -0.08697250
v -0.60777900 1.07244800 -0.08697250
v -0.60777900 1.07244800 -0.08697250
v -0.52398000 1.07248800 -0.29647150
v -0.52398000 1.07248800 -0.29647150
v -0.52398000 1.07248800 -0.29647150
v -0.52398000 1.07248800 -0.29647150
v -0.60777900 1.07244800 0.09090950
v -0.60777900 1.07244800 0.09090950
v -0.60777900 1.07244800 0.09090950
v -0.60777900 1.07244800 0.09090950
v -0.31446400 1.07211300 0.38409050
v -0.31446400 1.07211300 0.38409050
v -0.31446400 1.07211300 0.38409050
v -0.31446400 1.07211300 0.38409050
v -0.52398000 1.07248800 0.30040850
v -0.52398000 1.07248800 0.30040850
v -0.52398000 1.07248800 0.30040850
v -0.52398000 1.07248800 0.30040850
v 0.76066500 1.03369200 -0.09607550
v 0.76066500 1.03369200 -0.09607550
v 0.76066500 1.03369200 -0.09607550
v 0.76066500 1.03369200 -0.09607550
v 0.66351900 1.03369200 -0.33055050
v 0.66351900 1.03369200 -0.33055050
v 0.66351900 1.03369200 -0.33055050
v 0.66351900 1.03369200 -0.33055050
v 0.42898700 1.03369200 -0.42767350
v 0.42898700 1.03369200 -0.42767350
v 0.42898700 1.03369200 -0.42767350
v 0.42898700 1.03369200 -0.42767350
v -0.32329700 1.03369200 0.43161050
v -0.32329700 1.03369200 0.43161050
v -0.32329700 1.03369200 0.43161050
v -0.32329700 1.03369200 0.43161050
v -0.55782900 1.03369200 0.33448850
v -0.55782900 1.03369200 0.33448850
v -0.55782900 1.03369200 0.33448850
v -0.55782900 1.03369200 0.33448850
v -0.65497500 1.03369200 0.10001350
v -0.65497500 1.03369200 0.10001350
v -0.65497500 1.03369200 0.10001350
v -0.65497500 1.03369200 0.10001350
v 0.42898700 1.03369200 0.43161050
v 0.42898700 1.03369200 0.43161050
v 0.42898700 1.03369200 0.43161050
v 0.42898700 1.03369200 0.43161050
v 0.66351900 1.03369200 0.33448850
v 0.66351900 1.03369200 0.33448850
v 0.66351900 1.03369200 0.33448850
v 0.66351900 1.03369200 0.33448850
v 0.76066500 1.03369200 0.10001350
v 0.76066500 1.03369200 0.10001350
v 0.76066500 1.03369200 0.10001350
v 0.76066500 1.03369200 0.10001350
v -0.32329700 1.03369200 -0.42767350
v -0.32329700 1.03369200 -0.42767350
v -0.32329700 1.03369200 -0.42767350
v -0.32329700 1.03369200 -0.42767350
v -0.55782900 1.03369200 -0.33055050
v -0.55782900 1.03369200 -0.33055050
v -0.55782900 1.03369200 -0.33055050
v -0.55782900 1.03369200 -0.33055050
v -0.65497500 1.03369200 -0.09607550
v -0.65497500 1.03369200 -0.09607550
v -0.65497500 1.03369200 -0.09607550
v -0.65497500 1.03369200 -0.09607550
v 0.68331900 1.05879700 -0.35010750
v 0.68331900 1.05879700 -0.35010750
v 0.68331900 1.05879700 -0.35010750
v 0.68331900 1.05879700 -0.35010750
v 0.67460700 1.07088200 -0.34128150
v 0.67460700 1.07088200 -0.34128150
v 0.67460700 1.07088200 -0.34128150
v 0.67460700 1.07088200 -0.34128150
v 0.77637600 1.07087700 -0.09955950
v 0.77637600 1.07087700 -0.09955950
v 0.77637600 1.07087700 -0.09955950
v 0.77637600 1.07087700 -0.09955950
v 0.78789300 1.05881900 -0.10173850
v 0.78789300 1.05881900 -0.10173850
v 0.78789300 1.05881900 -0.10173850
v 0.78789300 1.05881900 -0.10173850
v 0.68298500 1.04476900 -0.34993950
v 0.68298500 1.04476900 -0.34993950
v 0.68298500 1.04476900 -0.34993950
v 0.68298500 1.04476900 -0.34993950
v 0.67374400 1.03332600 -0.34080950
v 0.67374400 1.03332600 -0.34080950
v 0.67374400 1.03332600 -0.34080950
v 0.67374400 1.03332600 -0.34080950
v 0.43488700 1.05900600 -0.45467750
v 0.43488700 1.05900600 -0.45467750
v 0.43488700 1.05900600 -0.45467750
v 0.43488700 1.05900600 -0.45467750
v 0.43282100 1.07098000 -0.44306950
v 0.43282100 1.07098000 -0.44306950
v 0.43282100 1.07098000 -0.44306950
v 0.43282100 1.07098000 -0.44306950
v 0.43452700 1.04497800 -0.45449750
v 0.43452700 1.04497800 -0.45449750
v 0.43452700 1.04497800 -0.45449750
v 0.43452700 1.04497800 -0.45449750
v 0.43191000 1.03342600 -0.44255850
v 0.43191000 1.03342600 -0.44255850
v 0.43191000 1.03342600 -0.44255850
v 0.43191000 1.03342600 -0.44255850
v -0.32622000 1.03342600 0.44649550
v -0.32622000 1.03342600 0.44649550
v -0.32622000 1.03342600 0.44649550
v -0.32622000 1.03342600 0.44649550
v -0.32883700 1.04497800 0.45843450
v -0.32883700 1.04497800 0.45843450
v -0.32883700 1.04497800 0.45843450
v -0.32883700 1.04497800 0.45843450
v -0.32919700 1.05900600 0.45861450
v -0.32919700 1.05900600 0.45861450
v -0.32919700 1.05900600 0.45861450
v -0.32919700 1.05900600 0.45861450
v -0.32713100 1.07098000 0.44700650
v -0.32713100 1.07098000 0.44700650
v -0.32713100 1.07098000 0.44700650
v -0.32713100 1.07098000 0.44700650
v -0.56891700 1.07088200 0.34521950
v -0.56891700 1.07088200 0.34521950
v -0.56891700 1.07088200 0.34521950
v -0.56891700 1.07088200 0.34521950
v -0.57762900 1.05879700 0.35404550
v -0.57762900 1.05879700 0.35404550
v -0.57762900 1.05879700 0.35404550
v -0.57762900 1.05879700 0.35404550
v -0.67068600 1.07087700 0.10349750
v -0.67068600 1.07087700 0.10349750
v -0.67068600 1.07087700 0.10349750
v -0.67068600 1.07087700 0.10349750
v -0.68220300 1.05881900 0.10567650
v -0.68220300 1.05881900 0.10567650
v -0.68220300 1.05881900 0.10567650
v -0.68220300 1.05881900 0.10567650
v 0.68331900 1.05879700 0.35404550
v 0.68331900 1.05879700 0.35404550
v 0.68331900 1.05879700 0.35404550
v 0.68331900 1.05879700 0.35404550
v 0.67460700 1.07088200 0.34521950
v 0.67460700 1.07088200 0.34521950
v 0.67460700 1.07088200 0.34521950
v 0.67460700 1.07088200 0.34521950
v 0.43282100 1.07098000 0.44700650
v 0.43282100 1.07098000 0.44700650
v 0.43282100 1.07098000 0.44700650
v 0.43282100 1.07098000 0.44700650
v 0.43488700 1.05900600 0.45861450
v 0.43488700 1.05900600 0.45861450
v 0.43488700 1.05900600 0.45861450
v 0.43488700 1.05900600 0.45861450
v 0.68298500 1.04476900 0.35387750
v 0.68298500 1.04476900 0.35387750
v 0.68298500 1.04476900 0.35387750
v 0.68298500 1.04476900 0.35387750
v 0.67374400 1.03332600 0.34474650
v 0.67374400 1.03332600 0.34474650
v 0.67374400 1.03332600 0.34474650
v 0.67374400 1.03332600 0.34474650
v 0.78789300 1.05881900 0.10567650
v 0.78789300 1.05881900 0.10567650
v 0.78789300 1.05881900 0.10567650
v 0.78789300 1.05881900 0.10567650
v 0.77637600 1.07087700 0.10349750
v 0.77637600 1.07087700 0.10349750
v 0.77637600 1.07087700 0.10349750
v 0.77637600 1.07087700 0.10349750
v 0.77555900 1.03332100 0.10295950
v 0.77555900 1.03332100 0.10295950
v 0.77555900 1.03332100 0.10295950
v 0.77555900 1.03332100 0.10295950
v 0.78758500 1.04479100 0.10546450
v 0.78758500 1.04479100 0.10546450
v 0.78758500 1.04479100 0.10546450
v 0.78758500 1.04479100 0.10546450
v -0.57762900 1.05879700 -0.35010750
v -0.57762900 1.05879700 -0.35010750
v -0.57762900 1.05879700 -0.35010750
v -0.57762900 1.05879700 -0.35010750
v -0.56891700 1.07088200 -0.34128150
v -0.56891700 1.07088200 -0.34128150
v -0.56891700 1.07088200 -0.34128150
v -0.56891700 1.07088200 -0.34128150
v -0.32713100 1.07098000 -0.44306950
v -0.32713100 1.07098000 -0.44306950
v -0.32713100 1.07098000 -0.44306950
v -0.32713100 1.07098000 -0.44306950
v -0.32919700 1.05900600 -0.45467750
v -0.32919700 1.05900600 -0.45467750
v -0.32919700 1.05900600 -0.45467750
v -0.32919700 1.05900600 -0.45467750
v -0.57729500 1.04476900 -0.34993950
v -0.57729500 1.04476900 -0.34993950
v -0.57729500 1.04476900 -0.34993950
v -0.57729500 1.04476900 -0.34993950
v -0.56805400 1.03332600 -0.34080950
v -0.56805400 1.03332600 -0.34080950
v -0.56805400 1.03332600 -0.34080950
v -0.56805400 1.03332600 -0.34080950
v -0.68220300 1.05881900 -0.10173850
v -0.68220300 1.05881900 -0.10173850
v -0.68220300 1.05881900 -0.10173850
v -0.68220300 1.05881900 -0.10173850
v -0.67068600 1.07087700 -0.09955950
v -0.67068600 1.07087700 -0.09955950
v -0.67068600 1.07087700 -0.09955950
v -0.67068600 1.07087700 -0.09955950
v -0.66986900 1.03332100 -0.09902150
v -0.66986900 1.03332100 -0.09902150
v -0.66986900 1.03332100 -0.09902150
v -0.66986900 1.03332100 -0.09902150
v -0.68189500 1.04479100 -0.10152750
v -0.68189500 1.04479100 -0.10152750
v -0.68189500 1.04479100 -0.10152750
v -0.68189500 1.04479100 -0.10152750
v 0.78758500 1.04479100 -0.10152750
v 0.78758500 1.04479100 -0.10152750
v 0.78758500 1.04479100 -0.10152750
v 0.78758500 1.04479100 -0.10152750
v 0.77555900 1.03332100 -0.09902150
v 0.77555900 1.03332100 -0.09902150
v 0.77555900 1.03332100 -0.09902150
v 0.77555900 1.03332100 -0.09902150
v -0.56805400 1.03332600 0.34474650
v -0.56805400 1.03332600 0.34474650
v -0.56805400 1.03332600 0.34474650
v -0.56805400 1.03332600 0.34474650
v -0.57729500 1.04476900 0.35387750
v -0.57729500 1.04476900 0.35387750
v -0.57729500 1.04476900 0.35387750
v -0.57729500 1.04476900 0.35387750
v -0.68189500 1.04479100 0.10546450
v -0.68189500 1.04479100 0.10546450
v -0.68189500 1.04479100 0.10546450
v -0.68189500 1.04479100 0.10546450
v -0.66986900 1.03332100 0.10295950
v -0.66986900 1.03332100 0.10295950
v -0.66986900 1.03332100 0.10295950
v -0.66986900 1.03332100 0.10295950
v 0.43452700 1.04497800 0.45843450
v 0.43452700 1.04497800 0.45843450
v 0.43452700 1.04497800 0.45843450
v 0.43452700 1.04497800 0.45843450
v 0.43191000 1.03342600 0.44649550
v 0.43191000 1.03342600 0.44649550
v 0.43191000 1.03342600 0.44649550
v 0.43191000 1.03342600 0.44649550
v -0.32622000 1.03342600 -0.44255850
v -0.32622000 1.03342600 -0.44255850
v -0.32622000 1.03342600 -0.44255850
v -0.32622000 1.03342600 -0.44255850
v -0.32883700 1.04497800 -0.45449750
v -0.32883700 1.04497800 -0.45449750
v -0.32883700 1.04497800 -0.45449750
v -0.32883700 1.04497800 -0.45449750
v 0.38077000 0.00000000 -0.28697650
v 0.38077000 0.00000000 -0.28697650
v 0.38077000 0.00000000 -0.28697650
v 0.40879300 0.12669600 -0.41541550
v 0.40879300 0.12669600 -0.41541550
v 0.40879300 0.12669600 -0.41541550
v 0.40879300 0.12669600 -0.41541550
v 0.39941600 0.03710800 -0.37708750
v 0.39941600 0.03710800 -0.37708750
v 0.39941600 0.03710800 -0.37708750
v 0.39941600 0.03710800 -0.37708750
v 0.61092300 0.00000000 -0.05689250
v 0.61092300 0.00000000 -0.05689250
v 0.61092300 0.00000000 -0.05689250
v 0.74047100 0.12669500 -0.08381750
v 0.74047100 0.12669500 -0.08381750
v 0.74047100 0.12669500 -0.08381750
v 0.74047100 0.12669500 -0.08381750
v 0.70135800 0.03710800 -0.07522250
v 0.70135800 0.03710800 -0.07522250
v 0.70135800 0.03710800 -0.07522250
v 0.70135800 0.03710800 -0.07522250
v 0.54351900 0.00000000 -0.21957950
v 0.54351900 0.00000000 -0.21957950
v 0.54351900 0.00000000 -0.21957950
v 0.64332400 0.12669600 -0.31829250
v 0.64332400 0.12669600 -0.31829250
v 0.64332400 0.12669600 -0.31829250
v 0.64332400 0.12669600 -0.31829250
v 0.61292400 0.03710800 -0.28867150
v 0.61292400 0.03710800 -0.28867150
v 0.61292400 0.03710800 -0.28867150
v 0.61292400 0.03710800 -0.28867150
v 0.61092300 0.00000000 0.06082950
v 0.61092300 0.00000000 0.06082950
v 0.61092300 0.00000000 0.06082950
v 0.74047100 0.12669500 0.08775550
v 0.74047100 0.12669500 0.08775550
v 0.74047100 0.12669500 0.08775550
v 0.74047100 0.12669500 0.08775550
v 0.70135800 0.03710800 0.07915950
v 0.70135800 0.03710800 0.07915950
v 0.70135800 0.03710800 0.07915950
v 0.70135800 0.03710800 0.07915950
v 0.38077000 0.00000000 0.29091350
v 0.38077000 0.00000000 0.29091350
v 0.38077000 0.00000000 0.29091350
v 0.40879300 0.12669600 0.41935250
v 0.40879300 0.12669600 0.41935250
v 0.40879300 0.12669600 0.41935250
v 0.40879300 0.12669600 0.41935250
v 0.39941600 0.03710800 0.38102450
v 0.39941600 0.03710800 0.38102450
v 0.39941600 0.03710800 0.38102450
v 0.39941600 0.03710800 0.38102450
v 0.54351900 0.00000000 0.22351750
v 0.54351900 0.00000000 0.22351750
v 0.54351900 0.00000000 0.22351750
v 0.64332400 0.12669600 0.32223050
v 0.64332400 0.12669600 0.32223050
v 0.64332400 0.12669600 0.32223050
v 0.64332400 0.12669600 0.32223050
v 0.61292400 0.03710800 0.29260850
v 0.61292400 0.03710800 0.29260850
v 0.61292400 0.03710800 0.29260850
v 0.61292400 0.03710800 0.29260850
v -0.50523300 0.00000000 -0.05689250
v -0.50523300 0.00000000 -0.05689250
v -0.50523300 0.00000000 -0.05689250
v -0.63478100 0.12669500 -0.08381750
v -0.63478100 0.12669500 -0.08381750
v -0.63478100 0.12669500 -0.08381750
v -0.63478100 0.12669500 -0.08381750
v -0.59566800 0.03710800 -0.07522250
v -0.59566800 0.03710800 -0.07522250
v -0.59566800 0.03710800 -0.07522250
v -0.59566800 0.03710800 -0.07522250
v -0.27508000 0.00000000 -0.28697650
v -0.27508000 0.00000000 -0.28697650
v -0.27508000 0.00000000 -0.28697650
v -0.30310300 0.12669600 -0.41541550
v -0.30310300 0.12669600 -0.41541550
v -0.30310300 0.12669600 -0.41541550
v -0.30310300 0.12669600 -0.41541550
v -0.29372600 0.03710800 -0.37708750
v -0.29372600 0.03710800 -0.37708750
v -0.29372600 0.03710800 -0.37708750
v -0.29372600 0.03710800 -0.37708750
v -0.43782900 0.00000000 -0.21957950
v -0.43782900 0.00000000 -0.21957950
v -0.43782900 0.00000000 -0.21957950
v -0.53763400 0.12669600 -0.31829250
v -0.53763400 0.12669600 -0.31829250
v -0.53763400 0.12669600 -0.31829250
v -0.53763400 0.12669600 -0.31829250
v -0.50723400 0.03710800 -0.28867150
v -0.50723400 0.03710800 -0.28867150
v -0.50723400 0.03710800 -0.28867150
v -0.50723400 0.03710800 -0.28867150
v -0.27508000 0.00000000 0.29091350
v -0.27508000 0.00000000 0.29091350
v -0.27508000 0.00000000 0.29091350
v -0.30310300 0.12669600 0.41935250
v -0.30310300 0.12669600 0.41935250
v -0.30310300 0.12669600 0.41935250
v -0.30310300 0.12669600 0.41935250
v -0.29372600 0.03710800 0.38102450
v -0.29372600 0.03710800 0.38102450
v -0.29372600 0.03710800 0.38102450
v -0.29372600 0.03710800 0.38102450
v -0.50523300 0.00000000 0.06082950
v -0.50523300 0.00000000 0.06082950
v -0.50523300 0.00000000 0.06082950
v -0.63478100 0.12669500 0.08775550
v -0.63478100 0.12669500 0.08775550
v -0.63478100 0.12669500 0.08775550
v -0.63478100 0.12669500 0.08775550
v -0.59566800 0.03710800 0.07915950
v -0.59566800 0.03710800 0.07915950
v -0.59566800 0.03710800 0.07915950
v -0.59566800 0.03710800 0.07915950
v -0.43782900 0.00000000 0.22351750
v -0.43782900 0.00000000 0.22351750
v -0.43782900 0.00000000 0.22351750
v -0.53763400 0.12669600 0.32223050
v -0.53763400 0.12669600 0.32223050
v -0.53763400 0.12669600 0.32223050
v -0.53763400 0.12669600 0.32223050
v -0.50723400 0.03710800 0.29260850
v -0.50723400 0.03710800 0.29260850
v -0.50723400 0.03710800 0.29260850
v -0.50723400 0.03710800 0.29260850
v 0.37398900 0.03065200 -0.25139950
v 0.37398900 0.03065200 -0.25139950
v 0.37398900 0.03065200 -0.25139950
v 0.40156400 0.15965000 -0.37835450
v 0.40156400 0.15965000 -0.37835450
v 0.40156400 0.15965000 -0.37835450
v 0.40156400 0.15965000 -0.37835450
v 0.39241800 0.06938100 -0.34106650
v 0.39241800 0.06938100 -0.34106650
v 0.39241800 0.06938100 -0.34106650
v 0.39241800 0.06938100 -0.34106650
v 0.57546800 0.03060000 -0.05006750
v 0.57546800 0.03060000 -0.05006750
v 0.57546800 0.03060000 -0.05006750
v 0.70354800 0.15977400 -0.07653750
v 0.70354800 0.15977400 -0.07653750
v 0.70354800 0.15977400 -0.07653750
v 0.70354800 0.15977400 -0.07653750
v 0.66546400 0.06945300 -0.06818450
v 0.66546400 0.06945300 -0.06818450
v 0.66546400 0.06945300 -0.06818450
v 0.66546400 0.06945300 -0.06818450
v 0.51683300 0.03387900 -0.19278550
v 0.51683300 0.03387900 -0.19278550
v 0.51683300 0.03387900 -0.19278550
v 0.61583400 0.15806300 -0.29070750
v 0.61583400 0.15806300 -0.29070750
v 0.61583400 0.15806300 -0.29070750
v 0.61583400 0.15806300 -0.29070750
v 0.58604300 0.06920200 -0.26169550
v 0.58604300 0.06920200 -0.26169550
v 0.58604300 0.06920200 -0.26169550
v 0.58604300 0.06920200 -0.26169550
v 0.57546800 0.03060000 0.05400550
v 0.57546800 0.03060000 0.05400550
v 0.57546800 0.03060000 0.05400550
v 0.70354800 0.15977400 0.08047550
v 0.70354800 0.15977400 0.08047550
v 0.70354800 0.15977400 0.08047550
v 0.70354800 0.15977400 0.08047550
v 0.66546400 0.06945300 0.07212250
v 0.66546400 0.06945300 0.07212250
v 0.66546400 0.06945300 0.07212250
v 0.66546400 0.06945300 0.07212250
v 0.37398900 0.03065200 0.25533650
v 0.37398900 0.03065200 0.25533650
v 0.37398900 0.03065200 0.25533650
v 0.40156400 0.15965000 0.38229250
v 0.40156400 0.15965000 0.38229250
v 0.40156400 0.15965000 0.38229250
v 0.40156400 0.15965000 0.38229250
v 0.39241800 0.06938100 0.34500450
v 0.39241800 0.06938100 0.34500450
v 0.39241800 0.06938100 0.34500450
v 0.39241800 0.06938100 0.34500450
v 0.51683300 0.03387900 0.19672250
v 0.51683300 0.03387900 0.19672250
v 0.51683300 0.03387900 0.19672250
v 0.61583400 0.15806300 0.29464450
v 0.61583400 0.15806300 0.29464450
v 0.61583400 0.15806300 0.29464450
v 0.61583400 0.15806300 0.29464450
v 0.58604300 0.06920200 0.26563350
v 0.58604300 0.06920200 0.26563350
v 0.58604300 0.06920200 0.26563350
v 0.58604300 0.06920200 0.26563350
v -0.46977800 0.03060000 -0.05006750
v -0.46977800 0.03060000 -0.05006750
v -0.46977800 0.03060000 -0.05006750
v -0.59785800 0.15977400 -0.07653750
v -0.59785800 0.15977400 -0.07653750
v -0.59785800 0.15977400 -0.07653750
v -0.59785800 0.15977400 -0.07653750
v -0.55977400 0.06945300 -0.06818450
v -0.55977400 0.06945300 -0.06818450
v -0.55977400 0.06945300 -0.06818450
v -0.55977400 0.06945300 -0.06818450
v -0.26829900 0.03065200 -0.25139950
v -0.26829900 0.03065200 -0.25139950
v -0.26829900 0.03065200 -0.25139950
v -0.29587400 0.15965000 -0.37835450
v -0.29587400 0.15965000 -0.37835450
v -0.29587400 0.15965000 -0.37835450
v -0.29587400 0.15965000 -0.37835450
v -0.28672800 0.06938100 -0.34106650
v -0.28672800 0.06938100 -0.34106650
v -0.28672800 0.06938100 -0.34106650
v -0.28672800 0.06938100 -0.34106650
v -0.41114300 0.03387900 -0.19278550
v -0.41114300 0.03387900 -0.19278550
v -0.41114300 0.03387900 -0.19278550
v -0.51014400 0.15806300 -0.29070750
v -0.51014400 0.15806300 -0.29070750
v -0.51014400 0.15806300 -0.29070750
v -0.51014400 0.15806300 -0.29070750
v -0.48035300 0.06920200 -0.26169550
v -0.48035300 0.06920200 -0.26169550
v -0.48035300 0.06920200 -0.26169550
v -0.48035300 0.06920200 -0.26169550
v -0.26829900 0.03065200 0.25533650
v -0.26829900 0.03065200 0.25533650
v -0.26829900 0.03065200 0.25533650
v -0.29587400 0.15965000 0.38229250
v -0.29587400 0.15965000 0.38229250
v -0.29587400 0.15965000 0.38229250
v -0.29587400 0.15965000 0.38229250
v -0.28672800 0.06938100 0.34500450
v -0.28672800 0.06938100 0.34500450
v -0.28672800 0.06938100 0.34500450
v -0.28672800 0.06938100 0.34500450
v -0.46977800 0.03060000 0.05400550
v -0.46977800 0.03060000 0.05400550
v -0.46977800 0.03060000 0.05400550
v -0.59785800 0.15977400 0.08047550
v -0.59785800 0.15977400 0.08047550
v -0.59785800 0.15977400 0.08047550
v -0.59785800 0.15977400 0.08047550
v -0.55977400 0.06945300 0.07212250
v -0.55977400 0.06945300 0.07212250
v -0.55977400 0.06945300 0.07212250
v -0.55977400 0.06945300 0.07212250
v -0.41114300 0.03387900 0.19672250
v -0.41114300 0.03387900 0.19672250
v -0.41114300 0.03387900 0.19672250
v -0.51014400 0.15806300 0.29464450
v -0.51014400 0.15806300 0.29464450
v -0.51014400 0.15806300 0.29464450
v -0.51014400 0.15806300 0.29464450
v -0.48035300 0.06920200 0.26563350
v -0.48035300 0.06920200 0.26563350
v -0.48035300 0.06920200 0.26563350
v -0.48035300 0.06920200 0.26563350
v -0.24809600 1.08621000 -0.16608450
v -0.24809600 1.08621000 -0.16608450
v -0.24809600 1.08621000 -0.16608450
v -0.24809600 1.08621000 -0.16608450
v -0.24809600 1.08621000 -0.16608450
v -0.24809600 1.08621000 -0.16608450
v -0.24809600 1.08621000 -0.16608450
v -0.24809600 1.08621000 -0.16608450
v -0.24809600 1.06811800 -0.18047550
v -0.24809600 1.06811800 -0.18047550
v -0.24809600 1.06811800 -0.18047550
v -0.24809600 1.06811800 -0.18047550
v -0.24809600 1.06811800 -0.18047550
v -0.24809600 1.06811800 -0.18047550
v -0.24809600 1.06811800 -0.18047550
v -0.24809600 1.06811800 -0.18047550
v -0.07911600 1.32921100 -0.23061150
v -0.07911600 1.32921100 -0.23061150
v -0.07911600 1.32921100 -0.23061150
v -0.07911600 1.32921100 -0.23061150
v -0.06384600 1.32469100 -0.25162950
v -0.06384600 1.32469100 -0.25162950
v -0.06384600 1.32469100 -0.25162950
v -0.06384600 1.32469100 -0.25162950
v -0.08723400 1.23047400 -0.21943750
v -0.08723400 1.23047400 -0.21943750
v -0.08723400 1.23047400 -0.21943750
v -0.08723400 1.23047400 -0.21943750
v -0.08723400 1.23047400 -0.21943750
v -0.08723400 1.23047400 -0.21943750
v -0.08723400 1.23047400 -0.21943750
v -0.08723400 1.23047400 -0.21943750
v -0.07426500 1.22377500 -0.23728950
v -0.07426500 1.22377500 -0.23728950
v -0.07426500 1.22377500 -0.23728950
v -0.07426500 1.22377500 -0.23728950
v -0.07426500 1.22377500 -0.23728950
v -0.07426500 1.22377500 -0.23728950
v -0.07426500 1.22377500 -0.23728950
v -0.07426500 1.22377500 -0.23728950
v -0.11155800 1.14986800 -0.18595950
v -0.11155800 1.14986800 -0.18595950
v -0.11155800 1.14986800 -0.18595950
v -0.11155800 1.14986800 -0.18595950
v -0.11155800 1.14986800 -0.18595950
v -0.11155800 1.14986800 -0.18595950
v -0.11155800 1.14986800 -0.18595950
v -0.11155800 1.14986800 -0.18595950
v -0.10030800 1.13695400 -0.20144450
v -0.10030800 1.13695400 -0.20144450
v -0.10030800 1.13695400 -0.20144450
v -0.10030800 1.13695400 -0.20144450
v -0.10030800 1.13695400 -0.20144450
v -0.10030800 1.13695400 -0.20144450
v -0.10030800 1.13695400 -0.20144450
v -0.10030800 1.13695400 -0.20144450
v -0.14931600 1.08621000 -0.13398950
v -0.14931600 1.08621000 -0.13398950
v -0.14931600 1.08621000 -0.13398950
v -0.14931600 1.08621000 -0.13398950
v -0.14931600 1.08621000 -0.13398950
v -0.14931600 1.08621000 -0.13398950
v -0.14931600 1.08621000 -0.13398950
v -0.14931600 1.08621000 -0.13398950
v -0.14085800 1.06811800 -0.14563150
v -0.14085800 1.06811800 -0.14563150
v -0.14085800 1.06811800 -0.14563150
v -0.14085800 1.06811800 -0.14563150
v -0.14085800 1.06811800 -0.14563150
v -0.14085800 1.06811800 -0.14563150
v -0.14085800 1.06811800 -0.14563150
v -0.14085800 1.06811800 -0.14563150
v -0.19646300 1.04579000 -0.06909850
v -0.19646300 1.04579000 -0.06909850
v -0.19646300 1.04579000 -0.06909850
v -0.19646300 1.04579000 -0.06909850
v -0.19646300 1.04579000 -0.06909850
v -0.19646300 1.04579000 -0.06909850
v -0.19248100 1.02357600 -0.07457750
v -0.19248100 1.02357600 -0.07457750
v -0.19248100 1.02357600 -0.07457750
v -0.19248100 1.02357600 -0.07457750
v -0.19248100 1.02357600 -0.07457750
v -0.19248100 1.02357600 -0.07457750
v 0.02531900 1.32921100 -0.08686950
v 0.02531900 1.32921100 -0.08686950
v 0.02531900 1.32921100 -0.08686950
v 0.02531900 1.32921100 -0.08686950
v 0.05002700 1.32469100 -0.09489650
v 0.05002700 1.32469100 -0.09489650
v 0.05002700 1.32469100 -0.09489650
v 0.05002700 1.32469100 -0.09489650
v 0.01218400 1.23047400 -0.08260150
v 0.01218400 1.23047400 -0.08260150
v 0.01218400 1.23047400 -0.08260150
v 0.01218400 1.23047400 -0.08260150
v 0.01218400 1.23047400 -0.08260150
v 0.01218400 1.23047400 -0.08260150
v 0.01218400 1.23047400 -0.08260150
v 0.01218400 1.23047400 -0.08260150
v 0.03316900 1.22377500 -0.08941950
v 0.03316900 1.22377500 -0.08941950
v 0.03316900 1.22377500 -0.08941950
v 0.03316900 1.22377500 -0.08941950
v 0.03316900 1.22377500 -0.08941950
v 0.03316900 1.22377500 -0.08941950
v 0.03316900 1.22377500 -0.08941950
v 0.03316900 1.22377500 -0.08941950
v -0.02717300 1.14986800 -0.06981350
v -0.02717300 1.14986800 -0.06981350
v -0.02717300 1.14986800 -0.06981350
v -0.02717300 1.14986800 -0.06981350
v -0.02717300 1.14986800 -0.06981350
v -0.02717300 1.14986800 -0.06981350
v -0.02717300 1.14986800 -0.06981350
v -0.02717300 1.14986800 -0.06981350
v -0.00897000 1.13695400 -0.07572750
v -0.00897000 1.13695400 -0.07572750
v -0.00897000 1.13695400 -0.07572750
v -0.00897000 1.13695400 -0.07572750
v -0.00897000 1.13695400 -0.07572750
v -0.00897000 1.13695400 -0.07572750
v -0.00897000 1.13695400 -0.07572750
v -0.00897000 1.13695400 -0.07572750
v -0.08826800 1.08621000 -0.04996250
v -0.08826800 1.08621000 -0.04996250
v -0.08826800 1.08621000 -0.04996250
v -0.08826800 1.08621000 -0.04996250
v -0.08826800 1.08621000 -0.04996250
v -0.08826800 1.08621000 -0.04996250
v -0.08826800 1.08621000 -0.04996250
v -0.08826800 1.08621000 -0.04996250
v -0.07458100 1.06811800 -0.05440950
v -0.07458100 1.06811800 -0.05440950
v -0.07458100 1.06811800 -0.05440950
v -0.07458100 1.06811800 -0.05440950
v -0.07458100 1.06811800 -0.05440950
v -0.07458100 1.06811800 -0.05440950
v -0.07458100 1.06811800 -0.05440950
v -0.07458100 1.06811800 -0.05440950
v -0.16455200 1.04579000 -0.02517650
v -0.16455200 1.04579000 -0.02517650
v -0.16455200 1.04579000 -0.02517650
v -0.16455200 1.04579000 -0.02517650
v -0.16455200 1.04579000 -0.02517650
v -0.16455200 1.04579000 -0.02517650
v -0.15811000 1.02357600 -0.02726950
v -0.15811000 1.02357600 -0.02726950
v -0.15811000 1.02357600 -0.02726950
v -0.15811000 1.02357600 -0.02726950
v -0.15811000 1.02357600 -0.02726950
v -0.15811000 1.02357600 -0.02726950
v 0.02531900 1.32921100 0.09080650
v 0.02531900 1.32921100 0.09080650
v 0.02531900 1.32921100 0.09080650
v 0.02531900 1.32921100 0.09080650
v 0.05002700 1.32469100 0.09883450
v 0.05002700 1.32469100 0.09883450
v 0.05002700 1.32469100 0.09883450
v 0.05002700 1.32469100 0.09883450
v 0.01218400 1.23047400 0.08653850
v 0.01218400 1.23047400 0.08653850
v 0.01218400 1.23047400 0.08653850
v 0.01218400 1.23047400 0.08653850
v 0.01218400 1.23047400 0.08653850
v 0.01218400 1.23047400 0.08653850
v 0.01218400 1.23047400 0.08653850
v 0.01218400 1.23047400 0.08653850
v 0.03316900 1.22377500 0.09335750
v 0.03316900 1.22377500 0.09335750
v 0.03316900 1.22377500 0.09335750
v 0.03316900 1.22377500 0.09335750
v 0.03316900 1.22377500 0.09335750
v 0.03316900 1.22377500 0.09335750
v 0.03316900 1.22377500 0.09335750
v 0.03316900 1.22377500 0.09335750
v -0.02717300 1.14986800 0.07375150
v -0.02717300 1.14986800 0.07375150
v -0.02717300 1.14986800 0.07375150
v -0.02717300 1.14986800 0.07375150
v -0.02717300 1.14986800 0.07375150
v -0.02717300 1.14986800 0.07375150
v -0.02717300 1.14986800 0.07375150
v -0.02717300 1.14986800 0.07375150
v -0.00897000 1.13695400 0.07966450
v -0.00897000 1.13695400 0.07966450
v -0.00897000 1.13695400 0.07966450
v -0.00897000 1.13695400 0.07966450
v -0.00897000 1.13695400 0.07966450
v -0.00897000 1.13695400 0.07966450
v -0.00897000 1.13695400 0.07966450
v -0.00897000 1.13695400 0.07966450
v -0.08826800 1.08621000 0.05390050
v -0.08826800 1.08621000 0.05390050
v -0.08826800 1.08621000 0.05390050
v -0.08826800 1.08621000 0.05390050
v -0.08826800 1.08621000 0.05390050
v -0.08826800 1.08621000 0.05390050
v -0.08826800 1.08621000 0.05390050
v -0.08826800 1.08621000 0.05390050
v -0.07458100 1.06811800 0.05834650
v -0.07458100 1.06811800 0.05834650
v -0.07458100 1.06811800 0.05834650
v -0.07458100 1.06811800 0.05834650
v -0.07458100 1.06811800 0.05834650
v -0.07458100 1.06811800 0.05834650
v -0.07458100 1.06811800 0.05834650
v -0.07458100 1.06811800 0.05834650
v -0.16455200 1.04579000 0.02911350
v -0.16455200 1.04579000 0.02911350
v -0.16455200 1.04579000 0.02911350
v -0.16455200 1.04579000 0.02911350
v -0.16455200 1.04579000 0.02911350
v -0.16455200 1.04579000 0.02911350
v -0.15811000 1.02357600 0.03120650
v -0.15811000 1.02357600 0.03120650
v -0.15811000 1.02357600 0.03120650
v -0.15811000 1.02357600 0.03120650
v -0.15811000 1.02357600 0.03120650
v -0.15811000 1.02357600 0.03120650
v -0.07911600 1.32921100 0.23454850
v -0.07911600 1.32921100 0.23454850
v -0.07911600 1.32921100 0.23454850
v -0.07911600 1.32921100 0.23454850
v -0.06384600 1.32469100 0.25556750
v -0.06384600 1.32469100 0.25556750
v -0.06384600 1.32469100 0.25556750
v -0.06384600 1.32469100 0.25556750
v -0.08723400 1.23047400 0.22337550
v -0.08723400 1.23047400 0.22337550
v -0.08723400 1.23047400 0.22337550
v -0.08723400 1.23047400 0.22337550
v -0.08723400 1.23047400 0.22337550
v -0.08723400 1.23047400 0.22337550
v -0.08723400 1.23047400 0.22337550
v -0.08723400 1.23047400 0.22337550
v -0.07426500 1.22377500 0.24122750
v -0.07426500 1.22377500 0.24122750
v -0.07426500 1.22377500 0.24122750
v -0.07426500 1.22377500 0.24122750
v -0.07426500 1.22377500 0.24122750
v -0.07426500 1.22377500 0.24122750
v -0.07426500 1.22377500 0.24122750
v -0.07426500 1.22377500 0.24122750
v -0.11155800 1.14986800 0.18989650
v -0.11155800 1.14986800 0.18989650
v -0.11155800 1.14986800 0.18989650
v -0.11155800 1.14986800 0.18989650
v -0.11155800 1.14986800 0.18989650
v -0.11155800 1.14986800 0.18989650
v -0.11155800 1.14986800 0.18989650
v -0.11155800 1.14986800 0.18989650
v -0.10030800 1.13695400 0.20538150
v -0.10030800 1.13695400 0.20538150
v -0.10030800 1.13695400 0.20538150
v -0.10030800 1.13695400 0.20538150
v -0.10030800 1.13695400 0.20538150
v -0.10030800 1.13695400 0.20538150
v -0.10030800 1.13695400 0.20538150
v -0.10030800 1.13695400 0.20538150
v -0.14931600 1.08621000 0.13792650
v -0.14931600 1.08621000 0.13792650
v -0.14931600 1.08621000 0.13792650
v -0.14931600 1.08621000 0.13792650
v -0.14931600 1.08621000 0.13792650
v -0.14931600 1.08621000 0.13792650
v -0.14931600 1.08621000 0.13792650
v -0.14931600 1.08621000 0.13792650
v -0.14085800 1.06811800 0.14956950
v -0.14085800 1.06811800 0.14956950
v -0.14085800 1.06811800 0.14956950
v -0.14085800 1.06811800 0.14956950
v -0.14085800 1.06811800 0.14956950
v -0.14085800 1.06811800 0.14956950
v -0.14085800 1.06811800 0.14956950
v -0.14085800 1.06811800 0.14956950
v -0.19646300 1.04579000 0.07303550
v -0.19646300 1.04579000 0.07303550
v -0.19646300 1.04579000 0.07303550
v -0.19646300 1.04579000 0.07303550
v -0.19646300 1.04579000 0.07303550
v -0.19646300 1.04579000 0.07303550
v -0.19248100 1.02357600 0.07851450
v -0.19248100 1.02357600 0.07851450
v -0.19248100 1.02357600 0.07851450
v -0.19248100 1.02357600 0.07851450
v -0.19248100 1.02357600 0.07851450
v -0.19248100 1.02357600 0.07851450
v -0.24809600 1.32921200 0.28945350
v -0.24809600 1.32921200 0.28945350
v -0.24809600 1.32921200 0.28945350
v -0.24809600 1.32921200 0.28945350
v -0.24809600 1.32469100 0.31543350
v -0.24809600 1.32469100 0.31543350
v -0.24809600 1.32469100 0.31543350
v -0.24809600 1.32469100 0.31543350
v -0.24809600 1.23047400 0.27564250
v -0.24809600 1.23047400 0.27564250
v -0.24809600 1.23047400 0.27564250
v -0.24809600 1.23047400 0.27564250
v -0.24809600 1.23047400 0.27564250
v -0.24809600 1.23047400 0.27564250
v -0.24809600 1.23047400 0.27564250
v -0.24809600 1.23047400 0.27564250
v -0.24809600 1.22377500 0.29770850
v -0.24809600 1.22377500 0.29770850
v -0.24809600 1.22377500 0.29770850
v -0.24809600 1.22377500 0.29770850
v -0.24809600 1.22377500 0.29770850
v -0.24809600 1.22377500 0.29770850
v -0.24809600 1.22377500 0.29770850
v -0.24809600 1.22377500 0.29770850
v -0.24809600 1.14986800 0.23426050
v -0.24809600 1.14986800 0.23426050
v -0.24809600 1.14986800 0.23426050
v -0.24809600 1.14986800 0.23426050
v -0.24809600 1.14986800 0.23426050
v -0.24809600 1.14986800 0.23426050
v -0.24809600 1.14986800 0.23426050
v -0.24809600 1.14986800 0.23426050
v -0.24809600 1.13695400 0.25340050
v -0.24809600 1.13695400 0.25340050
v -0.24809600 1.13695400 0.25340050
v -0.24809600 1.13695400 0.25340050
v -0.24809600 1.13695400 0.25340050
v -0.24809600 1.13695400 0.25340050
v -0.24809600 1.13695400 0.25340050
v -0.24809600 1.13695400 0.25340050
v -0.24809600 1.08621000 0.17002150
v -0.24809600 1.08621000 0.17002150
v -0.24809600 1.08621000 0.17002150
v -0.24809600 1.08621000 0.17002150
v -0.24809600 1.08621000 0.17002150
v -0.24809600 1.08621000 0.17002150
v -0.24809600 1.08621000 0.17002150
v -0.24809600 1.08621000 0.17002150
v -0.24809600 1.06811800 0.18441250
v -0.24809600 1.06811800 0.18441250
v -0.24809600 1.06811800 0.18441250
v -0.24809600 1.06811800 0.18441250
v -0.24809600 1.06811800 0.18441250
v -0.24809600 1.06811800 0.18441250
v -0.24809600 1.06811800 0.18441250
v -0.24809600 1.06811800 0.18441250
v -0.24809600 1.04579000 0.08981150
v -0.24809600 1.04579000 0.08981150
v -0.24809600 1.04579000 0.08981150
v -0.24809600 1.04579000 0.08981150
v -0.24809600 1.04579000 0.08981150
v -0.24809600 1.04579000 0.08981150
v -0.24809600 1.02357600 0.09658550
v -0.24809600 1.02357600 0.09658550
v -0.24809600 1.02357600 0.09658550
v -0.24809600 1.02357600 0.09658550
v -0.24809600 1.02357600 0.09658550
v -0.24809600 1.02357600 0.09658550
v -0.41707500 1.32921100 0.23454850
v -0.41707500 1.32921100 0.23454850
v -0.41707500 1.32921100 0.23454850
v -0.41707500 1.32921100 0.23454850
v -0.43234600 1.32469100 0.25556750
v -0.43234600 1.32469100 0.25556750
v -0.43234600 1.32469100 0.25556750
v -0.43234600 1.32469100 0.25556750
v -0.40895700 1.23047400 0.22337550
v -0.40895700 1.23047400 0.22337550
v -0.40895700 1.23047400 0.22337550
v -0.40895700 1.23047400 0.22337550
v -0.40895700 1.23047400 0.22337550
v -0.40895700 1.23047400 0.22337550
v -0.40895700 1.23047400 0.22337550
v -0.40895700 1.23047400 0.22337550
v -0.42192700 1.22377500 0.24122750
v -0.42192700 1.22377500 0.24122750
v -0.42192700 1.22377500 0.24122750
v -0.42192700 1.22377500 0.24122750
v -0.42192700 1.22377500 0.24122750
v -0.42192700 1.22377500 0.24122750
v -0.42192700 1.22377500 0.24122750
v -0.42192700 1.22377500 0.24122750
v -0.38463400 1.14986800 0.18989650
v -0.38463400 1.14986800 0.18989650
v -0.38463400 1.14986800 0.18989650
v -0.38463400 1.14986800 0.18989650
v -0.38463400 1.14986800 0.18989650
v -0.38463400 1.14986800 0.18989650
v -0.38463400 1.14986800 0.18989650
v -0.38463400 1.14986800 0.18989650
v -0.39588300 1.13695400 0.20538150
v -0.39588300 1.13695400 0.20538150
v -0.39588300 1.13695400 0.20538150
v -0.39588300 1.13695400 0.20538150
v -0.39588300 1.13695400 0.20538150
v -0.39588300 1.13695400 0.20538150
v -0.39588300 1.13695400 0.20538150
v -0.39588300 1.13695400 0.20538150
v -0.34687500 1.08621000 0.13792650
v -0.34687500 1.08621000 0.13792650
v -0.34687500 1.08621000 0.13792650
v -0.34687500 1.08621000 0.13792650
v -0.34687500 1.08621000 0.13792650
v -0.34687500 1.08621000 0.13792650
v -0.34687500 1.08621000 0.13792650
v -0.34687500 1.08621000 0.13792650
v -0.35533300 1.06811800 0.14956950
v -0.35533300 1.06811800 0.14956950
v -0.35533300 1.06811800 0.14956950
v -0.35533300 1.06811800 0.14956950
v -0.35533300 1.06811800 0.14956950
v -0.35533300 1.06811800 0.14956950
v -0.35533300 1.06811800 0.14956950
v -0.35533300 1.06811800 0.14956950
v -0.29972800 1.04579000 0.07303550
v -0.29972800 1.04579000 0.07303550
v -0.29972800 1.04579000 0.07303550
v -0.29972800 1.04579000 0.07303550
v -0.29972800 1.04579000 0.07303550
v -0.29972800 1.04579000 0.07303550
v -0.30371000 1.02357600 0.07851450
v -0.30371000 1.02357600 0.07851450
v -0.30371000 1.02357600 0.07851450
v -0.30371000 1.02357600 0.07851450
v -0.30371000 1.02357600 0.07851450
v -0.30371000 1.02357600 0.07851450
v -0.52151000 1.32921100 0.09080750
v -0.52151000 1.32921100 0.09080750
v -0.52151000 1.32921100 0.09080750
v -0.52151000 1.32921100 0.09080750
v -0.54621900 1.32469100 0.09883450
v -0.54621900 1.32469100 0.09883450
v -0.54621900 1.32469100 0.09883450
v -0.54621900 1.32469100 0.09883450
v -0.50837500 1.23047400 0.08653850
v -0.50837500 1.23047400 0.08653850
v -0.50837500 1.23047400 0.08653850
v -0.50837500 1.23047400 0.08653850
v -0.50837500 1.23047400 0.08653850
v -0.50837500 1.23047400 0.08653850
v -0.50837500 1.23047400 0.08653850
v -0.50837500 1.23047400 0.08653850
v -0.52936100 1.22377500 0.09335750
v -0.52936100 1.22377500 0.09335750
v -0.52936100 1.22377500 0.09335750
v -0.52936100 1.22377500 0.09335750
v -0.52936100 1.22377500 0.09335750
v -0.52936100 1.22377500 0.09335750
v -0.52936100 1.22377500 0.09335750
v -0.52936100 1.22377500 0.09335750
v -0.46901900 1.14986800 0.07375150
v -0.46901900 1.14986800 0.07375150
v -0.46901900 1.14986800 0.07375150
v -0.46901900 1.14986800 0.07375150
v -0.46901900 1.14986800 0.07375150
v -0.46901900 1.14986800 0.07375150
v -0.46901900 1.14986800 0.07375150
v -0.46901900 1.14986800 0.07375150
v -0.48722100 1.13695400 0.07966450
v -0.48722100 1.13695400 0.07966450
v -0.48722100 1.13695400 0.07966450
v -0.48722100 1.13695400 0.07966450
v -0.48722100 1.13695400 0.07966450
v -0.48722100 1.13695400 0.07966450
v -0.48722100 1.13695400 0.07966450
v -0.48722100 1.13695400 0.07966450
v -0.40792400 1.08621000 0.05390050
v -0.40792400 1.08621000 0.05390050
v -0.40792400 1.08621000 0.05390050
v -0.40792400 1.08621000 0.05390050
v -0.40792400 1.08621000 0.05390050
v -0.40792400 1.08621000 0.05390050
v -0.40792400 1.08621000 0.05390050
v -0.40792400 1.08621000 0.05390050
v -0.42161000 1.06811800 0.05834650
v -0.42161000 1.06811800 0.05834650
v -0.42161000 1.06811800 0.05834650
v -0.42161000 1.06811800 0.05834650
v -0.42161000 1.06811800 0.05834650
v -0.42161000 1.06811800 0.05834650
v -0.42161000 1.06811800 0.05834650
v -0.42161000 1.06811800 0.05834650
v -0.33163900 1.04579000 0.02911350
v -0.33163900 1.04579000 0.02911350
v -0.33163900 1.04579000 0.02911350
v -0.33163900 1.04579000 0.02911350
v -0.33163900 1.04579000 0.02911350
v -0.33163900 1.04579000 0.02911350
v -0.33808200 1.02357600 0.03120650
v -0.33808200 1.02357600 0.03120650
v -0.33808200 1.02357600 0.03120650
v -0.33808200 1.02357600 0.03120650
v -0.33808200 1.02357600 0.03120650
v -0.33808200 1.02357600 0.03120650
v -0.52151000 1.32921200 -0.08686950
v -0.52151000 1.32921200 -0.08686950
v -0.52151000 1.32921200 -0.08686950
v -0.52151000 1.32921200 -0.08686950
v -0.54621900 1.32469100 -0.09489650
v -0.54621900 1.32469100 -0.09489650
v -0.54621900 1.32469100 -0.09489650
v -0.54621900 1.32469100 -0.09489650
v -0.50837500 1.23047400 -0.08260150
v -0.50837500 1.23047400 -0.08260150
v -0.50837500 1.23047400 -0.08260150
v -0.50837500 1.23047400 -0.08260150
v -0.50837500 1.23047400 -0.08260150
v -0.50837500 1.23047400 -0.08260150
v -0.50837500 1.23047400 -0.08260150
v -0.50837500 1.23047400 -0.08260150
v -0.52936100 1.22377500 -0.08941950
v -0.52936100 1.22377500 -0.08941950
v -0.52936100 1.22377500 -0.08941950
v -0.52936100 1.22377500 -0.08941950
v -0.52936100 1.22377500 -0.08941950
v -0.52936100 1.22377500 -0.08941950
v -0.52936100 1.22377500 -0.08941950
v -0.52936100 1.22377500 -0.08941950
v -0.46901900 1.14986800 -0.06981350
v -0.46901900 1.14986800 -0.06981350
v -0.46901900 1.14986800 -0.06981350
v -0.46901900 1.14986800 -0.06981350
v -0.46901900 1.14986800 -0.06981350
v -0.46901900 1.14986800 -0.06981350
v -0.46901900 1.14986800 -0.06981350
v -0.46901900 1.14986800 -0.06981350
v -0.48722100 1.13695400 -0.07572750
v -0.48722100 1.13695400 -0.07572750
v -0.48722100 1.13695400 -0.07572750
v -0.48722100 1.13695400 -0.07572750
v -0.48722100 1.13695400 -0.07572750
v -0.48722100 1.13695400 -0.07572750
v -0.48722100 1.13695400 -0.07572750
v -0.48722100 1.13695400 -0.07572750
v -0.40792400 1.08621000 -0.04996250
v -0.40792400 1.08621000 -0.04996250
v -0.40792400 1.08621000 -0.04996250
v -0.40792400 1.08621000 -0.04996250
v -0.40792400 1.08621000 -0.04996250
v -0.40792400 1.08621000 -0.04996250
v -0.40792400 1.08621000 -0.04996250
v -0.40792400 1.08621000 -0.04996250
v -0.42161000 1.06811800 -0.05440950
v -0.42161000 1.06811800 -0.05440950
v -0.42161000 1.06811800 -0.05440950
v -0.42161000 1.06811800 -0.05440950
v -0.42161000 1.06811800 -0.05440950
v -0.42161000 1.06811800 -0.05440950
v -0.42161000 1.06811800 -0.05440950
v -0.42161000 1.06811800 -0.05440950
v -0.33163900 1.04579000 -0.02517650
v -0.33163900 1.04579000 -0.02517650
v -0.33163900 1.04579000 -0.02517650
v -0.33163900 1.04579000 -0.02517650
v -0.33163900 1.04579000 -0.02517650
v -0.33163900 1.04579000 -0.02517650
v -0.33808200 1.02357600 -0.02726950
v -0.33808200 1.02357600 -0.02726950
v -0.33808200 1.02357600 -0.02726950
v -0.33808200 1.02357600 -0.02726950
v -0.33808200 1.02357600 -0.02726950
v -0.33808200 1.02357600 -0.02726950
v -0.41707500 1.32921100 -0.23061150
v -0.41707500 1.32921100 -0.23061150
v -0.41707500 1.32921100 -0.23061150
v -0.41707500 1.32921100 -0.23061150
v -0.43234600 1.32469100 -0.25162950
v -0.43234600 1.32469100 -0.25162950
v -0.43234600 1.32469100 -0.25162950
v -0.43234600 1.32469100 -0.25162950
v -0.40895800 1.23047400 -0.21943750
v -0.40895800 1.23047400 -0.21943750
v -0.40895800 1.23047400 -0.21943750
v -0.40895800 1.23047400 -0.21943750
v -0.40895800 1.23047400 -0.21943750
v -0.40895800 1.23047400 -0.21943750
v -0.40895800 1.23047400 -0.21943750
v -0.40895800 1.23047400 -0.21943750
v -0.42192700 1.22377500 -0.23728950
v -0.42192700 1.22377500 -0.23728950
v -0.42192700 1.22377500 -0.23728950
v -0.42192700 1.22377500 -0.23728950
v -0.42192700 1.22377500 -0.23728950
v -0.42192700 1.22377500 -0.23728950
v -0.42192700 1.22377500 -0.23728950
v -0.42192700 1.22377500 -0.23728950
v -0.38463400 1.14986800 -0.18595950
v -0.38463400 1.14986800 -0.18595950
v -0.38463400 1.14986800 -0.18595950
v -0.38463400 1.14986800 -0.18595950
v -0.38463400 1.14986800 -0.18595950
v -0.38463400 1.14986800 -0.18595950
v -0.38463400 1.14986800 -0.18595950
v -0.38463400 1.14986800 -0.18595950
v -0.39588300 1.13695400 -0.20144450
v -0.39588300 1.13695400 -0.20144450
v -0.39588300 1.13695400 -0.20144450
v -0.39588300 1.13695400 -0.20144450
v -0.39588300 1.13695400 -0.20144450
v -0.39588300 1.13695400 -0.20144450
v -0.39588300 1.13695400 -0.20144450
v -0.39588300 1.13695400 -0.20144450
v -0.34687500 1.08621000 -0.13398950
v -0.34687500 1.08621000 -0.13398950
v -0.34687500 1.08621000 -0.13398950
v -0.34687500 1.08621000 -0.13398950
v -0.34687500 1.08621000 -0.13398950
v -0.34687500 1.08621000 -0.13398950
v -0.34687500 1.08621000 -0.13398950
v -0.34687500 1.08621000 -0.13398950
v -0.35533300 1.06811800 -0.14563150
v -0.35533300 1.06811800 -0.14563150
v -0.35533300 1.06811800 -0.14563150
v -0.35533300 1.06811800 -0.14563150
v -0.35533300 1.06811800 -0.14563150
v -0.35533300 1.06811800 -0.14563150
v -0.35533300 1.06811800 -0.14563150
v -0.35533300 1.06811800 -0.14563150
v -0.29972800 1.04579000 -0.06909850
v -0.29972800 1.04579000 -0.06909850
v -0.29972800 1.04579000 -0.06909850
v -0.29972800 1.04579000 -0.06909850
v -0.29972800 1.04579000 -0.06909850
v -0.29972800 1.04579000 -0.06909850
v -0.30371000 1.02357600 -0.07457750
v -0.30371000 1.02357600 -0.07457750
v -0.30371000 1.02357600 -0.07457750
v -0.30371000 1.02357600 -0.07457750
v -0.30371000 1.02357600 -0.07457750
v -0.30371000 1.02357600 -0.07457750
v -0.24809600 1.32921200 -0.28551650
v -0.24809600 1.32921200 -0.28551650
v -0.24809600 1.32921200 -0.28551650
v -0.24809600 1.32921200 -0.28551650
v -0.24809600 1.32469100 -0.31149650
v -0.24809600 1.32469100 -0.31149650
v -0.24809600 1.32469100 -0.31149650
v -0.24809600 1.32469100 -0.31149650
v -0.24809600 1.23047400 -0.27170450
v -0.24809600 1.23047400 -0.27170450
v -0.24809600 1.23047400 -0.27170450
v -0.24809600 1.23047400 -0.27170450
v -0.24809600 1.23047400 -0.27170450
v -0.24809600 1.23047400 -0.27170450
v -0.24809600 1.23047400 -0.27170450
v -0.24809600 1.23047400 -0.27170450
v -0.24809600 1.22377500 -0.29377150
v -0.24809600 1.22377500 -0.29377150
v -0.24809600 1.22377500 -0.29377150
v -0.24809600 1.22377500 -0.29377150
v -0.24809600 1.22377500 -0.29377150
v -0.24809600 1.22377500 -0.29377150
v -0.24809600 1.22377500 -0.29377150
v -0.24809600 1.22377500 -0.29377150
v -0.24809600 1.14986800 -0.23032350
v -0.24809600 1.14986800 -0.23032350
v -0.24809600 1.14986800 -0.23032350
v -0.24809600 1.14986800 -0.23032350
v -0.24809600 1.14986800 -0.23032350
v -0.24809600 1.14986800 -0.23032350
v -0.24809600 1.14986800 -0.23032350
v -0.24809600 1.14986800 -0.23032350
v -0.24809600 1.13695400 -0.24946250
v -0.24809600 1.13695400 -0.24946250
v -0.24809600 1.13695400 -0.24946250
v -0.24809600 1.13695400 -0.24946250
v -0.24809600 1.13695400 -0.24946250
v -0.24809600 1.13695400 -0.24946250
v -0.24809600 1.13695400 -0.24946250
v -0.24809600 1.13695400 -0.24946250
v -0.24809600 1.04579000 -0.08587450
v -0.24809600 1.04579000 -0.08587450
v -0.24809600 1.04579000 -0.08587450
v -0.24809600 1.04579000 -0.08587450
v -0.24809600 1.04579000 -0.08587450
v -0.24809600 1.04579000 -0.08587450
v -0.24809600 1.02357600 -0.09264850
v -0.24809600 1.02357600 -0.09264850
v -0.24809600 1.02357600 -0.09264850
v -0.24809600 1.02357600 -0.09264850
v -0.24809600 1.02357600 -0.09264850
v -0.24809600 1.02357600 -0.09264850
v -0.21636300 1.03460100 -0.06802650
v -0.21636300 1.03460100 -0.06802650
v -0.23262600 1.03460100 -0.07331050
v -0.23262600 1.03460100 -0.07331050
v -0.23400900 1.15925800 -0.24021650
v -0.23400900 1.15925800 -0.24021650
v -0.23400900 1.15925800 -0.24021650
v -0.23400900 1.15925800 -0.24021650
v -0.23261800 1.21328500 -0.26720350
v -0.23261800 1.21328500 -0.26720350
v -0.23261800 1.21328500 -0.26720350
v -0.23261800 1.21328500 -0.26720350
v -0.10240200 1.21328400 -0.22489450
v -0.10240200 1.21328400 -0.22489450
v -0.10240200 1.21328400 -0.22489450
v -0.10240200 1.21328400 -0.22489450
v -0.11713900 1.15925800 -0.20224250
v -0.11713900 1.15925800 -0.20224250
v -0.11713900 1.15925800 -0.20224250
v -0.11713900 1.15925800 -0.20224250
v -0.23393700 1.09034000 -0.17857350
v -0.23393700 1.09034000 -0.17857350
v -0.23393700 1.09034000 -0.17857350
v -0.23393700 1.09034000 -0.17857350
v -0.23170000 1.13304300 -0.22027250
v -0.23170000 1.13304300 -0.22027250
v -0.23170000 1.13304300 -0.22027250
v -0.23170000 1.13304300 -0.22027250
v -0.13073000 1.13304300 -0.18746550
v -0.13073000 1.13304300 -0.18746550
v -0.13073000 1.13304300 -0.18746550
v -0.13073000 1.13304300 -0.18746550
v -0.15343000 1.09034000 -0.15241550
v -0.15343000 1.09034000 -0.15241550
v -0.15343000 1.09034000 -0.15241550
v -0.15343000 1.09034000 -0.15241550
v -0.23374800 1.04374500 -0.09866950
v -0.23374800 1.04374500 -0.09866950
v -0.23374800 1.04374500 -0.09866950
v -0.23374800 1.04374500 -0.09866950
v -0.23082100 1.07123400 -0.15081950
v -0.23082100 1.07123400 -0.15081950
v -0.23082100 1.07123400 -0.15081950
v -0.23082100 1.07123400 -0.15081950
v -0.17226500 1.07123400 -0.13179350
v -0.17226500 1.07123400 -0.13179350
v -0.17226500 1.07123400 -0.13179350
v -0.17226500 1.07123400 -0.13179350
v -0.20054900 1.04374500 -0.08788250
v -0.20054900 1.04374500 -0.08788250
v -0.20054900 1.04374500 -0.08788250
v -0.20054900 1.04374500 -0.08788250
v -0.23387000 1.24392800 -0.27758950
v -0.23387000 1.24392800 -0.27758950
v -0.23387000 1.24392800 -0.27758950
v -0.23387000 1.24392800 -0.27758950
v -0.23316800 1.30394900 -0.28794550
v -0.23316800 1.30394900 -0.28794550
v -0.23316800 1.30394900 -0.28794550
v -0.23316800 1.30394900 -0.28794550
v -0.08976500 1.30394900 -0.24135050
v -0.08976500 1.30394900 -0.24135050
v -0.08976500 1.30394900 -0.24135050
v -0.08976500 1.30394900 -0.24135050
v -0.09528500 1.24392800 -0.23256050
v -0.09528500 1.24392800 -0.23256050
v -0.09528500 1.24392800 -0.23256050
v -0.09528500 1.24392800 -0.23256050
v -0.18128100 1.03460100 -0.03600650
v -0.18128100 1.03460100 -0.03600650
v -0.19133200 1.03460100 -0.04984050
v -0.19133200 1.03460100 -0.04984050
v -0.09434700 1.15925800 -0.18568350
v -0.09434700 1.15925800 -0.18568350
v -0.09434700 1.15925800 -0.18568350
v -0.09434700 1.15925800 -0.18568350
v -0.07735800 1.21328400 -0.20669850
v -0.07735800 1.21328400 -0.20669850
v -0.07735800 1.21328400 -0.20669850
v -0.07735800 1.21328400 -0.20669850
v 0.00311900 1.21328500 -0.09593050
v 0.00311900 1.21328500 -0.09593050
v 0.00311900 1.21328500 -0.09593050
v 0.00311900 1.21328500 -0.09593050
v -0.02211700 1.15925800 -0.08626750
v -0.02211700 1.15925800 -0.08626750
v -0.02211700 1.15925800 -0.08626750
v -0.02211700 1.15925800 -0.08626750
v -0.13052100 1.09034000 -0.13577050
v -0.13052100 1.09034000 -0.13577050
v -0.13052100 1.09034000 -0.13577050
v -0.13052100 1.09034000 -0.13577050
v -0.10420100 1.13304300 -0.16819150
v -0.10420100 1.13304300 -0.16819150
v -0.10420100 1.13304300 -0.16819150
v -0.10420100 1.13304300 -0.16819150
v -0.04179800 1.13304300 -0.08230050
v -0.04179800 1.13304300 -0.08230050
v -0.04179800 1.13304300 -0.08230050
v -0.04179800 1.13304300 -0.08230050
v -0.08076500 1.09034000 -0.06728750
v -0.08076500 1.09034000 -0.06728750
v -0.08076500 1.09034000 -0.06728750
v -0.08076500 1.09034000 -0.06728750
v -0.17733500 1.04374500 -0.07101650
v -0.17733500 1.04374500 -0.07101650
v -0.17733500 1.04374500 -0.07101650
v -0.17733500 1.04374500 -0.07101650
v -0.14431300 1.07123400 -0.11148550
v -0.14431300 1.07123400 -0.11148550
v -0.14431300 1.07123400 -0.11148550
v -0.14431300 1.07123400 -0.11148550
v -0.10812300 1.07123400 -0.06167450
v -0.10812300 1.07123400 -0.06167450
v -0.10812300 1.07123400 -0.06167450
v -0.10812300 1.07123400 -0.06167450
v -0.15681600 1.04374500 -0.04277550
v -0.15681600 1.04374500 -0.04277550
v -0.15681600 1.04374500 -0.04277550
v -0.15681600 1.04374500 -0.04277550
v -0.07226700 1.24392800 -0.21583650
v -0.07226700 1.24392800 -0.21583650
v -0.07226700 1.24392800 -0.21583650
v -0.07226700 1.24392800 -0.21583650
v -0.06561200 1.30394900 -0.22380250
v -0.06561200 1.30394900 -0.22380250
v -0.06561200 1.30394900 -0.22380250
v -0.06561200 1.30394900 -0.22380250
v 0.02301600 1.30394900 -0.10181650
v 0.02301600 1.30394900 -0.10181650
v 0.02301600 1.30394900 -0.10181650
v 0.02301600 1.30394900 -0.10181650
v 0.01338400 1.24392800 -0.09794850
v 0.01338400 1.24392800 -0.09794850
v 0.01338400 1.24392800 -0.09794850
v 0.01338400 1.24392800 -0.09794850
v 0.02217600 1.24392800 -0.07088950
v 0.02217600 1.24392800 -0.07088950
v 0.02217600 1.24392800 -0.07088950
v 0.02217600 1.24392800 -0.07088950
v 0.03224200 1.30394900 -0.07342250
v 0.03224200 1.30394900 -0.07342250
v 0.03224200 1.30394900 -0.07342250
v 0.03224200 1.30394900 -0.07342250
v 0.03224200 1.30394900 0.07736050
v 0.03224200 1.30394900 0.07736050
v 0.03224200 1.30394900 0.07736050
v 0.03224200 1.30394900 0.07736050
v 0.02217600 1.24392800 0.07482750
v 0.02217600 1.24392800 0.07482750
v 0.02217600 1.24392800 0.07482750
v 0.02217600 1.24392800 0.07482750
v -0.17172000 1.03460100 0.01051850
v -0.17172000 1.03460100 0.01051850
v -0.17172000 1.03460100 -0.00658150
v -0.17172000 1.03460100 -0.00658150
v -0.01341100 1.15925800 -0.05947350
v -0.01341100 1.15925800 -0.05947350
v -0.01341100 1.15925800 -0.05947350
v -0.01341100 1.15925800 -0.05947350
v 0.01268500 1.21328400 -0.06648950
v 0.01268500 1.21328400 -0.06648950
v 0.01268500 1.21328400 -0.06648950
v 0.01268500 1.21328400 -0.06648950
v 0.01268500 1.21328400 0.07042650
v 0.01268500 1.21328400 0.07042650
v 0.01268500 1.21328400 0.07042650
v 0.01268500 1.21328400 0.07042650
v -0.01341100 1.15925800 0.06341050
v -0.01341100 1.15925800 0.06341050
v -0.01341100 1.15925800 0.06341050
v -0.01341100 1.15925800 0.06341050
v -0.07201500 1.09034000 -0.04035650
v -0.07201500 1.09034000 -0.04035650
v -0.07201500 1.09034000 -0.04035650
v -0.07201500 1.09034000 -0.04035650
v -0.03166500 1.13304300 -0.05111450
v -0.03166500 1.13304300 -0.05111450
v -0.03166500 1.13304300 -0.05111450
v -0.03166500 1.13304300 -0.05111450
v -0.03166500 1.13304300 0.05505150
v -0.03166500 1.13304300 0.05505150
v -0.03166500 1.13304300 0.05505150
v -0.03166500 1.13304300 0.05505150
v -0.07201500 1.09034000 0.04429350
v -0.07201500 1.09034000 0.04429350
v -0.07201500 1.09034000 0.04429350
v -0.07201500 1.09034000 0.04429350
v -0.14794900 1.04374500 -0.01548550
v -0.14794900 1.04374500 -0.01548550
v -0.14794900 1.04374500 -0.01548550
v -0.14794900 1.04374500 -0.01548550
v -0.09744700 1.07123400 -0.02881650
v -0.09744700 1.07123400 -0.02881650
v -0.09744700 1.07123400 -0.02881650
v -0.09744700 1.07123400 -0.02881650
v -0.09744700 1.07123400 0.03275350
v -0.09744700 1.07123400 0.03275350
v -0.09744700 1.07123400 0.03275350
v -0.09744700 1.07123400 0.03275350
v -0.14794900 1.04374500 0.01942250
v -0.14794900 1.04374500 0.01942250
v -0.14794900 1.04374500 0.01942250
v -0.14794900 1.04374500 0.01942250
v -0.15681600 1.04374500 0.04671250
v -0.15681600 1.04374500 0.04671250
v -0.15681600 1.04374500 0.04671250
v -0.15681600 1.04374500 0.04671250
v -0.10812300 1.07123400 0.06561250
v -0.10812300 1.07123400 0.06561250
v -0.10812300 1.07123400 0.06561250
v -0.10812300 1.07123400 0.06561250
v -0.14431300 1.07123400 0.11542350
v -0.14431300 1.07123400 0.11542350
v -0.14431300 1.07123400 0.11542350
v -0.14431300 1.07123400 0.11542350
v -0.17733500 1.04374500 0.07495350
v -0.17733500 1.04374500 0.07495350
v -0.17733500 1.04374500 0.07495350
v -0.17733500 1.04374500 0.07495350
v 0.01338400 1.24392800 0.10188650
v 0.01338400 1.24392800 0.10188650
v 0.01338400 1.24392800 0.10188650
v 0.01338400 1.24392800 0.10188650
v 0.02301600 1.30394900 0.10575350
v 0.02301600 1.30394900 0.10575350
v 0.02301600 1.30394900 0.10575350
v 0.02301600 1.30394900 0.10575350
v -0.06561200 1.30394900 0.22773950
v -0.06561200 1.30394900 0.22773950
v -0.06561200 1.30394900 0.22773950
v -0.06561200 1.30394900 0.22773950
v -0.07226700 1.24392800 0.21977350
v -0.07226700 1.24392800 0.21977350
v -0.07226700 1.24392800 0.21977350
v -0.07226700 1.24392800 0.21977350
v -0.19133200 1.03460100 0.05377850
v -0.19133200 1.03460100 0.05377850
v -0.18128100 1.03460100 0.03994450
v -0.18128100 1.03460100 0.03994450
v -0.02211700 1.15925800 0.09020450
v -0.02211700 1.15925800 0.09020450
v -0.02211700 1.15925800 0.09020450
v -0.02211700 1.15925800 0.09020450
v 0.00311900 1.21328500 0.09986850
v 0.00311900 1.21328500 0.09986850
v 0.00311900 1.21328500 0.09986850
v 0.00311900 1.21328500 0.09986850
v -0.07735800 1.21328400 0.21063550
v -0.07735800 1.21328400 0.21063550
v -0.07735800 1.21328400 0.21063550
v -0.07735800 1.21328400 0.21063550
v -0.09434700 1.15925800 0.18962050
v -0.09434700 1.15925800 0.18962050
v -0.09434700 1.15925800 0.18962050
v -0.09434700 1.15925800 0.18962050
v -0.08076500 1.09034000 0.07122450
v -0.08076500 1.09034000 0.07122450
v -0.08076500 1.09034000 0.07122450
v -0.08076500 1.09034000 0.07122450
v -0.04179800 1.13304300 0.08623850
v -0.04179800 1.13304300 0.08623850
v -0.04179800 1.13304300 0.08623850
v -0.04179800 1.13304300 0.08623850
v -0.10420100 1.13304300 0.17212850
v -0.10420100 1.13304300 0.17212850
v -0.10420100 1.13304300 0.17212850
v -0.10420100 1.13304300 0.17212850
v -0.13052100 1.09034000 0.13970850
v -0.13052100 1.09034000 0.13970850
v -0.13052100 1.09034000 0.13970850
v -0.13052100 1.09034000 0.13970850
v -0.15343000 1.09034000 0.15635250
v -0.15343000 1.09034000 0.15635250
v -0.15343000 1.09034000 0.15635250
v -0.15343000 1.09034000 0.15635250
v -0.13073000 1.13304300 0.19140250
v -0.13073000 1.13304300 0.19140250
v -0.13073000 1.13304300 0.19140250
v -0.13073000 1.13304300 0.19140250
v -0.23170000 1.13304300 0.22421050
v -0.23170000 1.13304300 0.22421050
v -0.23170000 1.13304300 0.22421050
v -0.23170000 1.13304300 0.22421050
v -0.23393700 1.09034000 0.18251050
v -0.23393700 1.09034000 0.18251050
v -0.23393700 1.09034000 0.18251050
v -0.23393700 1.09034000 0.18251050
v -0.20054900 1.04374500 0.09182050
v -0.20054900 1.04374500 0.09182050
v -0.20054900 1.04374500 0.09182050
v -0.20054900 1.04374500 0.09182050
v -0.17226500 1.07123400 0.13573150
v -0.17226500 1.07123400 0.13573150
v -0.17226500 1.07123400 0.13573150
v -0.17226500 1.07123400 0.13573150
v -0.23082100 1.07123400 0.15475750
v -0.23082100 1.07123400 0.15475750
v -0.23082100 1.07123400 0.15475750
v -0.23082100 1.07123400 0.15475750
v -0.23374800 1.04374500 0.10260750
v -0.23374800 1.04374500 0.10260750
v -0.23374800 1.04374500 0.10260750
v -0.23374800 1.04374500 0.10260750
v -0.09528500 1.24392800 0.23649750
v -0.09528500 1.24392800 0.23649750
v -0.09528500 1.24392800 0.23649750
v -0.09528500 1.24392800 0.23649750
v -0.08976500 1.30394900 0.24528850
v -0.08976500 1.30394900 0.24528850
v -0.08976500 1.30394900 0.24528850
v -0.08976500 1.30394900 0.24528850
v -0.23316800 1.30394900 0.29188250
v -0.23316800 1.30394900 0.29188250
v -0.23316800 1.30394900 0.29188250
v -0.23316800 1.30394900 0.29188250
v -0.23387000 1.24392800 0.28152650
v -0.23387000 1.24392800 0.28152650
v -0.23387000 1.24392800 0.28152650
v -0.23387000 1.24392800 0.28152650
v -0.23262600 1.03460100 0.07724850
v -0.23262600 1.03460100 0.07724850
v -0.21636300 1.03460100 0.07196450
v -0.21636300 1.03460100 0.07196450
v -0.11713900 1.15925800 0.20618050
v -0.11713900 1.15925800 0.20618050
v -0.11713900 1.15925800 0.20618050
v -0.11713900 1.15925800 0.20618050
v -0.10240200 1.21328400 0.22883150
v -0.10240200 1.21328400 0.22883150
v -0.10240200 1.21328400 0.22883150
v -0.10240200 1.21328400 0.22883150
v -0.23261700 1.21328500 0.27114050
v -0.23261700 1.21328500 0.27114050
v -0.23261700 1.21328500 0.27114050
v -0.23261700 1.21328500 0.27114050
v -0.23400900 1.15925800 0.24415350
v -0.23400900 1.15925800 0.24415350
v -0.23400900 1.15925800 0.24415350
v -0.23400900 1.15925800 0.24415350
v -0.26225400 1.09034000 0.18251050
v -0.26225400 1.09034000 0.18251050
v -0.26225400 1.09034000 0.18251050
v -0.26225400 1.09034000 0.18251050
v -0.26449100 1.13304300 0.22421050
v -0.26449100 1.13304300 0.22421050
v -0.26449100 1.13304300 0.22421050
v -0.26449100 1.13304300 0.22421050
v -0.36546200 1.13304300 0.19140250
v -0.36546200 1.13304300 0.19140250
v -0.36546200 1.13304300 0.19140250
v -0.36546200 1.13304300 0.19140250
v -0.34276100 1.09034000 0.15635250
v -0.34276100 1.09034000 0.15635250
v -0.34276100 1.09034000 0.15635250
v -0.34276100 1.09034000 0.15635250
v -0.26244300 1.04374500 0.10260750
v -0.26244300 1.04374500 0.10260750
v -0.26244300 1.04374500 0.10260750
v -0.26244300 1.04374500 0.10260750
v -0.26537100 1.07123400 0.15475750
v -0.26537100 1.07123400 0.15475750
v -0.26537100 1.07123400 0.15475750
v -0.26537100 1.07123400 0.15475750
v -0.32392700 1.07123400 0.13573150
v -0.32392700 1.07123400 0.13573150
v -0.32392700 1.07123400 0.13573150
v -0.32392700 1.07123400 0.13573150
v -0.29564200 1.04374500 0.09182050
v -0.29564200 1.04374500 0.09182050
v -0.29564200 1.04374500 0.09182050
v -0.29564200 1.04374500 0.09182050
v -0.26232100 1.24392800 0.28152650
v -0.26232100 1.24392800 0.28152650
v -0.26232100 1.24392800 0.28152650
v -0.26232100 1.24392800 0.28152650
v -0.26302300 1.30394900 0.29188250
v -0.26302300 1.30394900 0.29188250
v -0.26302300 1.30394900 0.29188250
v -0.26302300 1.30394900 0.29188250
v -0.40642600 1.30394900 0.24528850
v -0.40642600 1.30394900 0.24528850
v -0.40642600 1.30394900 0.24528850
v -0.40642600 1.30394900 0.24528850
v -0.40090700 1.24392800 0.23649750
v -0.40090700 1.24392800 0.23649750
v -0.40090700 1.24392800 0.23649750
v -0.40090700 1.24392800 0.23649750
v -0.27982800 1.03460100 0.07196450
v -0.27982800 1.03460100 0.07196450
v -0.26356600 1.03460100 0.07724850
v -0.26356600 1.03460100 0.07724850
v -0.26218200 1.15925800 0.24415350
v -0.26218200 1.15925800 0.24415350
v -0.26218200 1.15925800 0.24415350
v -0.26218200 1.15925800 0.24415350
v -0.26357400 1.21328500 0.27114050
v -0.26357400 1.21328500 0.27114050
v -0.26357400 1.21328500 0.27114050
v -0.26357400 1.21328500 0.27114050
v -0.39378900 1.21328400 0.22883150
v -0.39378900 1.21328400 0.22883150
v -0.39378900 1.21328400 0.22883150
v -0.39378900 1.21328400 0.22883150
v -0.37905200 1.15925800 0.20618050
v -0.37905200 1.15925800 0.20618050
v -0.37905200 1.15925800 0.20618050
v -0.37905200 1.15925800 0.20618050
v -0.40184500 1.15925800 0.18962050
v -0.40184500 1.15925800 0.18962050
v -0.40184500 1.15925800 0.18962050
v -0.40184500 1.15925800 0.18962050
v -0.41883300 1.21328500 0.21063550
v -0.41883300 1.21328500 0.21063550
v -0.41883300 1.21328500 0.21063550
v -0.41883300 1.21328500 0.21063550
v -0.49931100 1.21328500 0.09986850
v -0.49931100 1.21328500 0.09986850
v -0.49931100 1.21328500 0.09986850
v -0.49931100 1.21328500 0.09986850
v -0.47407400 1.15925800 0.09020550
v -0.47407400 1.15925800 0.09020550
v -0.47407400 1.15925800 0.09020550
v -0.47407400 1.15925800 0.09020550
v -0.36567000 1.09034000 0.13970850
v -0.36567000 1.09034000 0.13970850
v -0.36567000 1.09034000 0.13970850
v -0.36567000 1.09034000 0.13970850
v -0.39199000 1.13304300 0.17212850
v -0.39199000 1.13304300 0.17212850
v -0.39199000 1.13304300 0.17212850
v -0.39199000 1.13304300 0.17212850
v -0.45439300 1.13304300 0.08623850
v -0.45439300 1.13304300 0.08623850
v -0.45439300 1.13304300 0.08623850
v -0.45439300 1.13304300 0.08623850
v -0.41542600 1.09034000 0.07122450
v -0.41542600 1.09034000 0.07122450
v -0.41542600 1.09034000 0.07122450
v -0.41542600 1.09034000 0.07122450
v -0.31885700 1.04374500 0.07495350
v -0.31885700 1.04374500 0.07495350
v -0.31885700 1.04374500 0.07495350
v -0.31885700 1.04374500 0.07495350
v -0.35187800 1.07123400 0.11542350
v -0.35187800 1.07123400 0.11542350
v -0.35187800 1.07123400 0.11542350
v -0.35187800 1.07123400 0.11542350
v -0.38806800 1.07123400 0.06561250
v -0.38806800 1.07123400 0.06561250
v -0.38806800 1.07123400 0.06561250
v -0.38806800 1.07123400 0.06561250
v -0.33937500 1.04374500 0.04671250
v -0.33937500 1.04374500 0.04671250
v -0.33937500 1.04374500 0.04671250
v -0.33937500 1.04374500 0.04671250
v -0.42392400 1.24392800 0.21977350
v -0.42392400 1.24392800 0.21977350
v -0.42392400 1.24392800 0.21977350
v -0.42392400 1.24392800 0.21977350
v -0.43057900 1.30394900 0.22773950
v -0.43057900 1.30394900 0.22773950
v -0.43057900 1.30394900 0.22773950
v -0.43057900 1.30394900 0.22773950
v -0.51920700 1.30394900 0.10575350
v -0.51920700 1.30394900 0.10575350
v -0.51920700 1.30394900 0.10575350
v -0.51920700 1.30394900 0.10575350
v -0.50957500 1.24392800 0.10188650
v -0.50957500 1.24392800 0.10188650
v -0.50957500 1.24392800 0.10188650
v -0.50957500 1.24392800 0.10188650
v -0.31491000 1.03460100 0.03994450
v -0.31491000 1.03460100 0.03994450
v -0.30485900 1.03460100 0.05377850
v -0.30485900 1.03460100 0.05377850
v -0.32447100 1.03460100 -0.00658150
v -0.32447100 1.03460100 -0.00658150
v -0.32447100 1.03460100 0.01051850
v -0.32447100 1.03460100 0.01051850
v -0.48278000 1.15925800 0.06341050
v -0.48278000 1.15925800 0.06341050
v -0.48278000 1.15925800 0.06341050
v -0.48278000 1.15925800 0.06341050
v -0.50887700 1.21328400 0.07042650
v -0.50887700 1.21328400 0.07042650
v -0.50887700 1.21328400 0.07042650
v -0.50887700 1.21328400 0.07042650
v -0.50887700 1.21328400 -0.06648950
v -0.50887700 1.21328400 -0.06648950
v -0.50887700 1.21328400 -0.06648950
v -0.50887700 1.21328400 -0.06648950
v -0.48278000 1.15925800 -0.05947350
v -0.48278000 1.15925800 -0.05947350
v -0.48278000 1.15925800 -0.05947350
v -0.48278000 1.15925800 -0.05947350
v -0.42417700 1.09034000 0.04429350
v -0.42417700 1.09034000 0.04429350
v -0.42417700 1.09034000 0.04429350
v -0.42417700 1.09034000 0.04429350
v -0.46452600 1.13304300 0.05505250
v -0.46452600 1.13304300 0.05505250
v -0.46452600 1.13304300 0.05505250
v -0.46452600 1.13304300 0.05505250
v -0.46452600 1.13304300 -0.05111450
v -0.46452600 1.13304300 -0.05111450
v -0.46452600 1.13304300 -0.05111450
v -0.46452600 1.13304300 -0.05111450
v -0.42417700 1.09034000 -0.04035650
v -0.42417700 1.09034000 -0.04035650
v -0.42417700 1.09034000 -0.04035650
v -0.42417700 1.09034000 -0.04035650
v -0.34824200 1.04374500 0.01942250
v -0.34824200 1.04374500 0.01942250
v -0.34824200 1.04374500 0.01942250
v -0.34824200 1.04374500 0.01942250
v -0.39874400 1.07123400 0.03275350
v -0.39874400 1.07123400 0.03275350
v -0.39874400 1.07123400 0.03275350
v -0.39874400 1.07123400 0.03275350
v -0.39874400 1.07123400 -0.02881650
v -0.39874400 1.07123400 -0.02881650
v -0.39874400 1.07123400 -0.02881650
v -0.39874400 1.07123400 -0.02881650
v -0.34824200 1.04374500 -0.01548550
v -0.34824200 1.04374500 -0.01548550
v -0.34824200 1.04374500 -0.01548550
v -0.34824200 1.04374500 -0.01548550
v -0.51836700 1.24392800 0.07482750
v -0.51836700 1.24392800 0.07482750
v -0.51836700 1.24392800 0.07482750
v -0.51836700 1.24392800 0.07482750
v -0.52843300 1.30394900 0.07736050
v -0.52843300 1.30394900 0.07736050
v -0.52843300 1.30394900 0.07736050
v -0.52843300 1.30394900 0.07736050
v -0.52843300 1.30394900 -0.07342250
v -0.52843300 1.30394900 -0.07342250
v -0.52843300 1.30394900 -0.07342250
v -0.52843300 1.30394900 -0.07342250
v -0.51836700 1.24392800 -0.07088950
v -0.51836700 1.24392800 -0.07088950
v -0.51836700 1.24392800 -0.07088950
v -0.51836700 1.24392800 -0.07088950
v -0.33937500 1.04374500 -0.04277550
v -0.33937500 1.04374500 -0.04277550
v -0.33937500 1.04374500 -0.04277550
v -0.33937500 1.04374500 -0.04277550
v -0.38806800 1.07123400 -0.06167450
v -0.38806800 1.07123400 -0.06167450
v -0.38806800 1.07123400 -0.06167450
v -0.38806800 1.07123400 -0.06167450
v -0.35187800 1.07123400 -0.11148550
v -0.35187800 1.07123400 -0.11148550
v -0.35187800 1.07123400 -0.11148550
v -0.35187800 1.07123400 -0.11148550
v -0.31885700 1.04374500 -0.07101650
v -0.31885700 1.04374500 -0.07101650
v -0.31885700 1.04374500 -0.07101650
v -0.31885700 1.04374500 -0.07101650
v -0.50957500 1.24392800 -0.09794850
v -0.50957500 1.24392800 -0.09794850
v -0.50957500 1.24392800 -0.09794850
v -0.50957500 1.24392800 -0.09794850
v -0.51920700 1.30394900 -0.10181650
v -0.51920700 1.30394900 -0.10181650
v -0.51920700 1.30394900 -0.10181650
v -0.51920700 1.30394900 -0.10181650
v -0.43057900 1.30394900 -0.22380250
v -0.43057900 1.30394900 -0.22380250
v -0.43057900 1.30394900 -0.22380250
v -0.43057900 1.30394900 -0.22380250
v -0.42392400 1.24392800 -0.21583650
v -0.42392400 1.24392800 -0.21583650
v -0.42392400 1.24392800 -0.21583650
v -0.42392400 1.24392800 -0.21583650
v -0.30485900 1.03460100 -0.04984050
v -0.30485900 1.03460100 -0.04984050
v -0.31491000 1.03460100 -0.03600650
v -0.31491000 1.03460100 -0.03600650
v -0.47407400 1.15925800 -0.08626750
v -0.47407400 1.15925800 -0.08626750
v -0.47407400 1.15925800 -0.08626750
v -0.47407400 1.15925800 -0.08626750
v -0.49931100 1.21328500 -0.09593050
v -0.49931100 1.21328500 -0.09593050
v -0.49931100 1.21328500 -0.09593050
v -0.49931100 1.21328500 -0.09593050
v -0.41883300 1.21328500 -0.20669850
v -0.41883300 1.21328500 -0.20669850
v -0.41883300 1.21328500 -0.20669850
v -0.41883300 1.21328500 -0.20669850
v -0.40184500 1.15925800 -0.18568350
v -0.40184500 1.15925800 -0.18568350
v -0.40184500 1.15925800 -0.18568350
v -0.40184500 1.15925800 -0.18568350
v -0.41542600 1.09034000 -0.06728750
v -0.41542600 1.09034000 -0.06728750
v -0.41542600 1.09034000 -0.06728750
v -0.41542600 1.09034000 -0.06728750
v -0.45439300 1.13304300 -0.08230050
v -0.45439300 1.13304300 -0.08230050
v -0.45439300 1.13304300 -0.08230050
v -0.45439300 1.13304300 -0.08230050
v -0.39199000 1.13304300 -0.16819150
v -0.39199000 1.13304300 -0.16819150
v -0.39199000 1.13304300 -0.16819150
v -0.39199000 1.13304300 -0.16819150
v -0.36567000 1.09034000 -0.13577050
v -0.36567000 1.09034000 -0.13577050
v -0.36567000 1.09034000 -0.13577050
v -0.36567000 1.09034000 -0.13577050
v -0.29564200 1.04374500 -0.08788250
v -0.29564200 1.04374500 -0.08788250
v -0.29564200 1.04374500 -0.08788250
v -0.29564200 1.04374500 -0.08788250
v -0.32392700 1.07123400 -0.13179350
v -0.32392700 1.07123400 -0.13179350
v -0.32392700 1.07123400 -0.13179350
v -0.32392700 1.07123400 -0.13179350
v -0.26537100 1.07123400 -0.15081950
v -0.26537100 1.07123400 -0.15081950
v -0.26537100 1.07123400 -0.15081950
v -0.26537100 1.07123400 -0.15081950
v -0.26244300 1.04374500 -0.09866950
v -0.26244300 1.04374500 -0.09866950
v -0.26244300 1.04374500 -0.09866950
v -0.26244300 1.04374500 -0.09866950
v -0.40090700 1.24392800 -0.23255950
v -0.40090700 1.24392800 -0.23255950
v -0.40090700 1.24392800 -0.23255950
v -0.40090700 1.24392800 -0.23255950
v -0.40642600 1.30394900 -0.24135050
v -0.40642600 1.30394900 -0.24135050
v -0.40642600 1.30394900 -0.24135050
v -0.40642600 1.30394900 -0.24135050
v -0.26302300 1.30394900 -0.28794550
v -0.26302300 1.30394900 -0.28794550
v -0.26302300 1.30394900 -0.28794550
v -0.26302300 1.30394900 -0.28794550
v -0.26232100 1.24392800 -0.27758950
v -0.26232100 1.24392800 -0.27758950
v -0.26232100 1.24392800 -0.27758950
v -0.26232100 1.24392800 -0.27758950
v -0.26356600 1.03460100 -0.07331050
v -0.26356600 1.03460100 -0.07331050
v -0.27982800 1.03460100 -0.06802650
v -0.27982800 1.03460100 -0.06802650
v -0.37905200 1.15925800 -0.20224250
v -0.37905200 1.15925800 -0.20224250
v -0.37905200 1.15925800 -0.20224250
v -0.37905200 1.15925800 -0.20224250
v -0.39378900 1.21328400 -0.22489350
v -0.39378900 1.21328400 -0.22489350
v -0.39378900 1.21328400 -0.22489350
v -0.39378900 1.21328400 -0.22489350
v -0.26357400 1.21328500 -0.26720350
v -0.26357400 1.21328500 -0.26720350
v -0.26357400 1.21328500 -0.26720350
v -0.26357400 1.21328500 -0.26720350
v -0.26218200 1.15925800 -0.24021650
v -0.26218200 1.15925800 -0.24021650
v -0.26218200 1.15925800 -0.24021650
v -0.26218200 1.15925800 -0.24021650
v -0.34276100 1.09034000 -0.15241550
v -0.34276100 1.09034000 -0.15241550
v -0.34276100 1.09034000 -0.15241550
v -0.34276100 1.09034000 -0.15241550
v -0.36546200 1.13304300 -0.18746550
v -0.36546200 1.13304300 -0.18746550
v -0.36546200 1.13304300 -0.18746550
v -0.36546200 1.13304300 -0.18746550
v -0.26449100 1.13304300 -0.22027250
v -0.26449100 1.13304300 -0.22027250
v -0.26449100 1.13304300 -0.22027250
v -0.26449100 1.13304300 -0.22027250
v -0.26225400 1.09034000 -0.17857350
v -0.26225400 1.09034000 -0.17857350
v -0.26225400 1.09034000 -0.17857350
v -0.26225400 1.09034000 -0.17857350
v -0.24505400 1.00452600 -0.34803150
v -0.24505400 1.00452600 -0.34803150
v -0.24505400 1.00452600 -0.34803150
v -0.24505400 1.00452600 -0.34803150
v -0.24505400 1.33113500 -0.34803150
v -0.24505400 1.33113500 -0.34803150
v -0.24505400 1.33113500 -0.34803150
v -0.24505400 1.33113500 -0.34803150
v 0.00243300 1.00452600 -0.24551850
v 0.00243300 1.00452600 -0.24551850
v 0.00243300 1.00452600 -0.24551850
v 0.00243300 1.33113500 -0.24551850
v 0.00243300 1.33113500 -0.24551850
v 0.00243300 1.33113500 -0.24551850
v 0.10494600 1.00452600 0.00196850
v 0.10494600 1.00452600 0.00196850
v 0.10494600 1.00452600 0.00196850
v 0.10494600 1.33113500 0.00196850
v 0.10494600 1.33113500 0.00196850
v 0.10494600 1.33113500 0.00196850
v 0.00243300 1.00452600 0.24945650
v 0.00243300 1.00452600 0.24945650
v 0.00243300 1.00452600 0.24945650
v 0.00243300 1.33113500 0.24945650
v 0.00243300 1.33113500 0.24945650
v 0.00243300 1.33113500 0.24945650
v -0.24505400 1.00452600 0.35196850
v -0.24505400 1.00452600 0.35196850
v -0.24505400 1.00452600 0.35196850
v -0.24505400 1.33113500 0.35196850
v -0.24505400 1.33113500 0.35196850
v -0.24505400 1.33113500 0.35196850
v -0.49254200 1.00452600 0.24945650
v -0.49254200 1.00452600 0.24945650
v -0.49254200 1.00452600 0.24945650
v -0.49254200 1.33113500 0.24945650
v -0.49254200 1.33113500 0.24945650
v -0.49254200 1.33113500 0.24945650
v -0.59505400 1.00452600 0.00196850
v -0.59505400 1.00452600 0.00196850
v -0.59505400 1.00452600 0.00196850
v -0.59505400 1.33113500 0.00196850
v -0.59505400 1.33113500 0.00196850
v -0.59505400 1.33113500 0.00196850
v -0.49254200 1.00452600 -0.24551850
v -0.49254200 1.00452600 -0.24551850
v -0.49254200 1.00452600 -0.24551850
v -0.49254200 1.33113500 -0.24551850
v -0.49254200 1.33113500 -0.24551850
v -0.49254200 1.33113500 -0.24551850
v -0.24505400 1.00452600 -0.41702550
v -0.24505400 1.00452600 -0.41702550
v -0.24505400 1.00452600 -0.41702550
v -0.24505400 1.00452600 -0.41702550
v 0.00775000 1.00452600 -0.38520350
v 0.00775000 1.00452600 -0.38520350
v 0.00775000 1.00452600 -0.38520350
v 0.15602400 1.00452600 0.00196850
v 0.15602400 1.00452600 0.00196850
v 0.15602400 1.00452600 0.00196850
v 0.00775000 1.00452600 0.38914050
v 0.00775000 1.00452600 0.38914050
v 0.00775000 1.00452600 0.38914050
v -0.24505400 1.00452600 0.42096250
v -0.24505400 1.00452600 0.42096250
v -0.24505400 1.00452600 0.42096250
v -0.51661300 1.00452600 0.33777750
v -0.51661300 1.00452600 0.33777750
v -0.51661300 1.00452600 0.33777750
v -0.63608500 1.00452600 0.00418450
v -0.63608500 1.00452600 0.00418450
v -0.63608500 1.00452600 0.00418450
v -0.50332000 1.00452600 -0.33384050
v -0.50332000 1.00452600 -0.33384050
v -0.50332000 1.00452600 -0.33384050
v -0.24505400 0.98763800 -0.33555050
v -0.24505400 0.98763800 -0.33555050
v -0.24505400 0.98763800 -0.33555050
v -0.24505400 0.98763800 -0.33555050
v -0.24505400 1.33113500 -0.32703150
v -0.24505400 1.33113500 -0.32703150
v -0.24505400 1.33113500 -0.32703150
v -0.24505400 1.33113500 -0.32703150
v -0.00639300 0.98763800 -0.23669250
v -0.00639300 0.98763800 -0.23669250
v -0.00639300 0.98763800 -0.23669250
v -0.00639300 0.98763800 -0.23669250
v -0.01241600 1.33113500 -0.23066950
v -0.01241600 1.33113500 -0.23066950
v -0.01241600 1.33113500 -0.23066950
v 0.09246400 0.98763800 0.00196850
v 0.09246400 0.98763800 0.00196850
v 0.09246400 0.98763800 0.00196850
v 0.09246400 0.98763800 0.00196850
v 0.08394600 1.33113500 0.00196850
v 0.08394600 1.33113500 0.00196850
v 0.08394600 1.33113500 0.00196850
v -0.00639300 0.98763800 0.24063050
v -0.00639300 0.98763800 0.24063050
v -0.00639300 0.98763800 0.24063050
v -0.00639300 0.98763800 0.24063050
v -0.01241600 1.33113500 0.23460750
v -0.01241600 1.33113500 0.23460750
v -0.01241600 1.33113500 0.23460750
v -0.24505400 0.98763800 0.33948750
v -0.24505400 0.98763800 0.33948750
v -0.24505400 0.98763800 0.33948750
v -0.24505400 0.98763800 0.33948750
v -0.24505400 1.33113500 0.33096850
v -0.24505400 1.33113500 0.33096850
v -0.24505400 1.33113500 0.33096850
v -0.48371600 0.98763800 0.24063050
v -0.48371600 0.98763800 0.24063050
v -0.48371600 0.98763800 0.24063050
v -0.48371600 0.98763800 0.24063050
v -0.47769300 1.33113500 0.23460750
v -0.47769300 1.33113500 0.23460750
v -0.47769300 1.33113500 0.23460750
v -0.58257300 0.98763800 0.00196850
v -0.58257300 0.98763800 0.00196850
v -0.58257300 0.98763800 0.00196850
v -0.58257300 0.98763800 0.00196850
v -0.57405400 1.33113500 0.00196850
v -0.57405400 1.33113500 0.00196850
v -0.57405400 1.33113500 0.00196850
v -0.48371600 0.98763800 -0.23669250
v -0.48371600 0.98763800 -0.23669250
v -0.48371600 0.98763800 -0.23669250
v -0.48371600 0.98763800 -0.23669250
v -0.47769300 1.33113500 -0.23066950
v -0.47769300 1.33113500 -0.23066950
v -0.47769300 1.33113500 -0.23066950
v -0.24505400 0.98352600 -0.41702550
v -0.24505400 0.98352600 -0.41702550
v -0.24505400 0.98352600 -0.41702550
v -0.24505400 0.98352600 -0.41702550
v 0.00775000 0.98352600 -0.38520350
v 0.00775000 0.98352600 -0.38520350
v 0.00775000 0.98352600 -0.38520350
v 0.00775000 0.98352600 -0.38520350
v 0.15602400 0.98352600 0.00196850
v 0.15602400 0.98352600 0.00196850
v 0.15602400 0.98352600 0.00196850
v 0.15602400 0.98352600 0.00196850
v 0.00775000 0.98352600 0.38914050
v 0.00775000 0.98352600 0.38914050
v 0.00775000 0.98352600 0.38914050
v 0.00775000 0.98352600 0.38914050
v -0.24505400 0.98352600 0.42096250
v -0.24505400 0.98352600 0.42096250
v -0.24505400 0.98352600 0.42096250
v -0.24505400 0.98352600 0.42096250
v -0.51661300 0.98352600 0.33777750
v -0.51661300 0.98352600 0.33777750
v -0.51661300 0.98352600 0.33777750
v -0.51661300 0.98352600 0.33777750
v -0.63608500 0.98352600 0.00418450
v -0.63608500 0.98352600 0.00418450
v -0.63608500 0.98352600 0.00418450
v -0.63608500 0.98352600 0.00418450
v -0.50332000 0.98352600 -0.33384050
v -0.50332000 0.98352600 -0.33384050
v -0.50332000 0.98352600 -0.33384050
v -0.50332000 0.98352600 -0.33384050
v -0.24505400 1.32359000 -0.32721850
v -0.24505400 1.32359000 -0.32721850
v -0.24505400 1.32359000 -0.32721850
v -0.24505400 1.32359000 -0.32721850
v -0.01228300 1.32359000 -0.23080250
v -0.01228300 1.32359000 -0.23080250
v -0.01228300 1.32359000 -0.23080250
v -0.01228300 1.32359000 -0.23080250
v 0.08413300 1.32359000 0.00196850
v 0.08413300 1.32359000 0.00196850
v 0.08413300 1.32359000 0.00196850
v 0.08413300 1.32359000 0.00196850
v -0.01228300 1.32359000 0.23473950
v -0.01228300 1.32359000 0.23473950
v -0.01228300 1.32359000 0.23473950
v -0.01228300 1.32359000 0.23473950
v -0.24505400 1.32359000 0.33115550
v -0.24505400 1.32359000 0.33115550
v -0.24505400 1.32359000 0.33115550
v -0.24505400 1.32359000 0.33115550
v -0.47782500 1.32359000 0.23473950
v -0.47782500 1.32359000 0.23473950
v -0.47782500 1.32359000 0.23473950
v -0.47782500 1.32359000 0.23473950
v -0.57424100 1.32359000 0.00196850
v -0.57424100 1.32359000 0.00196850
v -0.57424100 1.32359000 0.00196850
v -0.57424100 1.32359000 0.00196850
v -0.47782500 1.32359000 -0.23080250
v -0.47782500 1.32359000 -0.23080250
v -0.47782500 1.32359000 -0.23080250
v -0.47782500 1.32359000 -0.23080250
v -0.04823700 1.33055400 -0.19484850
v -0.04823700 1.33055400 -0.19484850
v -0.04823700 1.33055400 -0.19484850
v -0.04823700 1.33055400 -0.19484850
v -0.24505400 1.33055400 -0.27637250
v -0.24505400 1.33055400 -0.27637250
v -0.24505400 1.33055400 -0.27637250
v -0.24505400 1.33055400 -0.27637250
v -0.24505400 1.32417100 -0.27653150
v -0.24505400 1.32417100 -0.27653150
v -0.24505400 1.32417100 -0.27653150
v -0.24505400 1.32417100 -0.27653150
v 0.03328700 1.33055400 0.00196850
v 0.03328700 1.33055400 0.00196850
v 0.03328700 1.33055400 0.00196850
v 0.03328700 1.33055400 0.00196850
v -0.04823700 1.33055400 0.19878650
v -0.04823700 1.33055400 0.19878650
v -0.04823700 1.33055400 0.19878650
v -0.04823700 1.33055400 0.19878650
v -0.24505400 1.33055400 0.28031050
v -0.24505400 1.33055400 0.28031050
v -0.24505400 1.33055400 0.28031050
v -0.24505400 1.33055400 0.28031050
v -0.44187200 1.33055400 0.19878650
v -0.44187200 1.33055400 0.19878650
v -0.44187200 1.33055400 0.19878650
v -0.44187200 1.33055400 0.19878650
v -0.52339600 1.33055400 0.00196850
v -0.52339600 1.33055400 0.00196850
v -0.52339600 1.33055400 0.00196850
v -0.52339600 1.33055400 0.00196850
v -0.44187200 1.33055400 -0.19484850
v -0.44187200 1.33055400 -0.19484850
v -0.44187200 1.33055400 -0.19484850
v -0.44187200 1.33055400 -0.19484850
v -0.04812500 1.32417100 -0.19496050
v -0.04812500 1.32417100 -0.19496050
v -0.04812500 1.32417100 -0.19496050
v -0.04812500 1.32417100 -0.19496050
v 0.03344600 1.32417100 0.00196850
v 0.03344600 1.32417100 0.00196850
v 0.03344600 1.32417100 0.00196850
v 0.03344600 1.32417100 0.00196850
v -0.04812500 1.32417100 0.19889850
v -0.04812500 1.32417100 0.19889850
v -0.04812500 1.32417100 0.19889850
v -0.04812500 1.32417100 0.19889850
v -0.24505400 1.32417100 0.28046850
v -0.24505400 1.32417100 0.28046850
v -0.24505400 1.32417100 0.28046850
v -0.24505400 1.32417100 0.28046850
v -0.44198400 1.32417100 0.19889850
v -0.44198400 1.32417100 0.19889850
v -0.44198400 1.32417100 0.19889850
v -0.44198400 1.32417100 0.19889850
v -0.52355400 1.32417100 0.00196850
v -0.52355400 1.32417100 0.00196850
v -0.52355400 1.32417100 0.00196850
v -0.52355400 1.32417100 0.00196850
v -0.44198400 1.32417100 -0.19496050
v -0.44198400 1.32417100 -0.19496050
v -0.44198400 1.32417100 -0.19496050
v -0.44198400 1.32417100 -0.19496050
v -0.25068000 1.01664200 -0.09368450
v -0.25068000 1.01664200 -0.09368450
v -0.25068000 1.01664200 -0.09368450
v -0.25068000 1.01664200 -0.09368450
v -0.25068000 1.05560400 -0.09368450
v -0.25068000 1.05560400 -0.09368450
v -0.25068000 1.05560400 -0.09368450
v -0.25068000 1.05560400 -0.09368450
v -0.19445700 1.01664200 -0.07541650
v -0.19445700 1.01664200 -0.07541650
v -0.19445700 1.01664200 -0.07541650
v -0.19445700 1.05560400 -0.07541650
v -0.19445700 1.05560400 -0.07541650
v -0.19445700 1.05560400 -0.07541650
v -0.15970900 1.01664200 -0.02758950
v -0.15970900 1.01664200 -0.02758950
v -0.15970900 1.01664200 -0.02758950
v -0.15970900 1.05560400 -0.02758950
v -0.15970900 1.05560400 -0.02758950
v -0.15970900 1.05560400 -0.02758950
v -0.15970900 1.01664200 0.03152750
v -0.15970900 1.01664200 0.03152750
v -0.15970900 1.01664200 0.03152750
v -0.15970900 1.05560400 0.03152750
v -0.15970900 1.05560400 0.03152750
v -0.15970900 1.05560400 0.03152750
v -0.19445700 1.01664200 0.07935350
v -0.19445700 1.01664200 0.07935350
v -0.19445700 1.01664200 0.07935350
v -0.19445700 1.05560400 0.07935350
v -0.19445700 1.05560400 0.07935350
v -0.19445700 1.05560400 0.07935350
v -0.25068000 1.01664200 0.09762150
v -0.25068000 1.01664200 0.09762150
v -0.25068000 1.01664200 0.09762150
v -0.25068000 1.05560400 0.09762150
v -0.25068000 1.05560400 0.09762150
v -0.25068000 1.05560400 0.09762150
v -0.30690400 1.01664200 0.07935350
v -0.30690400 1.01664200 0.07935350
v -0.30690400 1.01664200 0.07935350
v -0.30690400 1.05560400 0.07935350
v -0.30690400 1.05560400 0.07935350
v -0.30690400 1.05560400 0.07935350
v -0.34165200 1.01664200 0.03152750
v -0.34165200 1.01664200 0.03152750
v -0.34165200 1.01664200 0.03152750
v -0.34165200 1.05560400 0.03152750
v -0.34165200 1.05560400 0.03152750
v -0.34165200 1.05560400 0.03152750
v -0.34165200 1.01664200 -0.02758950
v -0.34165200 1.01664200 -0.02758950
v -0.34165200 1.01664200 -0.02758950
v -0.34165200 1.05560400 -0.02758950
v -0.34165200 1.05560400 -0.02758950
v -0.34165200 1.05560400 -0.02758950
v -0.30690400 1.01664200 -0.07541650
v -0.30690400 1.01664200 -0.07541650
v -0.30690400 1.01664200 -0.07541650
v -0.30690400 1.05560400 -0.07541650
v -0.30690400 1.05560400 -0.07541650
v -0.30690400 1.05560400 -0.07541650
v -0.25068000 1.01664200 -0.06690150
v -0.25068000 1.01664200 -0.06690150
v -0.25068000 1.01664200 -0.06690150
v -0.25068000 1.01664200 -0.06690150
v -0.25068000 1.05560400 -0.06690150
v -0.25068000 1.05560400 -0.06690150
v -0.25068000 1.05560400 -0.06690150
v -0.25068000 1.05560400 -0.06690150
v -0.21019900 1.01664200 -0.05374850
v -0.21019900 1.01664200 -0.05374850
v -0.21019900 1.01664200 -0.05374850
v -0.21019900 1.05560400 -0.05374850
v -0.21019900 1.05560400 -0.05374850
v -0.21019900 1.05560400 -0.05374850
v -0.18518100 1.01664200 -0.01931350
v -0.18518100 1.01664200 -0.01931350
v -0.18518100 1.01664200 -0.01931350
v -0.18518100 1.05560400 -0.01931350
v -0.18518100 1.05560400 -0.01931350
v -0.18518100 1.05560400 -0.01931350
v -0.18518100 1.01664200 0.02325150
v -0.18518100 1.01664200 0.02325150
v -0.18518100 1.01664200 0.02325150
v -0.18518100 1.05560400 0.02325150
v -0.18518100 1.05560400 0.02325150
v -0.18518100 1.05560400 0.02325150
v -0.21019900 1.01664200 0.05768550
v -0.21019900 1.01664200 0.05768550
v -0.21019900 1.01664200 0.05768550
v -0.21019900 1.05560400 0.05768550
v -0.21019900 1.05560400 0.05768550
v -0.21019900 1.05560400 0.05768550
v -0.25068000 1.01664200 0.07083850
v -0.25068000 1.01664200 0.07083850
v -0.25068000 1.01664200 0.07083850
v -0.25068000 1.05560400 0.07083850
v -0.25068000 1.05560400 0.07083850
v -0.25068000 1.05560400 0.07083850
v -0.29116200 1.01664200 0.05768550
v -0.29116200 1.01664200 0.05768550
v -0.29116200 1.01664200 0.05768550
v -0.29116200 1.05560400 0.05768550
v -0.29116200 1.05560400 0.05768550
v -0.29116200 1.05560400 0.05768550
v -0.31618000 1.01664200 0.02325150
v -0.31618000 1.01664200 0.02325150
v -0.31618000 1.01664200 0.02325150
v -0.31618000 1.05560400 0.02325150
v -0.31618000 1.05560400 0.02325150
v -0.31618000 1.05560400 0.02325150
v -0.31618000 1.01664200 -0.01931350
v -0.31618000 1.01664200 -0.01931350
v -0.31618000 1.01664200 -0.01931350
v -0.31618000 1.05560400 -0.01931350
v -0.31618000 1.05560400 -0.01931350
v -0.31618000 1.05560400 -0.01931350
v -0.29116200 1.01664200 -0.05374850
v -0.29116200 1.01664200 -0.05374850
v -0.29116200 1.01664200 -0.05374850
v -0.29116200 1.05560400 -0.05374850
v -0.29116200 1.05560400 -0.05374850
v -0.29116200 1.05560400 -0.05374850
v -0.02592200 1.05053600 0.45594350
v -0.02592200 1.05053600 0.45594350
v -0.02592200 1.05053600 0.45594350
v -0.02592200 1.05053600 0.43626750
v -0.02592200 1.05053600 0.43626750
v -0.02592200 1.05053600 0.43626750
v 0.14320800 1.05053600 0.45594350
v 0.14320800 1.05053600 0.45594350
v 0.14320800 1.05053600 0.45594350
v 0.14320800 1.05053600 0.43626750
v 0.14320800 1.05053600 0.43626750
v 0.14320800 1.05053600 0.43626750
v -0.02592200 0.92609800 0.45594350
v -0.02592200 0.92609800 0.45594350
v -0.02592200 0.92609800 0.45594350
v 0.01877000 0.88140600 0.45594350
v 0.01877000 0.88140600 0.45594350
v 0.01877000 0.88140600 0.45594350
v -0.01283200 0.89449600 0.45594350
v -0.01283200 0.89449600 0.45594350
v -0.01283200 0.89449600 0.45594350
v 0.01877000 0.88140600 0.43626750
v 0.01877000 0.88140600 0.43626750
v 0.01877000 0.88140600 0.43626750
v -0.02592200 0.92609800 0.43626750
v -0.02592200 0.92609800 0.43626750
v -0.02592200 0.92609800 0.43626750
v -0.01283200 0.89449600 0.43626750
v -0.01283200 0.89449600 0.43626750
v -0.01283200 0.89449600 0.43626750
v 0.09851500 0.88140600 0.45594350
v 0.09851500 0.88140600 0.45594350
v 0.09851500 0.88140600 0.45594350
v 0.14320800 0.92609800 0.45594350
v 0.14320800 0.92609800 0.45594350
v 0.14320800 0.92609800 0.45594350
v 0.13011800 0.89449600 0.45594350
v 0.13011800 0.89449600 0.45594350
v 0.13011800 0.89449600 0.45594350
v 0.14320800 0.92609800 0.43626750
v 0.14320800 0.92609800 0.43626750
v 0.14320800 0.92609800 0.43626750
v 0.09851500 0.88140600 0.43626750
v 0.09851500 0.88140600 0.43626750
v 0.09851500 0.88140600 0.43626750
v 0.13011800 0.89449600 0.43626750
v 0.13011800 0.89449600 0.43626750
v 0.13011800 0.89449600 0.43626750
v -0.02592200 1.05053600 -0.45200550
v -0.02592200 1.05053600 -0.45200550
v -0.02592200 1.05053600 -0.45200550
v -0.02592200 1.05053600 -0.43232950
v -0.02592200 1.05053600 -0.43232950
v -0.02592200 1.05053600 -0.43232950
v 0.14320800 1.05053600 -0.45200550
v 0.14320800 1.05053600 -0.45200550
v 0.14320800 1.05053600 -0.45200550
v 0.14320800 1.05053600 -0.43232950
v 0.14320800 1.05053600 -0.43232950
v 0.14320800 1.05053600 -0.43232950
v -0.02592200 0.92609800 -0.45200550
v -0.02592200 0.92609800 -0.45200550
v -0.02592200 0.92609800 -0.45200550
v 0.01877000 0.88140600 -0.45200550
v 0.01877000 0.88140600 -0.45200550
v 0.01877000 0.88140600 -0.45200550
v -0.01283200 0.89449600 -0.45200550
v -0.01283200 0.89449600 -0.45200550
v -0.01283200 0.89449600 -0.45200550
v 0.01877000 0.88140600 -0.43232950
v 0.01877000 0.88140600 -0.43232950
v 0.01877000 0.88140600 -0.43232950
v -0.02592200 0.92609800 -0.43232950
v -0.02592200 0.92609800 -0.43232950
v -0.02592200 0.92609800 -0.43232950
v -0.01283200 0.89449600 -0.43232950
v -0.01283200 0.89449600 -0.43232950
v -0.01283200 0.89449600 -0.43232950
v 0.09851500 0.88140600 -0.45200550
v 0.09851500 0.88140600 -0.45200550
v 0.09851500 0.88140600 -0.45200550
v 0.14320800 0.92609800 -0.45200550
v 0.14320800 0.92609800 -0.45200550
v 0.14320800 0.92609800 -0.45200550
v 0.13011800 0.89449600 -0.45200550
v 0.13011800 0.89449600 -0.45200550
v 0.13011800 0.89449600 -0.45200550
v 0.14320800 0.92609800 -0.43232950
v 0.14320800 0.92609800 -0.43232950
v 0.14320800 0.92609800 -0.43232950
v 0.09851500 0.88140600 -0.43232950
v 0.09851500 0.88140600 -0.43232950
v 0.09851500 0.88140600 -0.43232950
v 0.13011800 0.89449600 -0.43232950
v 0.13011800 0.89449600 -0.43232950
v 0.13011800 0.89449600 -0.43232950
v -0.03428600 1.12308900 0.45437750
v -0.03428600 1.12308900 0.45437750
v -0.03428600 1.12308900 0.45437750
v -0.03475600 1.27487500 0.26266750
v -0.03475600 1.27487500 0.26266750
v -0.03475600 1.27487500 0.26266750
v -0.01131500 1.12341500 0.44774950
v -0.01131500 1.12341500 0.44774950
v -0.01131500 1.12341500 0.44774950
v -0.01084500 1.27487500 0.24791750
v -0.01084500 1.27487500 0.24791750
v -0.01084500 1.27487500 0.24791750
v -0.03475600 1.00456700 0.48736750
v -0.03475600 1.00456700 0.48736750
v -0.03475600 1.00456700 0.48736750
v -0.03475600 1.00456700 0.48736750
v -0.03475600 1.00456700 0.26266750
v -0.03475600 1.00456700 0.26266750
v -0.01084500 1.00456700 0.24791750
v -0.01084500 1.00456700 0.24791750
v -0.01084500 1.00456700 0.48736750
v -0.01084500 1.00456700 0.48736750
v -0.01084500 1.00456700 0.48736750
v -0.01084500 1.00456700 0.48736750
v -0.03475600 0.89530300 0.39030850
v -0.03475600 0.89530300 0.39030850
v -0.01084500 0.89530300 0.38393750
v -0.01084500 0.89530300 0.38393750
v -0.01084500 1.00456700 0.38393750
v -0.01084500 1.00456700 0.38393750
v -0.03475600 1.00456700 0.39030850
v -0.03475600 1.00456700 0.39030850
v -0.03428600 1.12308900 -0.45043950
v -0.03428600 1.12308900 -0.45043950
v -0.03428600 1.12308900 -0.45043950
v -0.03475600 1.27487500 -0.25872950
v -0.03475600 1.27487500 -0.25872950
v -0.03475600 1.27487500 -0.25872950
v -0.01131500 1.12341500 -0.44381150
v -0.01131500 1.12341500 -0.44381150
v -0.01131500 1.12341500 -0.44381150
v -0.01084500 1.27487500 -0.24398050
v -0.01084500 1.27487500 -0.24398050
v -0.01084500 1.27487500 -0.24398050
v -0.03475600 1.00456700 -0.48342950
v -0.03475600 1.00456700 -0.48342950
v -0.03475600 1.00456700 -0.48342950
v -0.03475600 1.00456700 -0.48342950
v -0.03475600 1.00456700 -0.25872950
v -0.03475600 1.00456700 -0.25872950
v -0.01084500 1.00456700 -0.24398050
v -0.01084500 1.00456700 -0.24398050
v -0.01084500 1.00456700 -0.48342950
v -0.01084500 1.00456700 -0.48342950
v -0.01084500 1.00456700 -0.48342950
v -0.01084500 1.00456700 -0.48342950
v -0.03475600 0.89530300 -0.38637150
v -0.03475600 0.89530300 -0.38637150
v -0.01084500 0.89530300 -0.38000050
v -0.01084500 0.89530300 -0.38000050
v -0.01084500 1.00456700 -0.38000050
v -0.01084500 1.00456700 -0.38000050
v -0.03475600 1.00456700 -0.38637150
v -0.03475600 1.00456700 -0.38637150
v -0.03475600 0.89530300 0.45861450
v -0.03475600 0.89530300 0.45861450
v -0.03475600 0.89530300 0.45861450
v -0.03475600 0.92405600 0.48736750
v -0.03475600 0.92405600 0.48736750
v -0.03475600 0.92405600 0.48736750
v -0.01084500 0.92405600 0.48736750
v -0.01084500 0.92405600 0.48736750
v -0.01084500 0.92405600 0.48736750
v -0.01084500 0.89530300 0.45861450
v -0.01084500 0.89530300 0.45861450
v -0.01084500 0.89530300 0.45861450
v -0.03475600 0.92405600 -0.48342950
v -0.03475600 0.92405600 -0.48342950
v -0.03475600 0.92405600 -0.48342950
v -0.03475600 0.89530300 -0.45467650
v -0.03475600 0.89530300 -0.45467650
v -0.03475600 0.89530300 -0.45467650
v -0.01084500 0.89530300 -0.45467650
v -0.01084500 0.89530300 -0.45467650
v -0.01084500 0.89530300 -0.45467650
v -0.01084500 0.92405600 -0.48342950
v -0.01084500 0.92405600 -0.48342950
v -0.01084500 0.92405600 -0.48342950
vt 0.62500000 0.59636100
vt 0.62500000 0.59636100
vt 0.62500000 0.59636100
vt 0.62500000 0.44149500
vt 0.62500000 0.44149500
vt 0.62500000 0.44149500
vt 0.62374400 0.50000000
vt 0.62374400 0.50000000
vt 0.62374400 0.50000000
vt 0.62374400 0.50000000
vt 0.62500000 0.80850500
vt 0.62500000 0.80850500
vt 0.62500000 0.80850500
vt 0.62500000 0.65363900
vt 0.62500000 0.65363900
vt 0.62500000 0.65363900
vt 0.62374400 0.75000000
vt 0.62374400 0.75000000
vt 0.62374400 0.75000000
vt 0.62374400 0.75000000
vt 0.62500000 0.30850500
vt 0.62500000 0.30850500
vt 0.62500000 0.30850500
vt 0.62500000 0.15363900
vt 0.62500000 0.15363900
vt 0.62500000 0.15363900
vt 0.62374400 0.25000000
vt 0.62374400 0.25000000
vt 0.62374400 0.25000000
vt 0.62374400 0.25000000
vt 0.62500000 0.09636100
vt 0.62500000 0.09636100
vt 0.62500000 0.09636100
vt 0.62500000 0.94149500
vt 0.62500000 0.94149500
vt 0.62500000 0.94149500
vt 0.62374400 1.00000000
vt 0.62374400 0.00000000
vt 0.62374400 0.00000000
vt 0.62374400 1.00000000
vt 0.62500000 0.59636100
vt 0.62500000 0.59636100
vt 0.62500000 0.59636100
vt 0.62500000 0.59636100
vt 0.62500000 0.44149500
vt 0.62500000 0.44149500
vt 0.62500000 0.44149500
vt 0.62500000 0.44149500
vt 0.62374400 0.50000000
vt 0.62374400 0.50000000
vt 0.62374400 0.50000000
vt 0.62374400 0.50000000
vt 0.62500000 0.80850500
vt 0.62500000 0.80850500
vt 0.62500000 0.80850500
vt 0.62500000 0.80850500
vt 0.62500000 0.65363900
vt 0.62500000 0.65363900
vt 0.62500000 0.65363900
vt 0.62500000 0.65363900
vt 0.62374400 0.75000000
vt 0.62374400 0.75000000
vt 0.62374400 0.75000000
vt 0.62374400 0.75000000
vt 0.62500000 0.30850500
vt 0.62500000 0.30850500
vt 0.62500000 0.30850500
vt 0.62500000 0.30850500
vt 0.62500000 0.15363900
vt 0.62500000 0.15363900
vt 0.62500000 0.15363900
vt 0.62500000 0.15363900
vt 0.62374400 0.25000000
vt 0.62374400 0.25000000
vt 0.62374400 0.25000000
vt 0.62374400 0.25000000
vt 0.62500000 0.09636100
vt 0.62500000 0.09636100
vt 0.62500000 0.09636100
vt 0.62500000 0.09636100
vt 0.62500000 0.94149500
vt 0.62500000 0.94149500
vt 0.62500000 0.94149500
vt 0.62500000 0.94149500
vt 0.62374400 1.00000000
vt 0.62374400 0.00000000
vt 0.62374400 1.00000000
vt 0.62374400 0.00000000
vt 0.61623500 0.59647900
vt 0.61623500 0.59647900
vt 0.61623500 0.59647900
vt 0.61623500 0.59647900
vt 0.61502300 0.50000000
vt 0.61502300 0.50000000
vt 0.61502300 0.50000000
vt 0.61502300 0.50000000
vt 0.61623600 0.44142400
vt 0.61623600 0.44142400
vt 0.61623600 0.44142400
vt 0.61623600 0.44142400
vt 0.61623600 0.94142400
vt 0.61623600 0.94142400
vt 0.61623600 0.94142400
vt 0.61623600 0.94142400
vt 0.61502300 0.00000000
vt 0.61502300 1.00000000
vt 0.61502300 0.00000000
vt 0.61502300 1.00000000
vt 0.61623500 0.09647900
vt 0.61623500 0.09647900
vt 0.61623500 0.09647900
vt 0.61623500 0.09647900
vt 0.61623500 0.80857600
vt 0.61623500 0.80857600
vt 0.61623500 0.80857600
vt 0.61623500 0.80857600
vt 0.61502300 0.75000000
vt 0.61502300 0.75000000
vt 0.61502300 0.75000000
vt 0.61502300 0.75000000
vt 0.61623600 0.65352100
vt 0.61623600 0.65352100
vt 0.61623600 0.65352100
vt 0.61623600 0.65352100
vt 0.61623500 0.30857600
vt 0.61623500 0.30857600
vt 0.61623500 0.30857600
vt 0.61623500 0.30857600
vt 0.61502300 0.25000000
vt 0.61502300 0.25000000
vt 0.61502300 0.25000000
vt 0.61502300 0.25000000
vt 0.61623600 0.15352100
vt 0.61623600 0.15352100
vt 0.61623600 0.15352100
vt 0.61623600 0.15352100
vt 0.62101200 0.50000000
vt 0.62101200 0.50000000
vt 0.62101200 0.50000000
vt 0.62101200 0.50000000
vt 0.62374400 0.50000000
vt 0.62374400 0.50000000
vt 0.62374400 0.50000000
vt 0.62374400 0.50000000
vt 0.62500000 0.59636100
vt 0.62500000 0.59636100
vt 0.62500000 0.59636100
vt 0.62500000 0.59636100
vt 0.62225500 0.59639800
vt 0.62225500 0.59639800
vt 0.62225500 0.59639800
vt 0.62225500 0.59639800
vt 0.61775500 0.50000000
vt 0.61775500 0.50000000
vt 0.61775500 0.50000000
vt 0.61775500 0.50000000
vt 0.61502300 0.50000000
vt 0.61502300 0.50000000
vt 0.61502300 0.50000000
vt 0.61502300 0.50000000
vt 0.62225500 0.44147300
vt 0.62225500 0.44147300
vt 0.62225500 0.44147300
vt 0.62225500 0.44147300
vt 0.62500000 0.44149500
vt 0.62500000 0.44149500
vt 0.62500000 0.44149500
vt 0.62500000 0.44149500
vt 0.61898100 0.44144600
vt 0.61898100 0.44144600
vt 0.61898100 0.44144600
vt 0.61898100 0.44144600
vt 0.61623600 0.44142400
vt 0.61623600 0.44142400
vt 0.61623600 0.44142400
vt 0.61623600 0.44142400
vt 0.61623600 0.94142400
vt 0.61623600 0.94142400
vt 0.61623600 0.94142400
vt 0.61623600 0.94142400
vt 0.61898100 0.94144600
vt 0.61898100 0.94144600
vt 0.61898100 0.94144600
vt 0.61898100 0.94144600
vt 0.62225500 0.94147300
vt 0.62225500 0.94147300
vt 0.62225500 0.94147300
vt 0.62225500 0.94147300
vt 0.62500000 0.94149500
vt 0.62500000 0.94149500
vt 0.62500000 0.94149500
vt 0.62500000 0.94149500
vt 0.62374400 0.00000000
vt 0.62374400 1.00000000
vt 0.62374400 1.00000000
vt 0.62374400 0.00000000
vt 0.62101200 0.00000000
vt 0.62101200 1.00000000
vt 0.62101200 1.00000000
vt 0.62101200 0.00000000
vt 0.62500000 0.09636100
vt 0.62500000 0.09636100
vt 0.62500000 0.09636100
vt 0.62500000 0.09636100
vt 0.62225500 0.09639800
vt 0.62225500 0.09639800
vt 0.62225500 0.09639800
vt 0.62225500 0.09639800
vt 0.62101200 0.75000000
vt 0.62101200 0.75000000
vt 0.62101200 0.75000000
vt 0.62101200 0.75000000
vt 0.62374400 0.75000000
vt 0.62374400 0.75000000
vt 0.62374400 0.75000000
vt 0.62374400 0.75000000
vt 0.62500000 0.80850500
vt 0.62500000 0.80850500
vt 0.62500000 0.80850500
vt 0.62500000 0.80850500
vt 0.62225500 0.80852700
vt 0.62225500 0.80852700
vt 0.62225500 0.80852700
vt 0.62225500 0.80852700
vt 0.61775500 0.75000000
vt 0.61775500 0.75000000
vt 0.61775500 0.75000000
vt 0.61775500 0.75000000
vt 0.61502300 0.75000000
vt 0.61502300 0.75000000
vt 0.61502300 0.75000000
vt 0.61502300 0.75000000
vt 0.62225500 0.65360200
vt 0.62225500 0.65360200
vt 0.62225500 0.65360200
vt 0.62225500 0.65360200
vt 0.62500000 0.65363900
vt 0.62500000 0.65363900
vt 0.62500000 0.65363900
vt 0.62500000 0.65363900
vt 0.61623600 0.65352100
vt 0.61623600 0.65352100
vt 0.61623600 0.65352100
vt 0.61623600 0.65352100
vt 0.61898100 0.65355800
vt 0.61898100 0.65355800
vt 0.61898100 0.65355800
vt 0.61898100 0.65355800
vt 0.62101200 0.25000000
vt 0.62101200 0.25000000
vt 0.62101200 0.25000000
vt 0.62101200 0.25000000
vt 0.62374400 0.25000000
vt 0.62374400 0.25000000
vt 0.62374400 0.25000000
vt 0.62374400 0.25000000
vt 0.62500000 0.30850500
vt 0.62500000 0.30850500
vt 0.62500000 0.30850500
vt 0.62500000 0.30850500
vt 0.62225500 0.30852700
vt 0.62225500 0.30852700
vt 0.62225500 0.30852700
vt 0.62225500 0.30852700
vt 0.61775500 0.25000000
vt 0.61775500 0.25000000
vt 0.61775500 0.25000000
vt 0.61775500 0.25000000
vt 0.61502300 0.25000000
vt 0.61502300 0.25000000
vt 0.61502300 0.25000000
vt 0.61502300 0.25000000
vt 0.62225500 0.15360200
vt 0.62225500 0.15360200
vt 0.62225500 0.15360200
vt 0.62225500 0.15360200
vt 0.62500000 0.15363900
vt 0.62500000 0.15363900
vt 0.62500000 0.15363900
vt 0.62500000 0.15363900
vt 0.61623600 0.15352100
vt 0.61623600 0.15352100
vt 0.61623600 0.15352100
vt 0.61623600 0.15352100
vt 0.61898100 0.15355800
vt 0.61898100 0.15355800
vt 0.61898100 0.15355800
vt 0.61898100 0.15355800
vt 0.61898100 0.59644200
vt 0.61898100 0.59644200
vt 0.61898100 0.59644200
vt 0.61898100 0.59644200
vt 0.61623500 0.59647900
vt 0.61623500 0.59647900
vt 0.61623500 0.59647900
vt 0.61623500 0.59647900
vt 0.61502300 0.00000000
vt 0.61502300 1.00000000
vt 0.61502300 0.00000000
vt 0.61502300 1.00000000
vt 0.61775500 1.00000000
vt 0.61775500 0.00000000
vt 0.61775500 0.00000000
vt 0.61775500 1.00000000
vt 0.61898100 0.09644200
vt 0.61898100 0.09644200
vt 0.61898100 0.09644200
vt 0.61898100 0.09644200
vt 0.61623500 0.09647900
vt 0.61623500 0.09647900
vt 0.61623500 0.09647900
vt 0.61623500 0.09647900
vt 0.61898100 0.80855400
vt 0.61898100 0.80855400
vt 0.61898100 0.80855400
vt 0.61898100 0.80855400
vt 0.61623500 0.80857600
vt 0.61623500 0.80857600
vt 0.61623500 0.80857600
vt 0.61623500 0.80857600
vt 0.61623500 0.30857600
vt 0.61623500 0.30857600
vt 0.61623500 0.30857600
vt 0.61623500 0.30857600
vt 0.61898100 0.30855400
vt 0.61898100 0.30855400
vt 0.61898100 0.30855400
vt 0.61898100 0.30855400
vt 0.30985700 0.53810900
vt 0.30985700 0.53810900
vt 0.30985700 0.53810900
vt 0.40456800 0.43969900
vt 0.40456800 0.43969900
vt 0.40456800 0.43969900
vt 0.40456800 0.43969900
vt 0.31579900 0.50091500
vt 0.31326100 0.50000000
vt 0.37500000 0.43826100
vt 0.37500000 0.44135400
vt 0.35186800 0.60729900
vt 0.35186800 0.60729900
vt 0.35186800 0.60729900
vt 0.40456700 0.59932000
vt 0.40456700 0.59932000
vt 0.40456700 0.59932000
vt 0.40456700 0.59932000
vt 0.37447400 0.59762500
vt 0.37500000 0.59675800
vt 0.37500000 0.60178700
vt 0.37500000 0.60178700
vt 0.33956500 0.55837600
vt 0.33956500 0.55837600
vt 0.33956500 0.55837600
vt 0.40441900 0.50000000
vt 0.40441900 0.50000000
vt 0.40441900 0.50000000
vt 0.40441900 0.50000000
vt 0.35833100 0.53343700
vt 0.37500000 0.50598300
vt 0.37500000 0.49646900
vt 0.35477100 0.52750300
vt 0.35186800 0.64270100
vt 0.35186800 0.64270100
vt 0.35186800 0.64270100
vt 0.40456700 0.65068000
vt 0.40456700 0.65068000
vt 0.40456700 0.65068000
vt 0.40456700 0.65068000
vt 0.37447400 0.65237500
vt 0.37500000 0.65324200
vt 0.37500000 0.64821300
vt 0.37500000 0.64821300
vt 0.30985700 0.71189100
vt 0.30985700 0.71189100
vt 0.30985700 0.71189100
vt 0.40456800 0.81030100
vt 0.40456800 0.81030100
vt 0.40456800 0.81030100
vt 0.40456800 0.81030100
vt 0.37500000 0.80864600
vt 0.37500000 0.81173900
vt 0.31579900 0.74908500
vt 0.31326100 0.75000000
vt 0.33956500 0.69162400
vt 0.33956500 0.69162400
vt 0.33956500 0.69162400
vt 0.40441900 0.75000000
vt 0.40441900 0.75000000
vt 0.40441900 0.75000000
vt 0.40441900 0.75000000
vt 0.35477100 0.72249700
vt 0.35833100 0.71656300
vt 0.37500000 0.74401700
vt 0.37500000 0.75353100
vt 0.14813200 0.60729900
vt 0.14813200 0.60729900
vt 0.14813200 0.60729900
vt 0.40456700 0.15068000
vt 0.40456700 0.15068000
vt 0.40456700 0.15068000
vt 0.40456700 0.15068000
vt 0.12500000 0.60178700
vt 0.37500000 0.15324200
vt 0.12552600 0.59762500
vt 0.37500000 0.14821300
vt 0.19014300 0.53810900
vt 0.19014300 0.53810900
vt 0.19014300 0.53810900
vt 0.40456800 0.31030100
vt 0.40456800 0.31030100
vt 0.40456800 0.31030100
vt 0.40456800 0.31030100
vt 0.18420100 0.50091500
vt 0.37500000 0.30864600
vt 0.18673900 0.50000000
vt 0.37500000 0.31173900
vt 0.16043500 0.55837600
vt 0.16043500 0.55837600
vt 0.16043500 0.55837600
vt 0.40441900 0.25000000
vt 0.40441900 0.25000000
vt 0.40441900 0.25000000
vt 0.40441900 0.25000000
vt 0.37500000 0.24401700
vt 0.14522900 0.52750300
vt 0.37500000 0.25353100
vt 0.14166900 0.53343700
vt 0.19014300 0.71189100
vt 0.19014300 0.71189100
vt 0.19014300 0.71189100
vt 0.40456800 0.93969900
vt 0.40456800 0.93969900
vt 0.40456800 0.93969900
vt 0.40456800 0.93969900
vt 0.18420100 0.74908500
vt 0.37500000 0.94135400
vt 0.18673900 0.75000000
vt 0.37500000 0.93826100
vt 0.14813200 0.64270100
vt 0.14813200 0.64270100
vt 0.14813200 0.64270100
vt 0.40456700 0.09932000
vt 0.40456700 0.09932000
vt 0.40456700 0.09932000
vt 0.40456700 0.09932000
vt 0.12552600 0.65237500
vt 0.37500000 0.09675800
vt 0.37500000 0.10178700
vt 0.12500000 0.64821300
vt 0.16043500 0.69162400
vt 0.16043500 0.69162400
vt 0.16043500 0.69162400
vt 0.40441900 1.00000000
vt 0.40441900 1.00000000
vt 0.40441900 0.00000000
vt 0.40441900 0.00000000
vt 0.37500000 0.99646900
vt 0.14166900 0.71656300
vt 0.37500000 0.00598300
vt 0.14522900 0.72249700
vt 0.31060000 0.54170300
vt 0.31060000 0.54170300
vt 0.31060000 0.54170300
vt 0.40548400 0.43970600
vt 0.40548400 0.43970600
vt 0.40548400 0.43970600
vt 0.40548400 0.43970600
vt 0.31588300 0.50097300
vt 0.37500000 0.44147400
vt 0.31323500 0.50000000
vt 0.37500000 0.43823500
vt 0.35024200 0.60791700
vt 0.35024200 0.60791700
vt 0.35024200 0.60791700
vt 0.40547800 0.59930800
vt 0.40547800 0.59930800
vt 0.40547800 0.59930800
vt 0.40547800 0.59930800
vt 0.37500000 0.60198300
vt 0.37444300 0.59750300
vt 0.37500000 0.60198300
vt 0.37500000 0.59658600
vt 0.33853100 0.56103800
vt 0.33853100 0.56103800
vt 0.33853100 0.56103800
vt 0.40527400 0.50000000
vt 0.40527400 0.50000000
vt 0.40527400 0.50000000
vt 0.40527400 0.50000000
vt 0.37500000 0.49600400
vt 0.35847300 0.53399800
vt 0.35444200 0.52727900
vt 0.37500000 0.50677700
vt 0.35024200 0.64208300
vt 0.35024200 0.64208300
vt 0.35024200 0.64208300
vt 0.40547800 0.65069200
vt 0.40547800 0.65069200
vt 0.40547800 0.65069200
vt 0.40547800 0.65069200
vt 0.37500000 0.64801700
vt 0.37500000 0.65341400
vt 0.37500000 0.64801700
vt 0.37444300 0.65249700
vt 0.31060000 0.70829700
vt 0.31060000 0.70829700
vt 0.31060000 0.70829700
vt 0.40548400 0.81029400
vt 0.40548400 0.81029400
vt 0.40548400 0.81029400
vt 0.40548400 0.81029400
vt 0.31323500 0.75000000
vt 0.37500000 0.80852600
vt 0.31588300 0.74902700
vt 0.37500000 0.81176500
vt 0.33853100 0.68896200
vt 0.33853100 0.68896200
vt 0.33853100 0.68896200
vt 0.40527400 0.75000000
vt 0.40527400 0.75000000
vt 0.40527400 0.75000000
vt 0.40527400 0.75000000
vt 0.37500000 0.75399600
vt 0.35847300 0.71600200
vt 0.37500000 0.74322300
vt 0.35444200 0.72272100
vt 0.14975800 0.60791700
vt 0.14975800 0.60791700
vt 0.14975800 0.60791700
vt 0.40547800 0.15069200
vt 0.40547800 0.15069200
vt 0.40547800 0.15069200
vt 0.40547800 0.15069200
vt 0.37500000 0.14801700
vt 0.12555700 0.59750300
vt 0.37500000 0.15341400
vt 0.12500000 0.60198300
vt 0.18940000 0.54170300
vt 0.18940000 0.54170300
vt 0.18940000 0.54170300
vt 0.40548400 0.31029400
vt 0.40548400 0.31029400
vt 0.40548400 0.31029400
vt 0.40548400 0.31029400
vt 0.18676500 0.50000000
vt 0.37500000 0.31176500
vt 0.18411700 0.50097300
vt 0.37500000 0.30852600
vt 0.16146900 0.56103800
vt 0.16146900 0.56103800
vt 0.16146900 0.56103800
vt 0.40527400 0.25000000
vt 0.40527400 0.25000000
vt 0.40527400 0.25000000
vt 0.40527400 0.25000000
vt 0.14555800 0.52727900
vt 0.37500000 0.24322300
vt 0.14152700 0.53399800
vt 0.37500000 0.25399600
vt 0.18940000 0.70829700
vt 0.18940000 0.70829700
vt 0.18940000 0.70829700
vt 0.40548400 0.93970600
vt 0.40548400 0.93970600
vt 0.40548400 0.93970600
vt 0.40548400 0.93970600
vt 0.18411700 0.74902700
vt 0.18676500 0.75000000
vt 0.37500000 0.94147400
vt 0.37500000 0.93823500
vt 0.14975800 0.64208300
vt 0.14975800 0.64208300
vt 0.14975800 0.64208300
vt 0.40547800 0.09930800
vt 0.40547800 0.09930800
vt 0.40547800 0.09930800
vt 0.40547800 0.09930800
vt 0.12555700 0.65249700
vt 0.12500000 0.64801700
vt 0.37500000 0.09658600
vt 0.37500000 0.10198300
vt 0.16146900 0.68896200
vt 0.16146900 0.68896200
vt 0.16146900 0.68896200
vt 0.40527400 0.00000000
vt 0.40527400 1.00000000
vt 0.40527400 0.00000000
vt 0.40527400 1.00000000
vt 0.14555800 0.72272100
vt 0.14152700 0.71600200
vt 0.37500000 0.00677700
vt 0.37500000 0.99600400
vt 0.70000000 0.20000000
vt 0.70000000 0.20000000
vt 0.70000000 0.20000000
vt 0.70000000 0.20000000
vt 0.70000000 0.20000000
vt 0.70000000 0.20000000
vt 0.70000000 0.20000000
vt 0.70000000 0.20000000
vt 0.70000000 0.20000000
vt 0.70000000 0.20000000
vt 0.70000000 0.20000000
vt 0.70000000 0.20000000
vt 0.70000000 0.20000000
vt 0.70000000 0.20000000
vt 0.70000000 0.20000000
vt 0.70000000 0.20000000
vt 0.60000000 0.50000000
vt 0.60000000 0.50000000
vt 0.60000000 0.50000000
vt 0.60000000 0.50000000
vt 0.60000000 0.50000000
vt 0.60000000 0.50000000
vt 0.60000000 0.50000000
vt 0.60000000 0.50000000
vt 0.60000000 0.40000000
vt 0.60000000 0.40000000
vt 0.60000000 0.40000000
vt 0.60000000 0.40000000
vt 0.60000000 0.40000000
vt 0.60000000 0.40000000
vt 0.60000000 0.40000000
vt 0.60000000 0.40000000
vt 0.60000000 0.40000000
vt 0.60000000 0.40000000
vt 0.60000000 0.40000000
vt 0.60000000 0.40000000
vt 0.60000000 0.40000000
vt 0.60000000 0.40000000
vt 0.60000000 0.40000000
vt 0.60000000 0.40000000
vt 0.60000000 0.30000000
vt 0.60000000 0.30000000
vt 0.60000000 0.30000000
vt 0.60000000 0.30000000
vt 0.60000000 0.30000000
vt 0.60000000 0.30000000
vt 0.60000000 0.30000000
vt 0.60000000 0.30000000
vt 0.60000000 0.30000000
vt 0.60000000 0.30000000
vt 0.60000000 0.30000000
vt 0.60000000 0.30000000
vt 0.60000000 0.30000000
vt 0.60000000 0.30000000
vt 0.60000000 0.30000000
vt 0.60000000 0.30000000
vt 0.60000000 0.20000000
vt 0.60000000 0.20000000
vt 0.60000000 0.20000000
vt 0.60000000 0.20000000
vt 0.60000000 0.20000000
vt 0.60000000 0.20000000
vt 0.60000000 0.20000000
vt 0.60000000 0.20000000
vt 0.60000000 0.20000000
vt 0.60000000 0.20000000
vt 0.60000000 0.20000000
vt 0.60000000 0.20000000
vt 0.60000000 0.20000000
vt 0.60000000 0.20000000
vt 0.60000000 0.20000000
vt 0.60000000 0.20000000
vt 0.60000000 0.10000000
vt 0.60000000 0.10000000
vt 0.60000000 0.10000000
vt 0.60000000 0.10000000
vt 0.60000000 0.10000000
vt 0.60000000 0.10000000
vt 0.60000000 0.10000000
vt 0.60000000 0.10000000
vt 0.60000000 0.10000000
vt 0.60000000 0.10000000
vt 0.60000000 0.10000000
vt 0.60000000 0.10000000
vt 0.50000000 0.50000000
vt 0.50000000 0.50000000
vt 0.50000000 0.50000000
vt 0.50000000 0.50000000
vt 0.50000000 0.50000000
vt 0.50000000 0.50000000
vt 0.50000000 0.50000000
vt 0.50000000 0.50000000
vt 0.50000000 0.40000000
vt 0.50000000 0.40000000
vt 0.50000000 0.40000000
vt 0.50000000 0.40000000
vt 0.50000000 0.40000000
vt 0.50000000 0.40000000
vt 0.50000000 0.40000000
vt 0.50000000 0.40000000
vt 0.50000000 0.40000000
vt 0.50000000 0.40000000
vt 0.50000000 0.40000000
vt 0.50000000 0.40000000
vt 0.50000000 0.40000000
vt 0.50000000 0.40000000
vt 0.50000000 0.40000000
vt 0.50000000 0.40000000
vt 0.50000000 0.30000000
vt 0.50000000 0.30000000
vt 0.50000000 0.30000000
vt 0.50000000 0.30000000
vt 0.50000000 0.30000000
vt 0.50000000 0.30000000
vt 0.50000000 0.30000000
vt 0.50000000 0.30000000
vt 0.50000000 0.30000000
vt 0.50000000 0.30000000
vt 0.50000000 0.30000000
vt 0.50000000 0.30000000
vt 0.50000000 0.30000000
vt 0.50000000 0.30000000
vt 0.50000000 0.30000000
vt 0.50000000 0.30000000
vt 0.50000000 0.20000000
vt 0.50000000 0.20000000
vt 0.50000000 0.20000000
vt 0.50000000 0.20000000
vt 0.50000000 0.20000000
vt 0.50000000 0.20000000
vt 0.50000000 0.20000000
vt 0.50000000 0.20000000
vt 0.50000000 0.20000000
vt 0.50000000 0.20000000
vt 0.50000000 0.20000000
vt 0.50000000 0.20000000
vt 0.50000000 0.20000000
vt 0.50000000 0.20000000
vt 0.50000000 0.20000000
vt 0.50000000 0.20000000
vt 0.50000000 0.10000000
vt 0.50000000 0.10000000
vt 0.50000000 0.10000000
vt 0.50000000 0.10000000
vt 0.50000000 0.10000000
vt 0.50000000 0.10000000
vt 0.50000000 0.10000000
vt 0.50000000 0.10000000
vt 0.50000000 0.10000000
vt 0.50000000 0.10000000
vt 0.50000000 0.10000000
vt 0.50000000 0.10000000
vt 0.40000000 0.50000000
vt 0.40000000 0.50000000
vt 0.40000000 0.50000000
vt 0.40000000 0.50000000
vt 0.40000000 0.50000000
vt 0.40000000 0.50000000
vt 0.40000000 0.50000000
vt 0.40000000 0.50000000
vt 0.40000000 0.40000000
vt 0.40000000 0.40000000
vt 0.40000000 0.40000000
vt 0.40000000 0.40000000
vt 0.40000000 0.40000000
vt 0.40000000 0.40000000
vt 0.40000000 0.40000000
vt 0.40000000 0.40000000
vt 0.40000000 0.40000000
vt 0.40000000 0.40000000
vt 0.40000000 0.40000000
vt 0.40000000 0.40000000
vt 0.40000000 0.40000000
vt 0.40000000 0.40000000
vt 0.40000000 0.40000000
vt 0.40000000 0.40000000
vt 0.40000000 0.30000000
vt 0.40000000 0.30000000
vt 0.40000000 0.30000000
vt 0.40000000 0.30000000
vt 0.40000000 0.30000000
vt 0.40000000 0.30000000
vt 0.40000000 0.30000000
vt 0.40000000 0.30000000
vt 0.40000000 0.30000000
vt 0.40000000 0.30000000
vt 0.40000000 0.30000000
vt 0.40000000 0.30000000
vt 0.40000000 0.30000000
vt 0.40000000 0.30000000
vt 0.40000000 0.30000000
vt 0.40000000 0.30000000
vt 0.40000000 0.20000000
vt 0.40000000 0.20000000
vt 0.40000000 0.20000000
vt 0.40000000 0.20000000
vt 0.40000000 0.20000000
vt 0.40000000 0.20000000
vt 0.40000000 0.20000000
vt 0.40000000 0.20000000
vt 0.40000000 0.20000000
vt 0.40000000 0.20000000
vt 0.40000000 0.20000000
vt 0.40000000 0.20000000
vt 0.40000000 0.20000000
vt 0.40000000 0.20000000
vt 0.40000000 0.20000000
vt 0.40000000 0.20000000
vt 0.40000000 0.10000000
vt 0.40000000 0.10000000
vt 0.40000000 0.10000000
vt 0.40000000 0.10000000
vt 0.40000000 0.10000000
vt 0.40000000 0.10000000
vt 0.40000000 0.10000000
vt 0.40000000 0.10000000
vt 0.40000000 0.10000000
vt 0.40000000 0.10000000
vt 0.40000000 0.10000000
vt 0.40000000 0.10000000
vt 0.30000000 0.50000000
vt 0.30000000 0.50000000
vt 0.30000000 0.50000000
vt 0.30000000 0.50000000
vt 0.30000000 0.50000000
vt 0.30000000 0.50000000
vt 0.30000000 0.50000000
vt 0.30000000 0.50000000
vt 0.30000000 0.40000000
vt 0.30000000 0.40000000
vt 0.30000000 0.40000000
vt 0.30000000 0.40000000
vt 0.30000000 0.40000000
vt 0.30000000 0.40000000
vt 0.30000000 0.40000000
vt 0.30000000 0.40000000
vt 0.30000000 0.40000000
vt 0.30000000 0.40000000
vt 0.30000000 0.40000000
vt 0.30000000 0.40000000
vt 0.30000000 0.40000000
vt 0.30000000 0.40000000
vt 0.30000000 0.40000000
vt 0.30000000 0.40000000
vt 0.30000000 0.30000000
vt 0.30000000 0.30000000
vt 0.30000000 0.30000000
vt 0.30000000 0.30000000
vt 0.30000000 0.30000000
vt 0.30000000 0.30000000
vt 0.30000000 0.30000000
vt 0.30000000 0.30000000
vt 0.30000000 0.30000000
vt 0.30000000 0.30000000
vt 0.30000000 0.30000000
vt 0.30000000 0.30000000
vt 0.30000000 0.30000000
vt 0.30000000 0.30000000
vt 0.30000000 0.30000000
vt 0.30000000 0.30000000
vt 0.30000000 0.20000000
vt 0.30000000 0.20000000
vt 0.30000000 0.20000000
vt 0.30000000 0.20000000
vt 0.30000000 0.20000000
vt 0.30000000 0.20000000
vt 0.30000000 0.20000000
vt 0.30000000 0.20000000
vt 0.30000000 0.20000000
vt 0.30000000 0.20000000
vt 0.30000000 0.20000000
vt 0.30000000 0.20000000
vt 0.30000000 0.20000000
vt 0.30000000 0.20000000
vt 0.30000000 0.20000000
vt 0.30000000 0.20000000
vt 0.30000000 0.10000000
vt 0.30000000 0.10000000
vt 0.30000000 0.10000000
vt 0.30000000 0.10000000
vt 0.30000000 0.10000000
vt 0.30000000 0.10000000
vt 0.30000000 0.10000000
vt 0.30000000 0.10000000
vt 0.30000000 0.10000000
vt 0.30000000 0.10000000
vt 0.30000000 0.10000000
vt 0.30000000 0.10000000
vt 0.20000000 0.50000000
vt 0.20000000 0.50000000
vt 0.20000000 0.50000000
vt 0.20000000 0.50000000
vt 0.20000000 0.50000000
vt 0.20000000 0.50000000
vt 0.20000000 0.50000000
vt 0.20000000 0.50000000
vt 0.20000000 0.40000000
vt 0.20000000 0.40000000
vt 0.20000000 0.40000000
vt 0.20000000 0.40000000
vt 0.20000000 0.40000000
vt 0.20000000 0.40000000
vt 0.20000000 0.40000000
vt 0.20000000 0.40000000
vt 0.20000000 0.40000000
vt 0.20000000 0.40000000
vt 0.20000000 0.40000000
vt 0.20000000 0.40000000
vt 0.20000000 0.40000000
vt 0.20000000 0.40000000
vt 0.20000000 0.40000000
vt 0.20000000 0.40000000
vt 0.20000000 0.30000000
vt 0.20000000 0.30000000
vt 0.20000000 0.30000000
vt 0.20000000 0.30000000
vt 0.20000000 0.30000000
vt 0.20000000 0.30000000
vt 0.20000000 0.30000000
vt 0.20000000 0.30000000
vt 0.20000000 0.30000000
vt 0.20000000 0.30000000
vt 0.20000000 0.30000000
vt 0.20000000 0.30000000
vt 0.20000000 0.30000000
vt 0.20000000 0.30000000
vt 0.20000000 0.30000000
vt 0.20000000 0.30000000
vt 0.20000000 0.20000000
vt 0.20000000 0.20000000
vt 0.20000000 0.20000000
vt 0.20000000 0.20000000
vt 0.20000000 0.20000000
vt 0.20000000 0.20000000
vt 0.20000000 0.20000000
vt 0.20000000 0.20000000
vt 0.20000000 0.20000000
vt 0.20000000 0.20000000
vt 0.20000000 0.20000000
vt 0.20000000 0.20000000
vt 0.20000000 0.20000000
vt 0.20000000 0.20000000
vt 0.20000000 0.20000000
vt 0.20000000 0.20000000
vt 0.20000000 0.10000000
vt 0.20000000 0.10000000
vt 0.20000000 0.10000000
vt 0.20000000 0.10000000
vt 0.20000000 0.10000000
vt 0.20000000 0.10000000
vt 0.20000000 0.10000000
vt 0.20000000 0.10000000
vt 0.20000000 0.10000000
vt 0.20000000 0.10000000
vt 0.20000000 0.10000000
vt 0.20000000 0.10000000
vt 0.10000000 0.50000000
vt 0.10000000 0.50000000
vt 0.10000000 0.50000000
vt 0.10000000 0.50000000
vt 0.10000000 0.50000000
vt 0.10000000 0.50000000
vt 0.10000000 0.50000000
vt 0.10000000 0.50000000
vt 0.10000000 0.40000000
vt 0.10000000 0.40000000
vt 0.10000000 0.40000000
vt 0.10000000 0.40000000
vt 0.10000000 0.40000000
vt 0.10000000 0.40000000
vt 0.10000000 0.40000000
vt 0.10000000 0.40000000
vt 0.10000000 0.40000000
vt 0.10000000 0.40000000
vt 0.10000000 0.40000000
vt 0.10000000 0.40000000
vt 0.10000000 0.40000000
vt 0.10000000 0.40000000
vt 0.10000000 0.40000000
vt 0.10000000 0.40000000
vt 0.10000000 0.30000000
vt 0.10000000 0.30000000
vt 0.10000000 0.30000000
vt 0.10000000 0.30000000
vt 0.10000000 0.30000000
vt 0.10000000 0.30000000
vt 0.10000000 0.30000000
vt 0.10000000 0.30000000
vt 0.10000000 0.30000000
vt 0.10000000 0.30000000
vt 0.10000000 0.30000000
vt 0.10000000 0.30000000
vt 0.10000000 0.30000000
vt 0.10000000 0.30000000
vt 0.10000000 0.30000000
vt 0.10000000 0.30000000
vt 0.10000000 0.20000000
vt 0.10000000 0.20000000
vt 0.10000000 0.20000000
vt 0.10000000 0.20000000
vt 0.10000000 0.20000000
vt 0.10000000 0.20000000
vt 0.10000000 0.20000000
vt 0.10000000 0.20000000
vt 0.10000000 0.20000000
vt 0.10000000 0.20000000
vt 0.10000000 0.20000000
vt 0.10000000 0.20000000
vt 0.10000000 0.20000000
vt 0.10000000 0.20000000
vt 0.10000000 0.20000000
vt 0.10000000 0.20000000
vt 0.10000000 0.10000000
vt 0.10000000 0.10000000
vt 0.10000000 0.10000000
vt 0.10000000 0.10000000
vt 0.10000000 0.10000000
vt 0.10000000 0.10000000
vt 0.10000000 0.10000000
vt 0.10000000 0.10000000
vt 0.10000000 0.10000000
vt 0.10000000 0.10000000
vt 0.10000000 0.10000000
vt 0.10000000 0.10000000
vt 1.00000000 0.50000000
vt 1.00000000 0.50000000
vt 0.00000000 0.50000000
vt 0.00000000 0.50000000
vt 0.00000000 0.50000000
vt 0.00000000 0.50000000
vt 1.00000000 0.50000000
vt 1.00000000 0.50000000
vt 0.00000000 0.40000000
vt 0.00000000 0.40000000
vt 0.00000000 0.40000000
vt 1.00000000 0.40000000
vt 1.00000000 0.40000000
vt 1.00000000 0.40000000
vt 1.00000000 0.40000000
vt 0.00000000 0.40000000
vt 1.00000000 0.40000000
vt 1.00000000 0.40000000
vt 1.00000000 0.40000000
vt 1.00000000 0.40000000
vt 0.00000000 0.40000000
vt 0.00000000 0.40000000
vt 0.00000000 0.40000000
vt 0.00000000 0.40000000
vt 0.00000000 0.30000000
vt 1.00000000 0.30000000
vt 1.00000000 0.30000000
vt 0.00000000 0.30000000
vt 0.00000000 0.30000000
vt 1.00000000 0.30000000
vt 1.00000000 0.30000000
vt 0.00000000 0.30000000
vt 0.00000000 0.30000000
vt 1.00000000 0.30000000
vt 1.00000000 0.30000000
vt 1.00000000 0.30000000
vt 1.00000000 0.30000000
vt 0.00000000 0.30000000
vt 0.00000000 0.30000000
vt 0.00000000 0.30000000
vt 1.00000000 0.20000000
vt 1.00000000 0.20000000
vt 1.00000000 0.20000000
vt 0.00000000 0.20000000
vt 0.00000000 0.20000000
vt 0.00000000 0.20000000
vt 1.00000000 0.20000000
vt 0.00000000 0.20000000
vt 1.00000000 0.20000000
vt 0.00000000 0.20000000
vt 0.00000000 0.20000000
vt 1.00000000 0.20000000
vt 1.00000000 0.20000000
vt 1.00000000 0.20000000
vt 0.00000000 0.20000000
vt 0.00000000 0.20000000
vt 0.00000000 0.10000000
vt 0.00000000 0.10000000
vt 1.00000000 0.10000000
vt 1.00000000 0.10000000
vt 1.00000000 0.10000000
vt 0.00000000 0.10000000
vt 1.00000000 0.10000000
vt 0.00000000 0.10000000
vt 1.00000000 0.10000000
vt 0.00000000 0.10000000
vt 0.00000000 0.10000000
vt 1.00000000 0.10000000
vt 0.90000000 0.50000000
vt 0.90000000 0.50000000
vt 0.90000000 0.50000000
vt 0.90000000 0.50000000
vt 0.90000000 0.50000000
vt 0.90000000 0.50000000
vt 0.90000000 0.50000000
vt 0.90000000 0.50000000
vt 0.90000000 0.40000000
vt 0.90000000 0.40000000
vt 0.90000000 0.40000000
vt 0.90000000 0.40000000
vt 0.90000000 0.40000000
vt 0.90000000 0.40000000
vt 0.90000000 0.40000000
vt 0.90000000 0.40000000
vt 0.90000000 0.40000000
vt 0.90000000 0.40000000
vt 0.90000000 0.40000000
vt 0.90000000 0.40000000
vt 0.90000000 0.40000000
vt 0.90000000 0.40000000
vt 0.90000000 0.40000000
vt 0.90000000 0.40000000
vt 0.90000000 0.30000000
vt 0.90000000 0.30000000
vt 0.90000000 0.30000000
vt 0.90000000 0.30000000
vt 0.90000000 0.30000000
vt 0.90000000 0.30000000
vt 0.90000000 0.30000000
vt 0.90000000 0.30000000
vt 0.90000000 0.30000000
vt 0.90000000 0.30000000
vt 0.90000000 0.30000000
vt 0.90000000 0.30000000
vt 0.90000000 0.30000000
vt 0.90000000 0.30000000
vt 0.90000000 0.30000000
vt 0.90000000 0.30000000
vt 0.90000000 0.20000000
vt 0.90000000 0.20000000
vt 0.90000000 0.20000000
vt 0.90000000 0.20000000
vt 0.90000000 0.20000000
vt 0.90000000 0.20000000
vt 0.90000000 0.20000000
vt 0.90000000 0.20000000
vt 0.90000000 0.20000000
vt 0.90000000 0.20000000
vt 0.90000000 0.20000000
vt 0.90000000 0.20000000
vt 0.90000000 0.20000000
vt 0.90000000 0.20000000
vt 0.90000000 0.20000000
vt 0.90000000 0.20000000
vt 0.90000000 0.10000000
vt 0.90000000 0.10000000
vt 0.90000000 0.10000000
vt 0.90000000 0.10000000
vt 0.90000000 0.10000000
vt 0.90000000 0.10000000
vt 0.90000000 0.10000000
vt 0.90000000 0.10000000
vt 0.90000000 0.10000000
vt 0.90000000 0.10000000
vt 0.90000000 0.10000000
vt 0.90000000 0.10000000
vt 0.80000000 0.50000000
vt 0.80000000 0.50000000
vt 0.80000000 0.50000000
vt 0.80000000 0.50000000
vt 0.80000000 0.50000000
vt 0.80000000 0.50000000
vt 0.80000000 0.50000000
vt 0.80000000 0.50000000
vt 0.80000000 0.40000000
vt 0.80000000 0.40000000
vt 0.80000000 0.40000000
vt 0.80000000 0.40000000
vt 0.80000000 0.40000000
vt 0.80000000 0.40000000
vt 0.80000000 0.40000000
vt 0.80000000 0.40000000
vt 0.80000000 0.40000000
vt 0.80000000 0.40000000
vt 0.80000000 0.40000000
vt 0.80000000 0.40000000
vt 0.80000000 0.40000000
vt 0.80000000 0.40000000
vt 0.80000000 0.40000000
vt 0.80000000 0.40000000
vt 0.80000000 0.30000000
vt 0.80000000 0.30000000
vt 0.80000000 0.30000000
vt 0.80000000 0.30000000
vt 0.80000000 0.30000000
vt 0.80000000 0.30000000
vt 0.80000000 0.30000000
vt 0.80000000 0.30000000
vt 0.80000000 0.30000000
vt 0.80000000 0.30000000
vt 0.80000000 0.30000000
vt 0.80000000 0.30000000
vt 0.80000000 0.30000000
vt 0.80000000 0.30000000
vt 0.80000000 0.30000000
vt 0.80000000 0.30000000
vt 0.80000000 0.20000000
vt 0.80000000 0.20000000
vt 0.80000000 0.20000000
vt 0.80000000 0.20000000
vt 0.80000000 0.20000000
vt 0.80000000 0.20000000
vt 0.80000000 0.20000000
vt 0.80000000 0.20000000
vt 0.80000000 0.20000000
vt 0.80000000 0.20000000
vt 0.80000000 0.20000000
vt 0.80000000 0.20000000
vt 0.80000000 0.20000000
vt 0.80000000 0.20000000
vt 0.80000000 0.20000000
vt 0.80000000 0.20000000
vt 0.80000000 0.10000000
vt 0.80000000 0.10000000
vt 0.80000000 0.10000000
vt 0.80000000 0.10000000
vt 0.80000000 0.10000000
vt 0.80000000 0.10000000
vt 0.80000000 0.10000000
vt 0.80000000 0.10000000
vt 0.80000000 0.10000000
vt 0.80000000 0.10000000
vt 0.80000000 0.10000000
vt 0.80000000 0.10000000
vt 0.70000000 0.50000000
vt 0.70000000 0.50000000
vt 0.70000000 0.50000000
vt 0.70000000 0.50000000
vt 0.70000000 0.50000000
vt 0.70000000 0.50000000
vt 0.70000000 0.50000000
vt 0.70000000 0.50000000
vt 0.70000000 0.40000000
vt 0.70000000 0.40000000
vt 0.70000000 0.40000000
vt 0.70000000 0.40000000
vt 0.70000000 0.40000000
vt 0.70000000 0.40000000
vt 0.70000000 0.40000000
vt 0.70000000 0.40000000
vt 0.70000000 0.40000000
vt 0.70000000 0.40000000
vt 0.70000000 0.40000000
vt 0.70000000 0.40000000
vt 0.70000000 0.40000000
vt 0.70000000 0.40000000
vt 0.70000000 0.40000000
vt 0.70000000 0.40000000
vt 0.70000000 0.30000000
vt 0.70000000 0.30000000
vt 0.70000000 0.30000000
vt 0.70000000 0.30000000
vt 0.70000000 0.30000000
vt 0.70000000 0.30000000
vt 0.70000000 0.30000000
vt 0.70000000 0.30000000
vt 0.70000000 0.30000000
vt 0.70000000 0.30000000
vt 0.70000000 0.30000000
vt 0.70000000 0.30000000
vt 0.70000000 0.30000000
vt 0.70000000 0.30000000
vt 0.70000000 0.30000000
vt 0.70000000 0.30000000
vt 0.70000000 0.10000000
vt 0.70000000 0.10000000
vt 0.70000000 0.10000000
vt 0.70000000 0.10000000
vt 0.70000000 0.10000000
vt 0.70000000 0.10000000
vt 0.70000000 0.10000000
vt 0.70000000 0.10000000
vt 0.70000000 0.10000000
vt 0.70000000 0.10000000
vt 0.70000000 0.10000000
vt 0.70000000 0.10000000
vt 0.70000000 0.10000000
vt 0.70000000 0.10000000
vt 0.60000000 0.10000000
vt 0.60000000 0.10000000
vt 0.70000000 0.30000000
vt 0.70000000 0.30000000
vt 0.70000000 0.30000000
vt 0.70000000 0.30000000
vt 0.70000000 0.40000000
vt 0.70000000 0.40000000
vt 0.70000000 0.40000000
vt 0.70000000 0.40000000
vt 0.60000000 0.40000000
vt 0.60000000 0.40000000
vt 0.60000000 0.40000000
vt 0.60000000 0.40000000
vt 0.60000000 0.30000000
vt 0.60000000 0.30000000
vt 0.60000000 0.30000000
vt 0.60000000 0.30000000
vt 0.70000000 0.20000000
vt 0.70000000 0.20000000
vt 0.70000000 0.20000000
vt 0.70000000 0.20000000
vt 0.70000000 0.30000000
vt 0.70000000 0.30000000
vt 0.70000000 0.30000000
vt 0.70000000 0.30000000
vt 0.60000000 0.30000000
vt 0.60000000 0.30000000
vt 0.60000000 0.30000000
vt 0.60000000 0.30000000
vt 0.60000000 0.20000000
vt 0.60000000 0.20000000
vt 0.60000000 0.20000000
vt 0.60000000 0.20000000
vt 0.70000000 0.10000000
vt 0.70000000 0.10000000
vt 0.70000000 0.10000000
vt 0.70000000 0.10000000
vt 0.70000000 0.20000000
vt 0.70000000 0.20000000
vt 0.70000000 0.20000000
vt 0.70000000 0.20000000
vt 0.60000000 0.20000000
vt 0.60000000 0.20000000
vt 0.60000000 0.20000000
vt 0.60000000 0.20000000
vt 0.60000000 0.10000000
vt 0.60000000 0.10000000
vt 0.60000000 0.10000000
vt 0.60000000 0.10000000
vt 0.70000000 0.40000000
vt 0.70000000 0.40000000
vt 0.70000000 0.40000000
vt 0.70000000 0.40000000
vt 0.70000000 0.50000000
vt 0.70000000 0.50000000
vt 0.70000000 0.50000000
vt 0.70000000 0.50000000
vt 0.60000000 0.50000000
vt 0.60000000 0.50000000
vt 0.60000000 0.50000000
vt 0.60000000 0.50000000
vt 0.60000000 0.40000000
vt 0.60000000 0.40000000
vt 0.60000000 0.40000000
vt 0.60000000 0.40000000
vt 0.60000000 0.10000000
vt 0.60000000 0.10000000
vt 0.50000000 0.10000000
vt 0.50000000 0.10000000
vt 0.60000000 0.30000000
vt 0.60000000 0.30000000
vt 0.60000000 0.30000000
vt 0.60000000 0.30000000
vt 0.60000000 0.40000000
vt 0.60000000 0.40000000
vt 0.60000000 0.40000000
vt 0.60000000 0.40000000
vt 0.50000000 0.40000000
vt 0.50000000 0.40000000
vt 0.50000000 0.40000000
vt 0.50000000 0.40000000
vt 0.50000000 0.30000000
vt 0.50000000 0.30000000
vt 0.50000000 0.30000000
vt 0.50000000 0.30000000
vt 0.60000000 0.20000000
vt 0.60000000 0.20000000
vt 0.60000000 0.20000000
vt 0.60000000 0.20000000
vt 0.60000000 0.30000000
vt 0.60000000 0.30000000
vt 0.60000000 0.30000000
vt 0.60000000 0.30000000
vt 0.50000000 0.30000000
vt 0.50000000 0.30000000
vt 0.50000000 0.30000000
vt 0.50000000 0.30000000
vt 0.50000000 0.20000000
vt 0.50000000 0.20000000
vt 0.50000000 0.20000000
vt 0.50000000 0.20000000
vt 0.60000000 0.10000000
vt 0.60000000 0.10000000
vt 0.60000000 0.10000000
vt 0.60000000 0.10000000
vt 0.60000000 0.20000000
vt 0.60000000 0.20000000
vt 0.60000000 0.20000000
vt 0.60000000 0.20000000
vt 0.50000000 0.20000000
vt 0.50000000 0.20000000
vt 0.50000000 0.20000000
vt 0.50000000 0.20000000
vt 0.50000000 0.10000000
vt 0.50000000 0.10000000
vt 0.50000000 0.10000000
vt 0.50000000 0.10000000
vt 0.60000000 0.40000000
vt 0.60000000 0.40000000
vt 0.60000000 0.40000000
vt 0.60000000 0.40000000
vt 0.60000000 0.50000000
vt 0.60000000 0.50000000
vt 0.60000000 0.50000000
vt 0.60000000 0.50000000
vt 0.50000000 0.50000000
vt 0.50000000 0.50000000
vt 0.50000000 0.50000000
vt 0.50000000 0.50000000
vt 0.50000000 0.40000000
vt 0.50000000 0.40000000
vt 0.50000000 0.40000000
vt 0.50000000 0.40000000
vt 0.50000000 0.40000000
vt 0.50000000 0.40000000
vt 0.50000000 0.40000000
vt 0.50000000 0.40000000
vt 0.50000000 0.50000000
vt 0.50000000 0.50000000
vt 0.50000000 0.50000000
vt 0.50000000 0.50000000
vt 0.40000000 0.50000000
vt 0.40000000 0.50000000
vt 0.40000000 0.50000000
vt 0.40000000 0.50000000
vt 0.40000000 0.40000000
vt 0.40000000 0.40000000
vt 0.40000000 0.40000000
vt 0.40000000 0.40000000
vt 0.50000000 0.10000000
vt 0.50000000 0.10000000
vt 0.40000000 0.10000000
vt 0.40000000 0.10000000
vt 0.50000000 0.30000000
vt 0.50000000 0.30000000
vt 0.50000000 0.30000000
vt 0.50000000 0.30000000
vt 0.50000000 0.40000000
vt 0.50000000 0.40000000
vt 0.50000000 0.40000000
vt 0.50000000 0.40000000
vt 0.40000000 0.40000000
vt 0.40000000 0.40000000
vt 0.40000000 0.40000000
vt 0.40000000 0.40000000
vt 0.40000000 0.30000000
vt 0.40000000 0.30000000
vt 0.40000000 0.30000000
vt 0.40000000 0.30000000
vt 0.50000000 0.20000000
vt 0.50000000 0.20000000
vt 0.50000000 0.20000000
vt 0.50000000 0.20000000
vt 0.50000000 0.30000000
vt 0.50000000 0.30000000
vt 0.50000000 0.30000000
vt 0.50000000 0.30000000
vt 0.40000000 0.30000000
vt 0.40000000 0.30000000
vt 0.40000000 0.30000000
vt 0.40000000 0.30000000
vt 0.40000000 0.20000000
vt 0.40000000 0.20000000
vt 0.40000000 0.20000000
vt 0.40000000 0.20000000
vt 0.50000000 0.10000000
vt 0.50000000 0.10000000
vt 0.50000000 0.10000000
vt 0.50000000 0.10000000
vt 0.50000000 0.20000000
vt 0.50000000 0.20000000
vt 0.50000000 0.20000000
vt 0.50000000 0.20000000
vt 0.40000000 0.20000000
vt 0.40000000 0.20000000
vt 0.40000000 0.20000000
vt 0.40000000 0.20000000
vt 0.40000000 0.10000000
vt 0.40000000 0.10000000
vt 0.40000000 0.10000000
vt 0.40000000 0.10000000
vt 0.40000000 0.10000000
vt 0.40000000 0.10000000
vt 0.40000000 0.10000000
vt 0.40000000 0.10000000
vt 0.40000000 0.20000000
vt 0.40000000 0.20000000
vt 0.40000000 0.20000000
vt 0.40000000 0.20000000
vt 0.30000000 0.20000000
vt 0.30000000 0.20000000
vt 0.30000000 0.20000000
vt 0.30000000 0.20000000
vt 0.30000000 0.10000000
vt 0.30000000 0.10000000
vt 0.30000000 0.10000000
vt 0.30000000 0.10000000
vt 0.40000000 0.40000000
vt 0.40000000 0.40000000
vt 0.40000000 0.40000000
vt 0.40000000 0.40000000
vt 0.40000000 0.50000000
vt 0.40000000 0.50000000
vt 0.40000000 0.50000000
vt 0.40000000 0.50000000
vt 0.30000000 0.50000000
vt 0.30000000 0.50000000
vt 0.30000000 0.50000000
vt 0.30000000 0.50000000
vt 0.30000000 0.40000000
vt 0.30000000 0.40000000
vt 0.30000000 0.40000000
vt 0.30000000 0.40000000
vt 0.40000000 0.10000000
vt 0.40000000 0.10000000
vt 0.30000000 0.10000000
vt 0.30000000 0.10000000
vt 0.40000000 0.30000000
vt 0.40000000 0.30000000
vt 0.40000000 0.30000000
vt 0.40000000 0.30000000
vt 0.40000000 0.40000000
vt 0.40000000 0.40000000
vt 0.40000000 0.40000000
vt 0.40000000 0.40000000
vt 0.30000000 0.40000000
vt 0.30000000 0.40000000
vt 0.30000000 0.40000000
vt 0.30000000 0.40000000
vt 0.30000000 0.30000000
vt 0.30000000 0.30000000
vt 0.30000000 0.30000000
vt 0.30000000 0.30000000
vt 0.40000000 0.20000000
vt 0.40000000 0.20000000
vt 0.40000000 0.20000000
vt 0.40000000 0.20000000
vt 0.40000000 0.30000000
vt 0.40000000 0.30000000
vt 0.40000000 0.30000000
vt 0.40000000 0.30000000
vt 0.30000000 0.30000000
vt 0.30000000 0.30000000
vt 0.30000000 0.30000000
vt 0.30000000 0.30000000
vt 0.30000000 0.20000000
vt 0.30000000 0.20000000
vt 0.30000000 0.20000000
vt 0.30000000 0.20000000
vt 0.30000000 0.20000000
vt 0.30000000 0.20000000
vt 0.30000000 0.20000000
vt 0.30000000 0.20000000
vt 0.30000000 0.30000000
vt 0.30000000 0.30000000
vt 0.30000000 0.30000000
vt 0.30000000 0.30000000
vt 0.20000000 0.30000000
vt 0.20000000 0.30000000
vt 0.20000000 0.30000000
vt 0.20000000 0.30000000
vt 0.20000000 0.20000000
vt 0.20000000 0.20000000
vt 0.20000000 0.20000000
vt 0.20000000 0.20000000
vt 0.30000000 0.10000000
vt 0.30000000 0.10000000
vt 0.30000000 0.10000000
vt 0.30000000 0.10000000
vt 0.30000000 0.20000000
vt 0.30000000 0.20000000
vt 0.30000000 0.20000000
vt 0.30000000 0.20000000
vt 0.20000000 0.20000000
vt 0.20000000 0.20000000
vt 0.20000000 0.20000000
vt 0.20000000 0.20000000
vt 0.20000000 0.10000000
vt 0.20000000 0.10000000
vt 0.20000000 0.10000000
vt 0.20000000 0.10000000
vt 0.30000000 0.40000000
vt 0.30000000 0.40000000
vt 0.30000000 0.40000000
vt 0.30000000 0.40000000
vt 0.30000000 0.50000000
vt 0.30000000 0.50000000
vt 0.30000000 0.50000000
vt 0.30000000 0.50000000
vt 0.20000000 0.50000000
vt 0.20000000 0.50000000
vt 0.20000000 0.50000000
vt 0.20000000 0.50000000
vt 0.20000000 0.40000000
vt 0.20000000 0.40000000
vt 0.20000000 0.40000000
vt 0.20000000 0.40000000
vt 0.30000000 0.10000000
vt 0.30000000 0.10000000
vt 0.20000000 0.10000000
vt 0.20000000 0.10000000
vt 0.30000000 0.30000000
vt 0.30000000 0.30000000
vt 0.30000000 0.30000000
vt 0.30000000 0.30000000
vt 0.30000000 0.40000000
vt 0.30000000 0.40000000
vt 0.30000000 0.40000000
vt 0.30000000 0.40000000
vt 0.20000000 0.40000000
vt 0.20000000 0.40000000
vt 0.20000000 0.40000000
vt 0.20000000 0.40000000
vt 0.20000000 0.30000000
vt 0.20000000 0.30000000
vt 0.20000000 0.30000000
vt 0.20000000 0.30000000
vt 0.20000000 0.20000000
vt 0.20000000 0.20000000
vt 0.20000000 0.20000000
vt 0.20000000 0.20000000
vt 0.20000000 0.30000000
vt 0.20000000 0.30000000
vt 0.20000000 0.30000000
vt 0.20000000 0.30000000
vt 0.10000000 0.30000000
vt 0.10000000 0.30000000
vt 0.10000000 0.30000000
vt 0.10000000 0.30000000
vt 0.10000000 0.20000000
vt 0.10000000 0.20000000
vt 0.10000000 0.20000000
vt 0.10000000 0.20000000
vt 0.20000000 0.10000000
vt 0.20000000 0.10000000
vt 0.20000000 0.10000000
vt 0.20000000 0.10000000
vt 0.20000000 0.20000000
vt 0.20000000 0.20000000
vt 0.20000000 0.20000000
vt 0.20000000 0.20000000
vt 0.10000000 0.20000000
vt 0.10000000 0.20000000
vt 0.10000000 0.20000000
vt 0.10000000 0.20000000
vt 0.10000000 0.10000000
vt 0.10000000 0.10000000
vt 0.10000000 0.10000000
vt 0.10000000 0.10000000
vt 0.20000000 0.40000000
vt 0.20000000 0.40000000
vt 0.20000000 0.40000000
vt 0.20000000 0.40000000
vt 0.20000000 0.50000000
vt 0.20000000 0.50000000
vt 0.20000000 0.50000000
vt 0.20000000 0.50000000
vt 0.10000000 0.50000000
vt 0.10000000 0.50000000
vt 0.10000000 0.50000000
vt 0.10000000 0.50000000
vt 0.10000000 0.40000000
vt 0.10000000 0.40000000
vt 0.10000000 0.40000000
vt 0.10000000 0.40000000
vt 0.20000000 0.10000000
vt 0.20000000 0.10000000
vt 0.10000000 0.10000000
vt 0.10000000 0.10000000
vt 0.20000000 0.30000000
vt 0.20000000 0.30000000
vt 0.20000000 0.30000000
vt 0.20000000 0.30000000
vt 0.20000000 0.40000000
vt 0.20000000 0.40000000
vt 0.20000000 0.40000000
vt 0.20000000 0.40000000
vt 0.10000000 0.40000000
vt 0.10000000 0.40000000
vt 0.10000000 0.40000000
vt 0.10000000 0.40000000
vt 0.10000000 0.30000000
vt 0.10000000 0.30000000
vt 0.10000000 0.30000000
vt 0.10000000 0.30000000
vt 0.10000000 0.30000000
vt 0.10000000 0.30000000
vt 0.10000000 0.30000000
vt 0.10000000 0.30000000
vt 0.10000000 0.40000000
vt 0.10000000 0.40000000
vt 0.10000000 0.40000000
vt 0.10000000 0.40000000
vt 0.00000000 0.40000000
vt 0.00000000 0.40000000
vt 0.00000000 0.40000000
vt 0.00000000 0.40000000
vt 0.00000000 0.30000000
vt 0.00000000 0.30000000
vt 0.00000000 0.30000000
vt 0.00000000 0.30000000
vt 0.10000000 0.20000000
vt 0.10000000 0.20000000
vt 0.10000000 0.20000000
vt 0.10000000 0.20000000
vt 0.10000000 0.30000000
vt 0.10000000 0.30000000
vt 0.10000000 0.30000000
vt 0.10000000 0.30000000
vt 0.00000000 0.30000000
vt 0.00000000 0.30000000
vt 0.00000000 0.30000000
vt 0.00000000 0.30000000
vt 0.00000000 0.20000000
vt 0.00000000 0.20000000
vt 0.00000000 0.20000000
vt 0.00000000 0.20000000
vt 0.10000000 0.10000000
vt 0.10000000 0.10000000
vt 0.10000000 0.10000000
vt 0.10000000 0.10000000
vt 0.10000000 0.20000000
vt 0.10000000 0.20000000
vt 0.10000000 0.20000000
vt 0.10000000 0.20000000
vt 0.00000000 0.20000000
vt 0.00000000 0.20000000
vt 0.00000000 0.20000000
vt 0.00000000 0.20000000
vt 0.00000000 0.10000000
vt 0.00000000 0.10000000
vt 0.00000000 0.10000000
vt 0.00000000 0.10000000
vt 0.10000000 0.40000000
vt 0.10000000 0.40000000
vt 0.10000000 0.40000000
vt 0.10000000 0.40000000
vt 0.10000000 0.50000000
vt 0.10000000 0.50000000
vt 0.10000000 0.50000000
vt 0.10000000 0.50000000
vt 0.00000000 0.50000000
vt 0.00000000 0.50000000
vt 0.00000000 0.50000000
vt 0.00000000 0.50000000
vt 0.00000000 0.40000000
vt 0.00000000 0.40000000
vt 0.00000000 0.40000000
vt 0.00000000 0.40000000
vt 0.10000000 0.10000000
vt 0.10000000 0.10000000
vt 0.00000000 0.10000000
vt 0.00000000 0.10000000
vt 1.00000000 0.10000000
vt 1.00000000 0.10000000
vt 0.90000000 0.10000000
vt 0.90000000 0.10000000
vt 1.00000000 0.30000000
vt 1.00000000 0.30000000
vt 1.00000000 0.30000000
vt 1.00000000 0.30000000
vt 1.00000000 0.40000000
vt 1.00000000 0.40000000
vt 1.00000000 0.40000000
vt 1.00000000 0.40000000
vt 0.90000000 0.40000000
vt 0.90000000 0.40000000
vt 0.90000000 0.40000000
vt 0.90000000 0.40000000
vt 0.90000000 0.30000000
vt 0.90000000 0.30000000
vt 0.90000000 0.30000000
vt 0.90000000 0.30000000
vt 1.00000000 0.20000000
vt 1.00000000 0.20000000
vt 1.00000000 0.20000000
vt 1.00000000 0.20000000
vt 1.00000000 0.30000000
vt 1.00000000 0.30000000
vt 1.00000000 0.30000000
vt 1.00000000 0.30000000
vt 0.90000000 0.30000000
vt 0.90000000 0.30000000
vt 0.90000000 0.30000000
vt 0.90000000 0.30000000
vt 0.90000000 0.20000000
vt 0.90000000 0.20000000
vt 0.90000000 0.20000000
vt 0.90000000 0.20000000
vt 1.00000000 0.10000000
vt 1.00000000 0.10000000
vt 1.00000000 0.10000000
vt 1.00000000 0.10000000
vt 1.00000000 0.20000000
vt 1.00000000 0.20000000
vt 1.00000000 0.20000000
vt 1.00000000 0.20000000
vt 0.90000000 0.20000000
vt 0.90000000 0.20000000
vt 0.90000000 0.20000000
vt 0.90000000 0.20000000
vt 0.90000000 0.10000000
vt 0.90000000 0.10000000
vt 0.90000000 0.10000000
vt 0.90000000 0.10000000
vt 1.00000000 0.40000000
vt 1.00000000 0.40000000
vt 1.00000000 0.40000000
vt 1.00000000 0.40000000
vt 1.00000000 0.50000000
vt 1.00000000 0.50000000
vt 1.00000000 0.50000000
vt 1.00000000 0.50000000
vt 0.90000000 0.50000000
vt 0.90000000 0.50000000
vt 0.90000000 0.50000000
vt 0.90000000 0.50000000
vt 0.90000000 0.40000000
vt 0.90000000 0.40000000
vt 0.90000000 0.40000000
vt 0.90000000 0.40000000
vt 0.90000000 0.10000000
vt 0.90000000 0.10000000
vt 0.90000000 0.10000000
vt 0.90000000 0.10000000
vt 0.90000000 0.20000000
vt 0.90000000 0.20000000
vt 0.90000000 0.20000000
vt 0.90000000 0.20000000
vt 0.80000000 0.20000000
vt 0.80000000 0.20000000
vt 0.80000000 0.20000000
vt 0.80000000 0.20000000
vt 0.80000000 0.10000000
vt 0.80000000 0.10000000
vt 0.80000000 0.10000000
vt 0.80000000 0.10000000
vt 0.90000000 0.40000000
vt 0.90000000 0.40000000
vt 0.90000000 0.40000000
vt 0.90000000 0.40000000
vt 0.90000000 0.50000000
vt 0.90000000 0.50000000
vt 0.90000000 0.50000000
vt 0.90000000 0.50000000
vt 0.80000000 0.50000000
vt 0.80000000 0.50000000
vt 0.80000000 0.50000000
vt 0.80000000 0.50000000
vt 0.80000000 0.40000000
vt 0.80000000 0.40000000
vt 0.80000000 0.40000000
vt 0.80000000 0.40000000
vt 0.90000000 0.10000000
vt 0.90000000 0.10000000
vt 0.80000000 0.10000000
vt 0.80000000 0.10000000
vt 0.90000000 0.30000000
vt 0.90000000 0.30000000
vt 0.90000000 0.30000000
vt 0.90000000 0.30000000
vt 0.90000000 0.40000000
vt 0.90000000 0.40000000
vt 0.90000000 0.40000000
vt 0.90000000 0.40000000
vt 0.80000000 0.40000000
vt 0.80000000 0.40000000
vt 0.80000000 0.40000000
vt 0.80000000 0.40000000
vt 0.80000000 0.30000000
vt 0.80000000 0.30000000
vt 0.80000000 0.30000000
vt 0.80000000 0.30000000
vt 0.90000000 0.20000000
vt 0.90000000 0.20000000
vt 0.90000000 0.20000000
vt 0.90000000 0.20000000
vt 0.90000000 0.30000000
vt 0.90000000 0.30000000
vt 0.90000000 0.30000000
vt 0.90000000 0.30000000
vt 0.80000000 0.30000000
vt 0.80000000 0.30000000
vt 0.80000000 0.30000000
vt 0.80000000 0.30000000
vt 0.80000000 0.20000000
vt 0.80000000 0.20000000
vt 0.80000000 0.20000000
vt 0.80000000 0.20000000
vt 0.80000000 0.10000000
vt 0.80000000 0.10000000
vt 0.80000000 0.10000000
vt 0.80000000 0.10000000
vt 0.80000000 0.20000000
vt 0.80000000 0.20000000
vt 0.80000000 0.20000000
vt 0.80000000 0.20000000
vt 0.70000000 0.20000000
vt 0.70000000 0.20000000
vt 0.70000000 0.20000000
vt 0.70000000 0.20000000
vt 0.70000000 0.10000000
vt 0.70000000 0.10000000
vt 0.70000000 0.10000000
vt 0.70000000 0.10000000
vt 0.80000000 0.40000000
vt 0.80000000 0.40000000
vt 0.80000000 0.40000000
vt 0.80000000 0.40000000
vt 0.80000000 0.50000000
vt 0.80000000 0.50000000
vt 0.80000000 0.50000000
vt 0.80000000 0.50000000
vt 0.70000000 0.50000000
vt 0.70000000 0.50000000
vt 0.70000000 0.50000000
vt 0.70000000 0.50000000
vt 0.70000000 0.40000000
vt 0.70000000 0.40000000
vt 0.70000000 0.40000000
vt 0.70000000 0.40000000
vt 0.80000000 0.10000000
vt 0.80000000 0.10000000
vt 0.70000000 0.10000000
vt 0.70000000 0.10000000
vt 0.80000000 0.30000000
vt 0.80000000 0.30000000
vt 0.80000000 0.30000000
vt 0.80000000 0.30000000
vt 0.80000000 0.40000000
vt 0.80000000 0.40000000
vt 0.80000000 0.40000000
vt 0.80000000 0.40000000
vt 0.70000000 0.40000000
vt 0.70000000 0.40000000
vt 0.70000000 0.40000000
vt 0.70000000 0.40000000
vt 0.70000000 0.30000000
vt 0.70000000 0.30000000
vt 0.70000000 0.30000000
vt 0.70000000 0.30000000
vt 0.80000000 0.20000000
vt 0.80000000 0.20000000
vt 0.80000000 0.20000000
vt 0.80000000 0.20000000
vt 0.80000000 0.30000000
vt 0.80000000 0.30000000
vt 0.80000000 0.30000000
vt 0.80000000 0.30000000
vt 0.70000000 0.30000000
vt 0.70000000 0.30000000
vt 0.70000000 0.30000000
vt 0.70000000 0.30000000
vt 0.70000000 0.20000000
vt 0.70000000 0.20000000
vt 0.70000000 0.20000000
vt 0.70000000 0.20000000
vt 1.00000000 0.50000000
vt 0.00000000 0.50000000
vt 0.00000000 0.50000000
vt 1.00000000 0.50000000
vt 1.00000000 1.00000000
vt 0.00000000 1.00000000
vt 1.00000000 1.00000000
vt 0.00000000 1.00000000
vt 0.87500000 0.50000000
vt 0.87500000 0.50000000
vt 0.87500000 0.50000000
vt 0.87500000 1.00000000
vt 0.87500000 1.00000000
vt 0.87500000 1.00000000
vt 0.75000000 0.50000000
vt 0.75000000 0.50000000
vt 0.75000000 0.50000000
vt 0.75000000 1.00000000
vt 0.75000000 1.00000000
vt 0.75000000 1.00000000
vt 0.62500000 0.50000000
vt 0.62500000 0.50000000
vt 0.62500000 0.50000000
vt 0.62500000 1.00000000
vt 0.62500000 1.00000000
vt 0.62500000 1.00000000
vt 0.50000000 0.50000000
vt 0.50000000 0.50000000
vt 0.50000000 0.50000000
vt 0.50000000 1.00000000
vt 0.50000000 1.00000000
vt 0.50000000 1.00000000
vt 0.37500000 0.50000000
vt 0.37500000 0.50000000
vt 0.37500000 0.50000000
vt 0.37500000 1.00000000
vt 0.37500000 1.00000000
vt 0.37500000 1.00000000
vt 0.25000000 0.50000000
vt 0.25000000 0.50000000
vt 0.25000000 0.50000000
vt 0.25000000 1.00000000
vt 0.25000000 1.00000000
vt 0.25000000 1.00000000
vt 0.12500000 0.50000000
vt 0.12500000 0.50000000
vt 0.12500000 0.50000000
vt 0.12500000 1.00000000
vt 0.12500000 1.00000000
vt 0.12500000 1.00000000
vt 0.00000000 0.50000000
vt 1.00000000 0.50000000
vt 1.00000000 0.50000000
vt 0.00000000 0.50000000
vt 0.87500000 0.50000000
vt 0.87500000 0.50000000
vt 0.87500000 0.50000000
vt 0.75000000 0.50000000
vt 0.75000000 0.50000000
vt 0.75000000 0.50000000
vt 0.62500000 0.50000000
vt 0.62500000 0.50000000
vt 0.62500000 0.50000000
vt 0.50000000 0.50000000
vt 0.50000000 0.50000000
vt 0.50000000 0.50000000
vt 0.37500000 0.50000000
vt 0.37500000 0.50000000
vt 0.37500000 0.50000000
vt 0.25000000 0.50000000
vt 0.25000000 0.50000000
vt 0.25000000 0.50000000
vt 0.12500000 0.50000000
vt 0.12500000 0.50000000
vt 0.12500000 0.50000000
vt 0.00000000 0.50000000
vt 1.00000000 0.50000000
vt 1.00000000 0.50000000
vt 0.00000000 0.50000000
vt 0.00000000 1.00000000
vt 1.00000000 1.00000000
vt 1.00000000 1.00000000
vt 0.00000000 1.00000000
vt 0.87500000 0.50000000
vt 0.87500000 0.50000000
vt 0.87500000 0.50000000
vt 0.87500000 0.50000000
vt 0.87500000 1.00000000
vt 0.87500000 1.00000000
vt 0.87500000 1.00000000
vt 0.75000000 0.50000000
vt 0.75000000 0.50000000
vt 0.75000000 0.50000000
vt 0.75000000 0.50000000
vt 0.75000000 1.00000000
vt 0.75000000 1.00000000
vt 0.75000000 1.00000000
vt 0.62500000 0.50000000
vt 0.62500000 0.50000000
vt 0.62500000 0.50000000
vt 0.62500000 0.50000000
vt 0.62500000 1.00000000
vt 0.62500000 1.00000000
vt 0.62500000 1.00000000
vt 0.50000000 0.50000000
vt 0.50000000 0.50000000
vt 0.50000000 0.50000000
vt 0.50000000 0.50000000
vt 0.50000000 1.00000000
vt 0.50000000 1.00000000
vt 0.50000000 1.00000000
vt 0.37500000 0.50000000
vt 0.37500000 0.50000000
vt 0.37500000 0.50000000
vt 0.37500000 0.50000000
vt 0.37500000 1.00000000
vt 0.37500000 1.00000000
vt 0.37500000 1.00000000
vt 0.25000000 0.50000000
vt 0.25000000 0.50000000
vt 0.25000000 0.50000000
vt 0.25000000 0.50000000
vt 0.25000000 1.00000000
vt 0.25000000 1.00000000
vt 0.25000000 1.00000000
vt 0.12500000 0.50000000
vt 0.12500000 0.50000000
vt 0.12500000 0.50000000
vt 0.12500000 0.50000000
vt 0.12500000 1.00000000
vt 0.12500000 1.00000000
vt 0.12500000 1.00000000
vt 0.00000000 0.50000000
vt 0.00000000 0.50000000
vt 1.00000000 0.50000000
vt 1.00000000 0.50000000
vt 0.87500000 0.50000000
vt 0.87500000 0.50000000
vt 0.87500000 0.50000000
vt 0.87500000 0.50000000
vt 0.75000000 0.50000000
vt 0.75000000 0.50000000
vt 0.75000000 0.50000000
vt 0.75000000 0.50000000
vt 0.62500000 0.50000000
vt 0.62500000 0.50000000
vt 0.62500000 0.50000000
vt 0.62500000 0.50000000
vt 0.50000000 0.50000000
vt 0.50000000 0.50000000
vt 0.50000000 0.50000000
vt 0.50000000 0.50000000
vt 0.37500000 0.50000000
vt 0.37500000 0.50000000
vt 0.37500000 0.50000000
vt 0.37500000 0.50000000
vt 0.25000000 0.50000000
vt 0.25000000 0.50000000
vt 0.25000000 0.50000000
vt 0.25000000 0.50000000
vt 0.12500000 0.50000000
vt 0.12500000 0.50000000
vt 0.12500000 0.50000000
vt 0.12500000 0.50000000
vt 1.00000000 0.98901700
vt 1.00000000 0.98901700
vt 0.00000000 0.98901700
vt 0.00000000 0.98901700
vt 0.87500000 0.98901700
vt 0.87500000 0.98901700
vt 0.87500000 0.98901700
vt 0.87500000 0.98901700
vt 0.75000000 0.98901700
vt 0.75000000 0.98901700
vt 0.75000000 0.98901700
vt 0.75000000 0.98901700
vt 0.62500000 0.98901700
vt 0.62500000 0.98901700
vt 0.62500000 0.98901700
vt 0.62500000 0.98901700
vt 0.50000000 0.98901700
vt 0.50000000 0.98901700
vt 0.50000000 0.98901700
vt 0.50000000 0.98901700
vt 0.37500000 0.98901700
vt 0.37500000 0.98901700
vt 0.37500000 0.98901700
vt 0.37500000 0.98901700
vt 0.25000000 0.98901700
vt 0.25000000 0.98901700
vt 0.25000000 0.98901700
vt 0.25000000 0.98901700
vt 0.12500000 0.98901700
vt 0.12500000 0.98901700
vt 0.12500000 0.98901700
vt 0.12500000 0.98901700
vt 0.87500000 1.00000000
vt 0.87500000 1.00000000
vt 0.87500000 1.00000000
vt 0.87500000 1.00000000
vt 0.00000000 1.00000000
vt 1.00000000 1.00000000
vt 1.00000000 1.00000000
vt 0.00000000 1.00000000
vt 0.00000000 0.98901700
vt 1.00000000 0.98901700
vt 1.00000000 0.98901700
vt 0.00000000 0.98901700
vt 0.75000000 1.00000000
vt 0.75000000 1.00000000
vt 0.75000000 1.00000000
vt 0.75000000 1.00000000
vt 0.62500000 1.00000000
vt 0.62500000 1.00000000
vt 0.62500000 1.00000000
vt 0.62500000 1.00000000
vt 0.50000000 1.00000000
vt 0.50000000 1.00000000
vt 0.50000000 1.00000000
vt 0.50000000 1.00000000
vt 0.37500000 1.00000000
vt 0.37500000 1.00000000
vt 0.37500000 1.00000000
vt 0.37500000 1.00000000
vt 0.25000000 1.00000000
vt 0.25000000 1.00000000
vt 0.25000000 1.00000000
vt 0.25000000 1.00000000
vt 0.12500000 1.00000000
vt 0.12500000 1.00000000
vt 0.12500000 1.00000000
vt 0.12500000 1.00000000
vt 0.87500000 0.98901700
vt 0.87500000 0.98901700
vt 0.87500000 0.98901700
vt 0.87500000 0.98901700
vt 0.75000000 0.98901700
vt 0.75000000 0.98901700
vt 0.75000000 0.98901700
vt 0.75000000 0.98901700
vt 0.62500000 0.98901700
vt 0.62500000 0.98901700
vt 0.62500000 0.98901700
vt 0.62500000 0.98901700
vt 0.50000000 0.98901700
vt 0.50000000 0.98901700
vt 0.50000000 0.98901700
vt 0.50000000 0.98901700
vt 0.37500000 0.98901700
vt 0.37500000 0.98901700
vt 0.37500000 0.98901700
vt 0.37500000 0.98901700
vt 0.25000000 0.98901700
vt 0.25000000 0.98901700
vt 0.25000000 0.98901700
vt 0.25000000 0.98901700
vt 0.12500000 0.98901700
vt 0.12500000 0.98901700
vt 0.12500000 0.98901700
vt 0.12500000 0.98901700
vt 1.00000000 0.50000000
vt 1.00000000 0.50000000
vt -0.00000000 0.50000000
vt -0.00000000 0.50000000
vt -0.00000000 1.00000000
vt 1.00000000 1.00000000
vt -0.00000000 1.00000000
vt 1.00000000 1.00000000
vt 0.90000000 0.50000000
vt 0.90000000 0.50000000
vt 0.90000000 0.50000000
vt 0.90000000 1.00000000
vt 0.90000000 1.00000000
vt 0.90000000 1.00000000
vt 0.80000000 0.50000000
vt 0.80000000 0.50000000
vt 0.80000000 0.50000000
vt 0.80000000 1.00000000
vt 0.80000000 1.00000000
vt 0.80000000 1.00000000
vt 0.70000000 0.50000000
vt 0.70000000 0.50000000
vt 0.70000000 0.50000000
vt 0.70000000 1.00000000
vt 0.70000000 1.00000000
vt 0.70000000 1.00000000
vt 0.60000000 0.50000000
vt 0.60000000 0.50000000
vt 0.60000000 0.50000000
vt 0.60000000 1.00000000
vt 0.60000000 1.00000000
vt 0.60000000 1.00000000
vt 0.50000000 0.50000000
vt 0.50000000 0.50000000
vt 0.50000000 0.50000000
vt 0.50000000 1.00000000
vt 0.50000000 1.00000000
vt 0.50000000 1.00000000
vt 0.40000000 0.50000000
vt 0.40000000 0.50000000
vt 0.40000000 0.50000000
vt 0.40000000 1.00000000
vt 0.40000000 1.00000000
vt 0.40000000 1.00000000
vt 0.30000000 0.50000000
vt 0.30000000 0.50000000
vt 0.30000000 0.50000000
vt 0.30000000 1.00000000
vt 0.30000000 1.00000000
vt 0.30000000 1.00000000
vt 0.20000000 0.50000000
vt 0.20000000 0.50000000
vt 0.20000000 0.50000000
vt 0.20000000 1.00000000
vt 0.20000000 1.00000000
vt 0.20000000 1.00000000
vt 0.10000000 0.50000000
vt 0.10000000 0.50000000
vt 0.10000000 0.50000000
vt 0.10000000 1.00000000
vt 0.10000000 1.00000000
vt 0.10000000 1.00000000
vt -0.00000000 0.50000000
vt 1.00000000 0.50000000
vt -0.00000000 0.50000000
vt 1.00000000 0.50000000
vt -0.00000000 1.00000000
vt -0.00000000 1.00000000
vt 1.00000000 1.00000000
vt 1.00000000 1.00000000
vt 0.90000000 0.50000000
vt 0.90000000 0.50000000
vt 0.90000000 0.50000000
vt 0.90000000 1.00000000
vt 0.90000000 1.00000000
vt 0.90000000 1.00000000
vt 0.80000000 0.50000000
vt 0.80000000 0.50000000
vt 0.80000000 0.50000000
vt 0.80000000 1.00000000
vt 0.80000000 1.00000000
vt 0.80000000 1.00000000
vt 0.70000000 0.50000000
vt 0.70000000 0.50000000
vt 0.70000000 0.50000000
vt 0.70000000 1.00000000
vt 0.70000000 1.00000000
vt 0.70000000 1.00000000
vt 0.60000000 0.50000000
vt 0.60000000 0.50000000
vt 0.60000000 0.50000000
vt 0.60000000 1.00000000
vt 0.60000000 1.00000000
vt 0.60000000 1.00000000
vt 0.50000000 0.50000000
vt 0.50000000 0.50000000
vt 0.50000000 0.50000000
vt 0.50000000 1.00000000
vt 0.50000000 1.00000000
vt 0.50000000 1.00000000
vt 0.40000000 0.50000000
vt 0.40000000 0.50000000
vt 0.40000000 0.50000000
vt 0.40000000 1.00000000
vt 0.40000000 1.00000000
vt 0.40000000 1.00000000
vt 0.30000000 0.50000000
vt 0.30000000 0.50000000
vt 0.30000000 0.50000000
vt 0.30000000 1.00000000
vt 0.30000000 1.00000000
vt 0.30000000 1.00000000
vt 0.20000000 0.50000000
vt 0.20000000 0.50000000
vt 0.20000000 0.50000000
vt 0.20000000 1.00000000
vt 0.20000000 1.00000000
vt 0.20000000 1.00000000
vt 0.10000000 0.50000000
vt 0.10000000 0.50000000
vt 0.10000000 0.50000000
vt 0.10000000 1.00000000
vt 0.10000000 1.00000000
vt 0.10000000 1.00000000
vt 0.62500000 0.00000000
vt 0.87500000 0.75000000
vt 0.62500000 1.00000000
vt 0.62500000 0.25000000
vt 0.87500000 0.50000000
vt 0.62500000 0.25000000
vt 0.62500000 0.75000000
vt 0.62500000 0.75000000
vt 0.62500000 0.75000000
vt 0.62500000 0.50000000
vt 0.62500000 0.50000000
vt 0.62500000 0.50000000
vt 0.44106200 1.00000000
vt 0.44106200 0.00000000
vt 0.44106200 0.00000000
vt 0.19106200 0.75000000
vt 0.37500000 0.93393800
vt 0.19106200 0.75000000
vt 0.12500000 0.75000000
vt 0.39434900 0.98065100
vt 0.37500000 0.00000000
vt 0.19106200 0.50000000
vt 0.19106200 0.50000000
vt 0.37500000 0.31606200
vt 0.44106200 0.25000000
vt 0.44106200 0.25000000
vt 0.44106200 0.25000000
vt 0.12500000 0.50000000
vt 0.39434900 0.26934900
vt 0.37500000 0.25000000
vt 0.30893800 0.75000000
vt 0.37500000 0.81606200
vt 0.30893800 0.75000000
vt 0.44106200 0.75000000
vt 0.44106200 0.75000000
vt 0.44106200 0.75000000
vt 0.37500000 0.75000000
vt 0.39434900 0.76934900
vt 0.37500000 0.75000000
vt 0.44106200 0.50000000
vt 0.44106200 0.50000000
vt 0.44106200 0.50000000
vt 0.30893800 0.50000000
vt 0.37500000 0.43393800
vt 0.30893800 0.50000000
vt 0.37500000 0.50000000
vt 0.39434900 0.48065100
vt 0.37500000 0.50000000
vt 0.62500000 0.00000000
vt 0.62500000 1.00000000
vt 0.87500000 0.75000000
vt 0.62500000 0.25000000
vt 0.62500000 0.25000000
vt 0.87500000 0.50000000
vt 0.62500000 0.75000000
vt 0.62500000 0.75000000
vt 0.62500000 0.75000000
vt 0.62500000 0.50000000
vt 0.62500000 0.50000000
vt 0.62500000 0.50000000
vt 0.44106200 0.00000000
vt 0.44106200 1.00000000
vt 0.44106200 0.00000000
vt 0.19106200 0.75000000
vt 0.19106200 0.75000000
vt 0.37500000 0.93393800
vt 0.37500000 0.00000000
vt 0.39434900 0.98065100
vt 0.12500000 0.75000000
vt 0.19106200 0.50000000
vt 0.37500000 0.31606200
vt 0.19106200 0.50000000
vt 0.44106200 0.25000000
vt 0.44106200 0.25000000
vt 0.44106200 0.25000000
vt 0.12500000 0.50000000
vt 0.37500000 0.25000000
vt 0.39434900 0.26934900
vt 0.30893800 0.75000000
vt 0.37500000 0.81606200
vt 0.30893800 0.75000000
vt 0.44106200 0.75000000
vt 0.44106200 0.75000000
vt 0.44106200 0.75000000
vt 0.39434900 0.76934900
vt 0.37500000 0.75000000
vt 0.37500000 0.75000000
vt 0.44106200 0.50000000
vt 0.44106200 0.50000000
vt 0.44106200 0.50000000
vt 0.30893800 0.50000000
vt 0.30893800 0.50000000
vt 0.37500000 0.43393800
vt 0.37500000 0.50000000
vt 0.39434900 0.48065100
vt 0.37500000 0.50000000
vt 0.62500000 0.00000000
vt 0.87500000 0.75000000
vt 0.62500000 1.00000000
vt 0.62500000 0.25000000
vt 0.87500000 0.50000000
vt 0.62500000 0.25000000
vt 0.62500000 0.75000000
vt 0.62500000 0.75000000
vt 0.62500000 0.75000000
vt 0.62500000 0.50000000
vt 0.62500000 0.50000000
vt 0.62500000 0.50000000
vt 0.49081200 0.00000000
vt 0.49081200 1.00000000
vt 0.49081200 1.00000000
vt 0.49081200 0.00000000
vt 0.49081200 0.25000000
vt 0.49081200 0.25000000
vt 0.49081200 0.50000000
vt 0.49081200 0.50000000
vt 0.49081200 0.75000000
vt 0.49081200 0.75000000
vt 0.49081200 0.75000000
vt 0.49081200 0.75000000
vt 0.12500000 0.64201300
vt 0.37500000 0.10798700
vt 0.37500000 0.64201300
vt 0.37500000 0.64201300
vt 0.49081200 0.64201300
vt 0.49081200 0.64201300
vt 0.49081200 0.10798700
vt 0.49081200 0.10798700
vt 0.62500000 0.00000000
vt 0.87500000 0.75000000
vt 0.62500000 1.00000000
vt 0.62500000 0.25000000
vt 0.62500000 0.25000000
vt 0.87500000 0.50000000
vt 0.62500000 0.75000000
vt 0.62500000 0.75000000
vt 0.62500000 0.75000000
vt 0.62500000 0.50000000
vt 0.62500000 0.50000000
vt 0.62500000 0.50000000
vt 0.49081200 0.00000000
vt 0.49081200 1.00000000
vt 0.49081200 1.00000000
vt 0.49081200 0.00000000
vt 0.49081200 0.25000000
vt 0.49081200 0.25000000
vt 0.49081200 0.50000000
vt 0.49081200 0.50000000
vt 0.49081200 0.75000000
vt 0.49081200 0.75000000
vt 0.49081200 0.75000000
vt 0.49081200 0.75000000
vt 0.12500000 0.64201300
vt 0.37500000 0.10798700
vt 0.37500000 0.64201300
vt 0.37500000 0.64201300
vt 0.49081200 0.64201300
vt 0.49081200 0.64201300
vt 0.49081200 0.10798700
vt 0.49081200 0.10798700
vt 0.37500000 0.03199100
vt 0.12500000 0.71800900
vt 0.12500000 0.71800900
vt 0.40547600 0.00000000
vt 0.40547600 1.00000000
vt 0.12500000 0.75000000
vt 0.40547600 0.75000000
vt 0.37500000 0.75000000
vt 0.40547600 0.75000000
vt 0.37500000 0.71998000
vt 0.37500000 0.71998000
vt 0.37500000 0.71998000
vt 0.40547600 1.00000000
vt 0.40547600 0.00000000
vt 0.12500000 0.75000000
vt 0.12500000 0.71800900
vt 0.37500000 0.03199100
vt 0.12500000 0.71800900
vt 0.37500000 0.71998000
vt 0.37500000 0.71998000
vt 0.37500000 0.71998000
vt 0.40547600 0.75000000
vt 0.40547600 0.75000000
vt 0.37500000 0.75000000
vn 0.02302489 0.99968938 -0.00953951
vn 0.02345469 0.99968195 -0.00926744
vn 0.02495184 0.99968865 0.00000000
vn 0.00744925 0.99983158 -0.01677238
vn 0.00688327 0.99983816 -0.01662167
vn 0.00000000 0.99983795 -0.01800220
vn 0.02508663 0.99962974 -0.01053727
vn 0.01047165 0.99962539 -0.02528686
vn 0.00860276 0.99964597 -0.02517788
vn 0.02528898 0.99962527 -0.01047755
vn 0.00575834 0.99981869 0.01815019
vn 0.00687960 0.99983833 0.01661282
vn 0.00000000 0.99983795 0.01800220
vn 0.02306354 0.99968833 0.00955552
vn 0.02306543 0.99968704 0.00968591
vn 0.02495184 0.99968865 0.00000000
vn 0.01075998 0.99963865 0.02463333
vn 0.02525160 0.99963116 0.00999551
vn 0.01048627 0.99962434 0.02532217
vn 0.02525296 0.99962634 0.01046263
vn -0.00575834 0.99981869 -0.01815019
vn -0.00687960 0.99983833 -0.01661282
vn 0.00000000 0.99983795 -0.01800220
vn -0.02495184 0.99968865 0.00000000
vn -0.02306354 0.99968833 -0.00955552
vn -0.02306603 0.99968702 -0.00968616
vn -0.02525160 0.99963116 -0.00999551
vn -0.02525368 0.99962632 -0.01046292
vn -0.01048627 0.99962434 -0.02532217
vn -0.01076075 0.99963860 -0.02463493
vn -0.02302429 0.99968939 0.00953926
vn -0.02345469 0.99968195 0.00926744
vn -0.02495184 0.99968865 0.00000000
vn 0.00000000 0.99983795 0.01800220
vn -0.00744918 0.99983158 0.01677236
vn -0.00688327 0.99983816 0.01662167
vn -0.01047092 0.99962544 0.02528512
vn -0.02508591 0.99962977 0.01053696
vn -0.02528898 0.99962527 0.01047755
vn -0.00860276 0.99964597 0.02517788
vn 0.02316012 0.99969060 -0.00907311
vn 0.02497555 0.99968806 0.00000000
vn -0.92788238 0.01607323 0.37252643
vn -0.99994092 0.01086961 0.00000000
vn -0.37091343 0.00938763 0.92862000
vn 0.00709683 0.99981843 -0.01768427
vn 0.00000000 0.99983785 -0.01800741
vn 0.00000000 0.00197158 0.99999806
vn -0.37212173 0.00973326 0.92813290
vn -0.92835185 0.01638744 0.37134121
vn 0.00894263 0.99959896 -0.02686927
vn 0.02507051 0.99963228 -0.01033342
vn 0.00000000 0.00197049 -0.99999806
vn -0.37210320 0.01116334 -0.92812423
vn 0.00000000 0.99983785 0.01800741
vn 0.00500065 0.99984297 0.01700077
vn -0.99994092 0.01086961 0.00000000
vn 0.02333539 0.99968150 0.00961019
vn 0.02497555 0.99968806 0.00000000
vn -0.92838123 0.01433717 -0.37135257
vn -0.92790120 0.01466162 -0.37253778
vn 0.02568295 0.99961929 0.01008225
vn -0.37090860 0.01146549 -0.92859859
vn 0.00992387 0.99965133 0.02446908
vn -0.00500065 0.99984297 -0.01700077
vn 0.00000000 0.00197158 0.99999806
vn 0.37210261 0.01116348 0.92812447
vn 0.00000000 0.99983785 -0.01800741
vn 0.99994092 0.01086961 0.00000000
vn 0.92838123 0.01433758 0.37135257
vn -0.02333539 0.99968150 -0.00961019
vn -0.02497555 0.99968806 0.00000000
vn -0.00992387 0.99965133 -0.02446908
vn -0.02568295 0.99961929 -0.01008225
vn 0.92790129 0.01466197 0.37253754
vn 0.37090860 0.01146549 0.92859859
vn 0.92788229 0.01607317 -0.37252667
vn -0.02316012 0.99969060 0.00907311
vn 0.99994092 0.01086961 0.00000000
vn -0.02497555 0.99968806 0.00000000
vn 0.37091344 0.00938662 -0.92862001
vn 0.00000000 0.00197049 -0.99999806
vn 0.00000000 0.99983785 0.01800741
vn -0.00709683 0.99981843 0.01768427
vn 0.37212233 0.00973242 -0.92813267
vn 0.92835185 0.01638744 -0.37134121
vn -0.00894263 0.99959896 0.02686927
vn -0.02507051 0.99963228 0.01033342
vn -0.02305734 -0.99968724 0.00968420
vn -0.02490164 -0.99968991 0.00000000
vn 0.99975223 -0.02225917 0.00000000
vn 0.92354089 -0.02573450 -0.38263554
vn -0.02527475 -0.99962570 0.01047165
vn 0.92354114 -0.02573468 -0.38263494
vn 0.38252083 -0.02100065 -0.92370817
vn -0.01074432 -0.99963986 0.02459098
vn -0.00684272 -0.99984006 0.01652376
vn 0.38252059 -0.02100057 -0.92370827
vn 0.00000000 -0.99984036 0.01786749
vn 0.00000000 -0.01351371 -0.99990869
vn 0.00684266 -0.99984006 -0.01652377
vn 0.00000000 -0.01351371 0.99990869
vn -0.38251723 -0.02100052 0.92370967
vn 0.00000000 -0.99984036 -0.01786749
vn -0.92354114 -0.02573468 0.38263494
vn 0.01074502 -0.99963981 -0.02459264
vn 0.02527547 -0.99962567 -0.01047195
vn -0.38251747 -0.02100060 0.92370956
vn -0.92354089 -0.02573450 0.38263554
vn -0.99975223 -0.02225917 0.00000000
vn 0.02490164 -0.99968991 0.00000000
vn 0.02305735 -0.99968724 -0.00968424
vn -0.00741695 -0.99983327 -0.01668599
vn 0.38251746 -0.02100087 0.92370956
vn 0.00000000 -0.99984036 -0.01786749
vn 0.00000000 -0.01351371 0.99990869
vn -0.01045437 -0.99962662 -0.02524541
vn -0.02510572 -0.99962916 -0.01054720
vn 0.38251722 -0.02100094 0.92370966
vn 0.92354091 -0.02573382 0.38263555
vn -0.02490164 -0.99968991 0.00000000
vn 0.99975223 -0.02225917 0.00000000
vn 0.92354116 -0.02573363 0.38263495
vn -0.02301550 -0.99968963 -0.00953562
vn 0.00000000 -0.01351371 -0.99990869
vn 0.00000000 -0.99984036 0.01786749
vn -0.38252083 -0.02100093 -0.92370817
vn 0.00741694 -0.99983327 0.01668595
vn -0.38252059 -0.02100100 -0.92370827
vn 0.01045373 -0.99962667 0.02524359
vn -0.92354091 -0.02573382 -0.38263555
vn 0.02510504 -0.99962918 0.01054687
vn -0.92354116 -0.02573363 -0.38263495
vn 0.02301550 -0.99968963 0.00953562
vn 0.02490164 -0.99968991 0.00000000
vn -0.99975223 -0.02225917 0.00000000
vn 0.28108627 0.69000573 -0.66699520
vn 0.92131376 -0.02658167 -0.38791025
vn 0.66888779 0.68792375 -0.28169138
vn 0.38778868 -0.02031967 -0.92152431
vn 0.02514934 0.99962785 -0.01056762
vn 0.28112459 0.68987352 -0.66711580
vn 0.66885966 0.68795724 -0.28167639
vn 0.01032070 0.99963763 -0.02486161
vn 0.72314311 0.69069823 0.00000000
vn 0.02310586 0.99968714 -0.00957869
vn 0.02493342 0.99968911 0.00000000
vn 0.66805851 0.68890966 -0.28124954
vn 0.92131578 -0.02608074 -0.38793946
vn 0.72314311 0.69069823 0.00000000
vn 0.66809512 0.68886620 -0.28126904
vn 0.99975905 -0.02195080 0.00000000
vn 0.38778669 -0.02026926 -0.92152626
vn 0.92131384 -0.02656453 -0.38791125
vn 0.26721560 -0.72357584 -0.63642267
vn 0.63439675 -0.72537688 -0.26715006
vn -0.02516406 -0.99962890 0.01043235
vn 0.26725800 -0.72348950 -0.63650303
vn 0.63435207 -0.72542127 -0.26713560
vn -0.01086284 -0.99963252 0.02483604
vn 0.38784560 -0.02177705 -0.92146706
vn 0.00000000 -0.01283042 -0.99991769
vn 0.00000000 0.69604844 -0.71799483
vn 0.28031991 0.69263789 -0.66458521
vn 0.28034910 0.69253805 -0.66467694
vn 0.00000000 0.99983802 -0.01799816
vn 0.00000000 0.69604844 -0.71799483
vn 0.00735838 0.99983652 -0.01651637
vn 0.26841402 -0.72112738 -0.63869337
vn 0.00000000 -0.71865842 -0.69536327
vn 0.00000000 -0.01283042 -0.99991769
vn 0.38784365 -0.02172660 -0.92146908
vn 0.00000000 -0.99984036 0.01786749
vn 0.00000000 -0.71865842 -0.69536327
vn -0.00699634 -0.99983370 0.01684139
vn 0.26846848 -0.72101573 -0.63879652
vn 0.00000000 -0.71865842 0.69536327
vn 0.00699629 -0.99983370 -0.01684144
vn -0.26846848 -0.72101573 0.63879652
vn 0.00000000 -0.99984036 -0.01786749
vn 0.00000000 -0.71865842 0.69536327
vn -0.26841346 -0.72112852 0.63869232
vn 0.00000000 -0.01283042 0.99991769
vn -0.38784050 -0.02172654 0.92147040
vn -0.38784245 -0.02177699 0.92146839
vn -0.28031754 0.69263817 0.66458592
vn 0.00000000 -0.01283042 0.99991769
vn 0.00000000 0.69604844 0.71799483
vn 0.00000000 0.69604844 0.71799483
vn 0.00000000 0.99983802 0.01799816
vn -0.28034673 0.69253830 0.66467768
vn -0.00735831 0.99983652 0.01651639
vn -0.02514862 0.99962787 0.01056731
vn -0.28112244 0.68987301 0.66711723
vn -0.01032001 0.99963767 0.02485997
vn -0.66885966 0.68795724 0.28167639
vn -0.92131376 -0.02658167 0.38791025
vn -0.28108410 0.69000527 0.66699660
vn -0.38778553 -0.02031961 0.92152564
vn -0.66888779 0.68792375 0.28169138
vn -0.66805851 0.68890966 0.28124954
vn -0.72314311 0.69069823 0.00000000
vn -0.02310526 0.99968715 0.00957844
vn -0.02493342 0.99968911 0.00000000
vn -0.66809512 0.68886620 0.28126904
vn -0.72314311 0.69069823 0.00000000
vn -0.92131568 -0.02610746 0.38793790
vn -0.99975905 -0.02195080 0.00000000
vn 0.38785582 -0.02027056 0.92149713
vn 0.92130458 -0.02656546 0.38793318
vn 0.28132424 0.68992049 0.66698305
vn 0.66889296 0.68795395 0.28160535
vn 0.28128223 0.69001401 0.66690403
vn 0.66893640 0.68790605 0.28161917
vn 0.02514405 0.99962949 0.01042396
vn 0.01087796 0.99963133 0.02487718
vn 0.00703168 0.99983200 0.01692715
vn 0.00000000 0.99983802 0.01799816
vn 0.00000000 0.69604844 0.71799483
vn 0.28008697 0.69266525 0.66465490
vn 0.28014203 0.69254352 0.66475854
vn 0.00000000 0.69604844 0.71799483
vn 0.38777300 -0.02172622 0.92149882
vn 0.00000000 -0.01283042 0.99991769
vn 0.92130385 -0.02658172 0.38793380
vn 0.38785303 -0.02031991 0.92149722
vn 0.26744131 -0.72352379 0.63638705
vn 0.63439034 -0.72541550 0.26706038
vn 0.26740018 -0.72365071 0.63626000
vn 0.63441991 -0.72538390 0.26707597
vn -0.02516921 -0.99962724 -0.01057793
vn -0.01030333 -0.99963884 -0.02481978
vn 0.92132566 -0.02609113 0.38791530
vn 0.99975905 -0.02195080 0.00000000
vn 0.66803337 0.68890049 0.28133172
vn 0.72314311 0.69069823 0.00000000
vn 0.66806613 0.68886446 0.28134215
vn 0.02493342 0.99968911 0.00000000
vn 0.02299961 0.99968878 0.00966254
vn 0.72314311 0.69069823 0.00000000
vn -0.02490164 -0.99968991 0.00000000
vn 0.63526279 -0.72448198 0.26752019
vn 0.69018088 -0.72363690 0.00000000
vn -0.02309765 -0.99968736 -0.00957537
vn 0.69018088 -0.72363690 0.00000000
vn 0.92132494 -0.02610743 0.38791592
vn 0.99975905 -0.02195080 0.00000000
vn 0.63522454 -0.72452296 0.26750003
vn -0.66889296 0.68795395 -0.28160535
vn -0.28132634 0.68992099 -0.66698165
vn -0.92130406 -0.02656454 -0.38793448
vn -0.38785897 -0.02027062 -0.92149581
vn -0.02514477 0.99962947 -0.01042426
vn -0.01087875 0.99963128 -0.02487882
vn -0.28128434 0.69001447 -0.66690265
vn -0.66893640 0.68790605 -0.28161917
vn -0.28008942 0.69266497 -0.66465417
vn 0.00000000 0.69604844 -0.71799483
vn -0.00703170 0.99983200 -0.01692719
vn 0.00000000 0.99983802 -0.01799816
vn 0.00000000 -0.01283042 -0.99991769
vn 0.00000000 0.69604844 -0.71799483
vn -0.28014446 0.69254327 -0.66475778
vn -0.38777615 -0.02172628 -0.92149749
vn -0.26745167 -0.72349857 -0.63641136
vn -0.38785618 -0.02031997 -0.92149590
vn -0.92130329 -0.02658172 -0.38793512
vn -0.63440051 -0.72540464 -0.26706574
vn 0.02516852 -0.99962726 0.01057759
vn -0.26741095 -0.72362423 -0.63628559
vn -0.63442938 -0.72537378 -0.26708095
vn 0.01030273 -0.99963889 0.02481807
vn -0.66803337 0.68890049 -0.28133172
vn -0.99975905 -0.02195080 0.00000000
vn -0.92132632 -0.02606349 -0.38791558
vn -0.72314311 0.69069823 0.00000000
vn -0.02300021 0.99968876 -0.00966279
vn -0.66806613 0.68886446 -0.28134215
vn -0.72314311 0.69069823 0.00000000
vn -0.02493342 0.99968911 0.00000000
vn -0.63525235 -0.72449316 -0.26751468
vn 0.02490164 -0.99968991 0.00000000
vn -0.69018088 -0.72363690 0.00000000
vn 0.02309762 -0.99968736 0.00957536
vn -0.92132556 -0.02608071 -0.38791623
vn -0.69018088 -0.72363690 0.00000000
vn -0.99975905 -0.02195080 0.00000000
vn -0.63521501 -0.72453317 -0.26749500
vn 0.92131585 -0.02606364 -0.38794045
vn 0.63527674 -0.72450128 -0.26743478
vn 0.69018088 -0.72363690 0.00000000
vn 0.99975905 -0.02195080 0.00000000
vn 0.69018088 -0.72363690 0.00000000
vn -0.02299078 -0.99968900 0.00966056
vn -0.02490164 -0.99968991 0.00000000
vn 0.63524319 -0.72453470 -0.26742392
vn -0.63434074 -0.72543253 0.26713194
vn -0.26724566 -0.72351462 0.63647965
vn 0.02516476 -0.99962888 -0.01043263
vn 0.01086356 -0.99963247 -0.02483774
vn -0.38778354 -0.02026920 0.92152758
vn -0.92131383 -0.02656545 0.38791120
vn -0.63438649 -0.72538707 0.26714674
vn -0.26720284 -0.72360184 0.63639847
vn -0.69018088 -0.72363690 0.00000000
vn -0.63528776 -0.72449030 0.26743834
vn -0.99975905 -0.02195080 0.00000000
vn -0.92131574 -0.02609127 0.38793885
vn -0.63525340 -0.72452453 0.26742723
vn 0.02299077 -0.99968900 -0.00966060
vn 0.02490164 -0.99968991 0.00000000
vn -0.69018088 -0.72363690 0.00000000
vn 0.38777018 -0.02177552 0.92149884
vn 0.26824366 -0.72103727 0.63886665
vn 0.00000000 -0.71865842 0.69536327
vn 0.00000000 -0.01283042 0.99991769
vn 0.00000000 -0.71865842 0.69536327
vn -0.00732571 -0.99983820 -0.01642888
vn 0.00000000 -0.99984036 -0.01786749
vn 0.26821305 -0.72113250 0.63877200
vn 0.00732571 -0.99983820 0.01642888
vn -0.26821563 -0.72113132 -0.63877225
vn 0.00000000 -0.71865842 -0.69536327
vn 0.00000000 -0.99984036 0.01786749
vn -0.26824593 -0.72103705 -0.63886594
vn -0.38777333 -0.02177559 -0.92149751
vn 0.00000000 -0.01283042 -0.99991769
vn 0.00000000 -0.71865842 -0.69536327
vn 0.00000000 -1.00000000 0.00000000
vn 0.14530617 -0.92507704 -0.35088258
vn 0.00000000 -0.92466556 -0.38078026
vn 0.38252173 -0.02100094 -0.92370779
vn 0.00000000 -0.39333957 -0.91939327
vn 0.35080568 -0.39913787 -0.84712711
vn 0.00000000 -0.01351371 -0.99990869
vn 0.14530524 -0.92507747 -0.35088183
vn 0.00000000 -0.92466556 -0.38078026
vn 0.00000000 -0.39333957 -0.91939327
vn 0.35080440 -0.39914008 -0.84712660
vn 0.37961293 -0.92514540 0.00000000
vn 0.00000000 -1.00000000 0.00000000
vn 0.35027509 -0.92533598 -0.14512301
vn 0.92353973 -0.02573365 -0.38263840
vn 0.91646252 -0.40012054 0.00000000
vn 0.84558855 -0.40278955 -0.35034351
vn 0.99975223 -0.02225917 0.00000000
vn 0.35027640 -0.92533550 -0.14512293
vn 0.84559078 -0.40278566 -0.35034261
vn 0.91646252 -0.40012054 0.00000000
vn 0.37961293 -0.92514540 0.00000000
vn 0.00000000 -1.00000000 0.00000000
vn 0.35027108 -0.92533745 -0.14512328
vn 0.14530406 -0.92507802 -0.35088088
vn 0.84559565 -0.40277716 -0.35034064
vn 0.92353997 -0.02573383 -0.38263780
vn 0.35080935 -0.39913157 -0.84712856
vn 0.38252198 -0.02100102 -0.92370769
vn 0.35027298 -0.92533676 -0.14512316
vn 0.84559824 -0.40277264 -0.35033959
vn 0.35080824 -0.39913348 -0.84712812
vn 0.14530339 -0.92507833 -0.35088034
vn 0.00000000 -1.00000000 0.00000000
vn 0.35027605 -0.92533539 0.14512445
vn 0.37961293 -0.92514540 0.00000000
vn 0.91646252 -0.40012054 0.00000000
vn 0.92353996 -0.02573451 0.38263779
vn 0.99975223 -0.02225917 0.00000000
vn 0.84559083 -0.40278906 0.35033858
vn 0.35027537 -0.92533578 0.14512361
vn 0.84558983 -0.40279331 0.35033610
vn 0.91646252 -0.40012054 0.00000000
vn 0.37961293 -0.92514540 0.00000000
vn 0.00000000 -0.92466556 0.38078026
vn 0.14530447 -0.92507710 0.35088313
vn 0.00000000 -1.00000000 0.00000000
vn 0.00000000 -0.01351371 0.99990869
vn 0.35080485 -0.39914005 0.84712642
vn 0.38251862 -0.02100054 0.92370909
vn 0.00000000 -0.39333957 0.91939327
vn 0.35080479 -0.39913979 0.84712657
vn 0.00000000 -0.39333957 0.91939327
vn 0.14530448 -0.92507716 0.35088298
vn 0.00000000 -0.92466556 0.38078026
vn 0.00000000 -1.00000000 0.00000000
vn 0.14530444 -0.92507692 0.35088361
vn 0.35027451 -0.92533627 0.14512255
vn 0.38251838 -0.02100061 0.92370919
vn 0.92353970 -0.02573470 0.38263839
vn 0.84559366 -0.40277699 0.35034562
vn 0.35080466 -0.39913922 0.84712689
vn 0.14530445 -0.92507700 0.35088339
vn 0.35027402 -0.92533655 0.14512194
vn 0.84559280 -0.40278067 0.35034348
vn 0.35080459 -0.39913892 0.84712706
vn -0.35027586 -0.92533533 -0.14512527
vn 0.00000000 -1.00000000 0.00000000
vn -0.37961293 -0.92514540 0.00000000
vn -0.92353996 -0.02573451 -0.38263779
vn -0.84559216 -0.40278579 -0.35033913
vn -0.99975223 -0.02225917 0.00000000
vn -0.91646252 -0.40012054 0.00000000
vn -0.37961293 -0.92514540 0.00000000
vn -0.84559116 -0.40279003 -0.35033666
vn -0.35027482 -0.92533593 -0.14512397
vn -0.91646252 -0.40012054 0.00000000
vn 0.00000000 -0.92466556 -0.38078026
vn 0.00000000 -1.00000000 0.00000000
vn -0.14530454 -0.92507751 -0.35088203
vn 0.00000000 -0.01351371 -0.99990869
vn 0.00000000 -0.39333957 -0.91939327
vn -0.38252198 -0.02100060 -0.92370770
vn -0.35080797 -0.39913986 -0.84712522
vn -0.14530448 -0.92507716 -0.35088298
vn -0.35080749 -0.39913781 -0.84712638
vn 0.00000000 -0.92466556 -0.38078026
vn 0.00000000 -0.39333957 -0.91939327
vn -0.35027351 -0.92533668 -0.14512235
vn 0.00000000 -1.00000000 0.00000000
vn -0.14530474 -0.92507858 -0.35087913
vn -0.84559499 -0.40277372 -0.35034618
vn -0.92353970 -0.02573470 -0.38263839
vn -0.35080646 -0.39913335 -0.84712891
vn -0.38252174 -0.02100067 -0.92370780
vn -0.84559413 -0.40277740 -0.35034403
vn -0.14530465 -0.92507807 -0.35088050
vn -0.35080591 -0.39913097 -0.84713026
vn -0.35027276 -0.92533711 -0.14512142
vn 0.00000000 -1.00000000 0.00000000
vn 0.00000000 -0.92466556 0.38078026
vn -0.14530420 -0.92507718 0.35088304
vn -0.38251837 -0.02100089 0.92370918
vn -0.35080456 -0.39913980 0.84712666
vn 0.00000000 -0.01351371 0.99990869
vn 0.00000000 -0.39333957 0.91939327
vn -0.14530436 -0.92507710 0.35088317
vn -0.35080440 -0.39914008 0.84712660
vn 0.00000000 -0.92466556 0.38078026
vn 0.00000000 -0.39333957 0.91939327
vn -0.35027555 -0.92533581 0.14512298
vn 0.00000000 -1.00000000 0.00000000
vn -0.37961293 -0.92514540 0.00000000
vn -0.92353973 -0.02573365 0.38263840
vn -0.99975223 -0.02225917 0.00000000
vn -0.84558722 -0.40279283 0.35034296
vn -0.91646252 -0.40012054 0.00000000
vn -0.35027640 -0.92533550 0.14512293
vn -0.84558945 -0.40278894 0.35034205
vn -0.91646252 -0.40012054 0.00000000
vn -0.37961293 -0.92514540 0.00000000
vn 0.00000000 -1.00000000 0.00000000
vn -0.14530455 -0.92507701 0.35088332
vn -0.35027293 -0.92533677 0.14512316
vn -0.38251862 -0.02100096 0.92370908
vn -0.35080503 -0.39913900 0.84712685
vn -0.84559431 -0.40278044 0.35034008
vn -0.92353997 -0.02573383 0.38263780
vn -0.35080489 -0.39913924 0.84712679
vn -0.35027417 -0.92533632 0.14512308
vn -0.84559690 -0.40277592 0.35033903
vn -0.14530466 -0.92507696 0.35088341
vn 0.00000000 0.91802822 0.39651505
vn -0.00763066 0.99946762 -0.03172137
vn -0.15051426 0.92272067 0.35486904
vn 0.00000000 0.38178620 0.92425067
vn 0.00000000 0.00197158 0.99999806
vn -0.34649166 0.38791060 0.85408951
vn -0.37732966 0.01122500 0.92601097
vn -0.14921145 0.91854633 0.36607183
vn -0.34692637 0.38952294 0.85317875
vn 0.00000000 0.91802822 0.39651505
vn 0.00000000 0.38178620 0.92425067
vn 0.00000000 0.99995140 0.00985880
vn -0.36163238 0.91675790 0.16963777
vn -0.39635941 0.91809543 0.00000000
vn -0.99994092 0.01086961 0.00000000
vn -0.92143784 0.38852580 0.00000000
vn -0.92534147 0.01439039 0.37886156
vn -0.85114988 0.39310948 0.34786320
vn -0.92143784 0.38852580 0.00000000
vn -0.35306521 0.92218340 0.15786938
vn -0.39635941 0.91809543 0.00000000
vn -0.85152025 0.39131852 0.34897432
vn -0.34451016 0.92732934 0.14619526
vn -0.15397828 0.93349237 0.32385596
vn -0.00189311 0.99994933 0.00988714
vn -0.92581146 0.01469945 0.37769970
vn -0.37850122 0.01156102 0.92552859
vn -0.85018678 0.39767305 0.34501968
vn -0.34772853 0.39250677 0.85148300
vn -0.34823409 0.39439310 0.85040408
vn -0.33816180 0.93097691 0.13758119
vn -0.15214038 0.92783889 0.34054120
vn -0.85052030 0.39610760 0.34599709
vn -0.39635941 0.91809543 0.00000000
vn 0.00102229 0.99994677 -0.01026730
vn -0.35491764 0.92269310 -0.15056866
vn -0.85261746 0.39151219 -0.34606600
vn -0.99994092 0.01086961 0.00000000
vn -0.92579372 0.01607305 -0.37768723
vn -0.92143784 0.38852580 0.00000000
vn -0.92143784 0.38852580 0.00000000
vn -0.85167811 0.39315867 -0.34651214
vn -0.39635941 0.91809543 0.00000000
vn -0.36645189 0.91839528 -0.14920835
vn -0.00927640 0.99963284 0.02545853
vn 0.00000000 0.91802983 -0.39651132
vn -0.16898433 0.91699607 -0.36133435
vn 0.00000000 0.38178620 -0.92425067
vn -0.34824253 0.38947703 -0.85266334
vn -0.37852586 0.00953564 -0.92554159
vn 0.00000000 0.00197049 -0.99999806
vn 0.00000000 0.91802983 -0.39651132
vn -0.34930975 0.38775152 -0.85301316
vn -0.15761416 0.92223354 -0.35304825
vn 0.00000000 0.38178620 -0.92425067
vn -0.32304666 0.93374008 -0.15417627
vn -0.00126346 0.99996529 -0.00823509
vn -0.14625308 0.92724394 -0.34471541
vn -0.92531798 0.01638879 -0.37883774
vn -0.37735469 0.00983285 -0.92601661
vn -0.84992623 0.39621038 -0.34733663
vn -0.34549340 0.39390341 -0.85174786
vn -0.34643266 0.39239411 -0.85206295
vn -0.34021269 0.92793970 -0.15226047
vn -0.84881432 0.39813468 -0.34785490
vn -0.13792932 0.93077457 -0.33857674
vn 0.00419855 0.99998688 0.00293552
vn 0.39635941 0.91809543 0.00000000
vn 0.35491824 0.92269288 0.15056859
vn 0.92579424 0.01607311 0.37768595
vn 0.99994092 0.01086961 0.00000000
vn 0.92143784 0.38852580 0.00000000
vn 0.85261798 0.39151228 0.34606460
vn 0.92143784 0.38852580 0.00000000
vn 0.36645189 0.91839528 0.14920835
vn 0.85167818 0.39315955 0.34651095
vn 0.39635941 0.91809543 0.00000000
vn 0.16898559 0.91699460 0.36133749
vn 0.00000000 0.91802822 0.39651505
vn 0.00553535 0.99996787 0.00579766
vn 0.34824123 0.38947914 0.85266291
vn 0.37852215 0.00953658 0.92554310
vn 0.00000000 0.00197158 0.99999806
vn 0.00000000 0.38178620 0.92425067
vn 0.00000000 0.91802822 0.39651505
vn 0.00000000 0.38178620 0.92425067
vn 0.15761549 0.92223211 0.35305140
vn 0.34930975 0.38775152 0.85301316
vn 0.32304877 0.93373939 0.15417604
vn 0.03845365 0.99850917 0.03873962
vn 0.14625425 0.92724264 0.34471841
vn 0.37735155 0.00983365 0.92601788
vn 0.34548873 0.39391092 0.85174628
vn 0.84992546 0.39621274 0.34733583
vn 0.92531860 0.01638879 0.37883623
vn 0.13793056 0.93077329 0.33857975
vn 0.84881300 0.39813797 0.34785436
vn 0.34021385 0.92793929 0.15226034
vn 0.34642914 0.39239977 0.85206178
vn 0.15051300 0.92272210 -0.35486584
vn 0.00000000 0.91802983 -0.39651132
vn 0.00675307 0.99996650 -0.00462535
vn 0.00000000 0.38178620 -0.92425067
vn 0.37733279 0.01122488 -0.92600970
vn 0.00000000 0.00197049 -0.99999806
vn 0.34649512 0.38791041 -0.85408820
vn 0.14921015 0.91854781 -0.36606865
vn 0.00000000 0.91802983 -0.39651132
vn 0.34692929 0.38952078 -0.85317855
vn 0.00000000 0.38178620 -0.92425067
vn 0.39635941 0.91809543 0.00000000
vn 0.36163212 0.91675780 -0.16963885
vn -0.05583499 0.99844001 0.00000000
vn 0.92534085 0.01438998 -0.37886308
vn 0.85115006 0.39310862 -0.34786374
vn 0.99994092 0.01086961 0.00000000
vn 0.92143784 0.38852580 0.00000000
vn 0.35306454 0.92218358 -0.15786979
vn 0.39635941 0.91809543 0.00000000
vn 0.85152025 0.39131852 -0.34897432
vn 0.92143784 0.38852580 0.00000000
vn 0.15397711 0.93349357 -0.32385305
vn 0.02526050 0.99949494 -0.01928155
vn 0.34450920 0.92732970 -0.14619519
vn 0.92581094 0.01469911 -0.37770098
vn 0.37850492 0.01156107 -0.92552707
vn 0.85018743 0.39767001 -0.34502158
vn 0.34773047 0.39250098 -0.85148488
vn 0.15213915 0.92784017 -0.34053824
vn 0.33816057 0.93097743 -0.13758068
vn 0.85052079 0.39610530 -0.34599853
vn 0.34823541 0.39438502 -0.85040729
vn 0.07610516 0.96919792 0.23422937
vn -0.35236902 0.83574268 0.42115346
vn -0.37370441 0.64284160 0.66865514
vn 0.38226070 0.65636668 0.65043027
vn -0.26345716 0.52259849 0.81085211
vn 0.26346128 0.52259624 0.81085222
vn 0.35959786 0.82213898 0.44133534
vn -0.07610361 0.96919890 0.23422583
vn 0.30697853 -0.11473070 -0.94477566
vn 0.68388471 -0.65069201 -0.33000243
vn 0.76532687 -0.46564698 -0.44435085
vn -0.04172454 -0.99084245 0.12841458
vn -0.30697523 -0.11472164 -0.94477783
vn 0.04172518 -0.99084240 0.12841474
vn -0.68749739 -0.65409350 -0.31545053
vn -0.76977805 -0.45184873 -0.45085971
vn -0.78024956 -0.26429268 0.56688624
vn -0.29803222 -0.26429082 0.91723888
vn -0.24651996 0.14618115 0.95804957
vn -0.83889349 0.12882004 0.52883183
vn -0.29518035 -0.10920520 -0.94918006
vn 0.99438043 -0.10479665 -0.01500759
vn 0.23458868 -0.65092896 -0.72198313
vn 0.61416169 -0.65092099 -0.44621439
vn -0.80866993 -0.02919010 0.58753798
vn -0.24807431 0.59626379 0.76349763
vn -0.64949050 0.59622729 0.47188464
vn -0.70259609 0.44322890 0.55669280
vn -0.31200622 0.43218200 0.84609151
vn -0.30888069 -0.02923410 0.95065140
vn -0.78062837 0.15377660 0.60578222
vn -0.34361428 0.13345143 0.92958052
vn -0.29924739 -0.29421192 -0.90768406
vn 0.95761083 -0.28805838 -0.00196562
vn 0.14087084 -0.89005089 -0.43354909
vn 0.71022010 0.47887927 -0.51600586
vn -0.31060998 -0.10221787 -0.94502537
vn 0.99419211 -0.10760479 0.00180636
vn 0.36880200 -0.89005177 -0.26794203
vn 0.27128156 0.47887414 -0.83491669
vn -0.45598027 0.82603234 0.33128925
vn -0.29855771 0.25795960 0.91886895
vn -0.74521961 0.42371734 0.51488964
vn -0.17417238 0.82602578 0.53604607
vn -0.16836327 0.66618516 0.72653365
vn -0.78164077 0.25793943 0.56789520
vn -0.25116007 0.43493630 0.86472483
vn -0.62720008 0.68083254 0.37826856
vn 0.95780819 -0.28608945 0.02750095
vn -0.32356016 -0.27653995 -0.90489474
vn 0.13739190 -0.98547419 -0.09982030
vn 0.30306797 0.19531724 -0.93273843
vn 0.05247651 -0.98547484 -0.16151024
vn -0.32395841 -0.48511842 -0.81222600
vn 0.87666055 -0.47887538 0.04631034
vn 0.79344064 0.19529878 -0.57646365
vn -0.07307591 0.65636853 0.75089298
vn -0.19925082 0.96919680 0.14476418
vn 0.03149758 0.82213990 0.56841348
vn -0.68975358 0.52260231 0.50112555
vn -0.07610387 0.96919841 0.23422776
vn -0.69534685 0.64284484 0.32131491
vn -0.26345776 0.52261099 0.81084386
vn -0.53260629 0.83575015 0.13361225
vn 0.30697365 -0.11475001 -0.94477490
vn -0.37077181 -0.65410017 -0.65930360
vn -0.10923798 -0.99084208 0.07936645
vn 0.74724139 -0.65069854 0.13498786
vn 0.88034438 -0.46564860 0.09036119
vn 0.80367280 -0.11473649 -0.58390544
vn -0.35773711 -0.45186966 -0.81721354
vn -0.04172494 -0.99084235 0.12841520
vn 0.03777715 0.99249894 -0.11627011
vn -0.61933086 0.78124408 0.07801908
vn 0.09890255 0.99249920 -0.07185839
vn -0.68120799 0.53945012 0.49492346
vn -0.26018511 0.53947069 0.80079653
vn 0.14422504 0.78950223 0.59656128
vn 0.75918883 -0.62401418 0.18503684
vn -0.19451012 -0.77705773 0.59862100
vn -0.40740464 -0.61082701 -0.67890487
vn -0.50923247 -0.77704666 0.36997403
vn 0.72251918 -0.44989716 -0.52493673
vn 0.27597940 -0.44990273 -0.84936618
vn -0.76258882 0.14617947 0.63015065
vn -0.78025205 -0.26428486 0.56688646
vn -0.98951966 0.12881553 -0.06524882
vn -0.96443976 -0.26430277 0.00000000
vn 0.31913604 -0.10922040 -0.94139423
vn 0.75914550 -0.65092097 0.00000000
vn 0.81328644 -0.10479636 0.57234857
vn 0.61416341 -0.65091888 -0.44621509
vn -0.74977121 0.43218917 0.50105455
vn -0.80867520 -0.02913134 0.58753364
vn -0.89561555 0.44324567 0.03749758
vn -0.98761197 0.15377168 0.03125483
vn -0.82440703 0.13344704 0.55004085
vn -0.64949609 0.59621660 0.47189045
vn -0.80281240 0.59623171 0.00000000
vn -0.99957556 -0.02913248 0.00000000
vn 0.30417162 -0.10221460 -0.94711763
vn 0.36876266 -0.89007406 -0.26792215
vn 0.80325878 -0.10760229 0.58583025
vn 0.87788725 0.47886739 0.00000000
vn 0.77586093 -0.28804726 0.56130971
vn 0.45584816 -0.89005755 0.00000000
vn 0.29142878 -0.29420107 -0.91022799
vn 0.71022217 0.47887333 -0.51600853
vn -0.96615865 0.25794857 0.00000000
vn -0.56325474 0.66618378 0.48881823
vn -0.90554630 0.42370372 -0.02147221
vn -0.45597941 0.82603315 0.33128840
vn -0.78163827 0.25795847 0.56788999
vn -0.72975334 0.68083355 -0.06265571
vn -0.71146646 0.43494747 0.55193856
vn -0.56361617 0.82603681 0.00000000
vn 0.27016463 -0.27656610 -0.92223764
vn 0.79344193 0.19527825 -0.57646882
vn 0.75871892 -0.28608004 0.58523826
vn 0.16982549 -0.98547415 0.00000000
vn 0.98074775 0.19527891 0.00000000
vn 0.68200703 -0.47886619 0.55276902
vn 0.13739213 -0.98547414 -0.09982041
vn 0.21534211 -0.48512298 -0.84751606
vn -0.30860609 0.82212896 0.47839969
vn -0.68976340 0.52257421 0.50114134
vn -0.19924216 0.96919994 0.14475508
vn -0.75140875 0.64284081 -0.14879712
vn -0.50045886 0.65636148 0.56456225
vn -0.24628011 0.96919869 0.00000000
vn -0.50943425 0.83573140 -0.20501165
vn -0.85259716 0.52256873 0.00000000
vn 0.52517977 -0.65068905 0.54844323
vn 0.99339914 -0.11470895 0.00000000
vn -0.10923801 -0.99084208 0.07936646
vn 0.08756735 -0.65408854 -0.75133224
vn 0.19093837 -0.45186325 -0.87141388
vn -0.13502425 -0.99084229 0.00000000
vn 0.80367328 -0.11473437 -0.58390520
vn 0.65908510 -0.46563384 0.59058611
vn 0.09890011 0.99249971 -0.07185469
vn -0.68120794 0.53945270 0.49492073
vn -0.23395630 0.78949144 0.56742199
vn -0.54690427 0.78124012 -0.30093121
vn -0.84203077 0.53942949 0.00000000
vn 0.12224670 0.99249975 0.00000000
vn -0.50923024 -0.77704790 0.36997448
vn 0.06945558 -0.61082299 -0.78871490
vn 0.50544247 -0.62402467 0.59592040
vn -0.62945277 -0.77703875 0.00000000
vn 0.72250493 -0.44991680 -0.52493952
vn 0.89306814 -0.44992143 0.00000000
vn -0.76216712 0.12881528 -0.63443511
vn -0.96443976 -0.26430277 0.00000000
vn -0.98734069 0.14617408 0.06157518
vn -0.78025141 -0.26428429 -0.56688759
vn 0.32152994 -0.10478681 0.94108354
vn 0.75914550 -0.65092097 0.00000000
vn 0.61415447 -0.65093141 0.44620914
vn 0.81151442 -0.10921623 -0.57403498
vn -0.90109018 0.43218724 -0.03536492
vn -0.99026665 0.13344503 -0.03955235
vn -0.99957556 -0.02913248 0.00000000
vn -0.80867268 -0.02916009 -0.58753569
vn -0.80281240 0.59623171 0.00000000
vn -0.74660121 0.44323931 -0.49611041
vn -0.81735867 0.15377613 -0.55522761
vn -0.64948349 0.59623643 -0.47188273
vn 0.87788725 0.47886739 0.00000000
vn 0.80278887 -0.10222394 -0.58743536
vn 0.36876713 -0.89007325 0.26791867
vn 0.30549509 -0.10759233 0.94609547
vn 0.29776088 -0.28806300 0.91014184
vn 0.71022286 0.47887303 0.51600786
vn 0.45584816 -0.89005755 0.00000000
vn 0.77079518 -0.29420276 -0.56508365
vn -0.45599097 0.82602318 -0.33129737
vn -0.74300510 0.66618067 0.06439511
vn -0.78163504 0.25795518 -0.56789593
vn -0.90001017 0.43494649 0.02834157
vn -0.71999592 0.42371225 -0.54961241
vn -0.96615865 0.25794857 0.00000000
vn -0.55357113 0.68084054 -0.47959896
vn -0.56361617 0.82603681 0.00000000
vn 0.76064274 -0.27655284 -0.58731690
vn 0.79344416 0.19527692 0.57646621
vn 0.16982549 -0.98547415 0.00000000
vn 0.98074775 0.19527891 0.00000000
vn 0.67236340 -0.48512343 -0.55909098
vn 0.13739494 -0.98547345 0.09982340
vn 0.26982656 -0.28609608 0.91942518
vn 0.22688018 -0.47888635 0.84805262
vn -0.53086552 0.82212597 0.20564700
vn -0.52046645 0.64285510 -0.56200712
vn -0.24628011 0.96919869 0.00000000
vn -0.19924756 0.96919805 -0.14476034
vn -0.73672192 0.65635519 0.16259973
vn -0.68976806 0.52256740 -0.50114203
vn -0.85259716 0.52256873 0.00000000
vn -0.29164831 0.83574278 -0.46526902
vn 0.66666411 -0.45185047 -0.59278168
vn 0.80367637 -0.11473092 0.58390163
vn -0.10924015 -0.99084174 -0.07936772
vn 0.10253234 -0.65070816 0.75237358
vn 0.99339914 -0.11470895 0.00000000
vn 0.18609570 -0.46565103 0.86518062
vn 0.51246237 -0.65408895 -0.55637215
vn -0.13502425 -0.99084229 0.00000000
vn -0.68122259 0.53942195 -0.49493407
vn 0.12224670 0.99249975 0.00000000
vn -0.84203077 0.53942949 0.00000000
vn -0.52279911 0.78948701 0.32154525
vn 0.09889984 0.99249961 0.07185642
vn -0.26557956 0.78124475 -0.56491073
vn 0.05863811 -0.62403235 0.77919522
vn 0.89306814 -0.44992143 0.00000000
vn 0.72250898 -0.44992219 0.52492932
vn -0.50924492 -0.77703419 -0.36998308
vn 0.51978269 -0.61082150 -0.59726297
vn -0.62945277 -0.77703875 0.00000000
vn -0.78025044 -0.26429211 -0.56688529
vn -0.24371437 0.12881262 -0.96125471
vn -0.29802823 -0.26432404 -0.91723060
vn -0.83498266 0.14618250 -0.53050414
vn -0.29303043 -0.10478854 0.95034337
vn 0.23458529 -0.65092686 0.72198613
vn 0.99393777 -0.10921986 0.01259914
vn 0.61415326 -0.65093352 0.44620772
vn -0.80867265 -0.02915924 -0.58753578
vn -0.64950368 0.59620669 -0.47189252
vn -0.33494710 0.15378039 -0.92960316
vn -0.30888417 -0.02917987 -0.95065194
vn -0.31237693 0.44323965 -0.84021382
vn -0.24808355 0.59622751 -0.76352296
vn -0.70825301 0.43218700 -0.55820433
vn -0.77787524 0.13344523 -0.61408670
vn 0.99475584 -0.10222224 -0.00338224
vn -0.30897301 -0.10759826 0.94496471
vn 0.14085763 -0.89005932 0.43353609
vn -0.29409756 -0.28804785 0.91133696
vn 0.95572993 -0.29421690 -0.00408814
vn 0.71020964 0.47889775 0.51600312
vn 0.36879112 -0.89005604 0.26794283
vn 0.27127579 0.47890175 0.83490273
vn -0.78163840 0.25794401 -0.56789638
vn -0.29855927 0.25795912 -0.91886857
vn -0.63894189 0.66618163 -0.38464957
vn -0.25940173 0.42371122 -0.86785917
vn -0.74479463 0.43494340 -0.50606837
vn -0.45598003 0.82603149 -0.33129170
vn -0.17416266 0.82604351 -0.53602191
vn -0.16592400 0.68083076 -0.71339940
vn 0.05247841 -0.98547496 0.16150887
vn 0.87257589 -0.48513101 -0.05708949
vn -0.32214545 -0.28608093 0.90243006
vn -0.31497585 -0.47885562 0.81944342
vn 0.13739191 -0.98547419 0.09982025
vn 0.96058826 -0.27655547 -0.02805829
vn 0.30306601 0.19528516 0.93274578
vn 0.79343884 0.19529745 0.57646658
vn -0.69157242 0.65636134 -0.30152509
vn -0.09068843 0.64283701 -0.76061566
vn -0.26346209 0.52257246 -0.81086728
vn -0.19924598 0.96919849 -0.14475958
vn -0.55032838 0.82213937 -0.14568981
vn -0.68975870 0.52258198 -0.50113972
vn 0.03753842 0.83573642 -0.54784624
vn -0.07610415 0.96919845 -0.23422751
vn -0.10923903 -0.99084198 -0.07936633
vn 0.80367669 -0.11473891 0.58389961
vn 0.88776367 -0.45187067 -0.08768450
vn -0.35801383 -0.46562667 0.80933176
vn 0.74161088 -0.65409927 -0.14888735
vn -0.04172482 -0.99084216 -0.12841675
vn 0.30697111 -0.11471522 0.94477995
vn -0.35929719 -0.65070716 0.66894374
vn 0.09890411 0.99249910 0.07185759
vn -0.61194198 0.78949545 -0.04715873
vn -0.26019562 0.53941981 -0.80082739
vn 0.11717359 0.78125371 -0.61311744
vn -0.68122521 0.53941938 -0.49493327
vn 0.03777565 0.99249984 0.11626292
vn -0.50924518 -0.77703295 -0.36998533
vn -0.19452607 -0.77703436 -0.59864614
vn -0.41054130 -0.62404898 0.66484488
vn 0.72251074 -0.44990255 0.52494374
vn 0.27597867 -0.44993894 0.84934724
vn 0.77158952 -0.61080050 -0.17768616
vn -0.29802649 -0.26430003 -0.91723809
vn 0.29803287 -0.26428814 -0.91723944
vn -0.36369664 0.14617331 -0.91997724
vn 0.36784272 0.12881427 -0.92092270
vn -0.79567035 -0.10478703 0.59659733
vn 0.79670873 -0.10921806 0.59441284
vn 0.23458516 -0.65092886 0.72198436
vn -0.23458307 -0.65093526 0.72197927
vn -0.26840727 0.13344349 -0.95401802
vn 0.24808302 0.59622418 -0.76352573
vn -0.24808100 0.59623467 -0.76351819
vn -0.24483265 0.43218431 -0.86791341
vn 0.24110059 0.44324195 -0.86336961
vn -0.30888312 -0.02916923 -0.95065260
vn 0.27546476 0.15377373 -0.94893245
vn 0.30888615 -0.02915259 -0.95065213
vn -0.27127455 0.47890905 0.83489894
vn -0.14084469 -0.89008076 0.43349628
vn 0.14085170 -0.89007888 0.43349785
vn -0.80540814 -0.10759737 0.58287266
vn 0.77561910 -0.29420540 0.55844265
vn -0.77360499 -0.28804306 0.56441696
vn 0.80677177 -0.10221519 0.58195478
vn 0.27127672 0.47889883 0.83490410
vn -0.30507428 0.43494272 -0.84720394
vn -0.29086441 0.66618113 -0.68673183
vn 0.17416876 0.82603004 -0.53604068
vn 0.29856116 0.25793625 -0.91887438
vn -0.17416796 0.82603552 -0.53603249
vn 0.30023476 0.42370551 -0.85459507
vn -0.29856758 0.25792131 -0.91887649
vn 0.28510128 0.68083186 -0.67467418
vn -0.79106434 -0.28607592 0.54071969
vn -0.30306670 0.19530416 0.93274158
vn 0.30306450 0.19529201 0.93274484
vn -0.73646938 -0.47886439 0.47780932
vn 0.73948106 -0.48513657 0.46670148
vn 0.05247933 -0.98547382 0.16151556
vn 0.79361739 -0.27656486 0.54192556
vn -0.05247954 -0.98547417 0.16151332
vn 0.26346752 0.52255653 -0.81087579
vn 0.07610488 0.96919795 -0.23422934
vn -0.35962081 0.82212867 -0.44133584
vn 0.37368450 0.64285398 -0.66865436
vn -0.38228375 0.65635991 -0.65042356
vn -0.07610323 0.96919893 -0.23422580
vn 0.35239037 0.83573550 -0.42114985
vn -0.26346742 0.52255996 -0.81087361
vn 0.04172567 -0.99084184 -0.12841895
vn 0.76975781 -0.45186928 0.45087368
vn 0.68748544 -0.65410019 0.31546269
vn -0.68387454 -0.65070051 0.33000674
vn -0.76535027 -0.46563252 0.44432569
vn -0.04172494 -0.99084188 -0.12841887
vn 0.30697280 -0.11472454 0.94477827
vn -0.30697376 -0.11471354 0.94477929
vn -0.03777584 0.99249985 0.11626276
vn 0.26019892 0.53942613 -0.80082206
vn -0.46736655 0.78948648 -0.39784370
vn -0.26019507 0.53942036 -0.80082720
vn 0.45518705 0.78124933 -0.42714662
vn 0.03777424 0.99250010 0.11626117
vn 0.72863361 -0.61083801 0.30979023
vn -0.72294657 -0.62402466 0.29654929
vn -0.19452113 -0.77702886 -0.59865489
vn 0.27597525 -0.44992940 0.84935340
vn -0.27598641 -0.44991807 0.84935578
vn 0.19452542 -0.77703194 -0.59864950
vn 0.83890727 0.12881352 -0.52881157
vn 0.78024803 -0.26429110 -0.56688908
vn 0.29802496 -0.26432083 -0.91723259
vn 0.24653617 0.14617918 -0.95804570
vn -0.61414125 -0.65095046 0.44619954
vn -0.99438163 -0.10479101 0.01496704
vn 0.29517502 -0.10921904 0.94918012
vn -0.23458400 -0.65093326 0.72198078
vn 0.80867266 -0.02916090 -0.58753567
vn 0.30888329 -0.02917726 -0.95065230
vn 0.24808157 0.59623828 -0.76351520
vn 0.31207174 0.43218408 -0.84606628
vn 0.70257236 0.44323151 -0.55672067
vn 0.34366558 0.13344420 -0.92956259
vn 0.78063949 0.15377227 -0.60576900
vn 0.64950064 0.59620789 -0.47189519
vn -0.95761277 -0.28805222 0.00192252
vn -0.27127467 0.47890210 0.83490289
vn 0.31064707 -0.10221239 0.94501377
vn -0.14086237 -0.89006119 0.43353070
vn -0.99419263 -0.10759930 -0.00184698
vn -0.71019941 0.47892616 0.51599082
vn -0.36875100 -0.89008066 0.26791625
vn 0.29925841 -0.29420007 0.90768426
vn 0.74521168 0.42371346 -0.51490432
vn 0.78162819 0.25798689 -0.56789095
vn 0.17416683 0.82603803 -0.53602900
vn 0.25116373 0.43494315 -0.86472033
vn 0.29856236 0.25795818 -0.91886783
vn 0.62720225 0.68083587 -0.37825899
vn 0.16837101 0.66618041 -0.72653621
vn 0.45598238 0.82603086 -0.33129003
vn 0.32352993 -0.27655790 0.90490005
vn -0.05247807 -0.98547470 0.16151057
vn -0.87666024 -0.47887596 -0.04631024
vn -0.13739166 -0.98547415 0.09982102
vn -0.30306509 0.19528760 0.93274557
vn -0.79344615 0.19526456 0.57646766
vn -0.95780942 -0.28608798 -0.02747328
vn 0.32397474 -0.48510277 0.81222882
vn 0.69533985 0.64285378 -0.32131216
vn -0.03152445 0.82213380 -0.56842082
vn 0.19924750 0.96919801 -0.14476069
vn 0.07303174 0.65635596 -0.75090826
vn 0.68975307 0.52258976 -0.50113935
vn 0.26346778 0.52256192 -0.81087223
vn 0.07610469 0.96919831 -0.23422792
vn 0.53263025 0.83573879 -0.13358776
vn -0.88034388 -0.46564937 -0.09036216
vn 0.37077510 -0.65409646 0.65930543
vn 0.04172502 -0.99084199 -0.12841795
vn 0.35775988 -0.45184662 0.81721631
vn -0.80367554 -0.11473972 0.58390103
vn -0.30697376 -0.11471352 0.94477930
vn 0.10923888 -0.99084195 -0.07936680
vn -0.74724270 -0.65069703 -0.13498786
vn 0.68122425 0.53941876 -0.49493527
vn 0.61933077 0.78124521 -0.07800845
vn -0.03777580 0.99249974 0.11626372
vn -0.09889966 0.99249980 0.07185399
vn 0.26019305 0.53941649 -0.80083046
vn -0.14421759 0.78950594 -0.59655818
vn 0.50922699 -0.77704384 -0.36998748
vn -0.72250262 -0.44991998 0.52493997
vn -0.27597658 -0.44993272 0.84935121
vn 0.40738759 -0.61084809 0.67889614
vn 0.19452243 -0.77703374 -0.59864814
vn -0.75918385 -0.62402953 -0.18500551
vn 0.76258169 0.14618077 -0.63015898
vn 0.96443996 -0.26430203 -0.00000149
vn 0.98951956 0.12881472 0.06525184
vn 0.78025579 -0.26426677 -0.56688974
vn -0.31909318 -0.10920428 0.94141063
vn -0.61414298 -0.65094834 0.44620025
vn -0.75912742 -0.65094206 0.00000000
vn -0.81326802 -0.10479182 -0.57237558
vn 0.98761213 0.15377111 -0.03125253
vn 0.64948509 0.59623764 -0.47187901
vn 0.80866867 -0.02920547 -0.58753896
vn 0.82438870 0.13345132 -0.55006728
vn 0.99957386 -0.02919058 0.00000000
vn 0.80281240 0.59623171 0.00000000
vn 0.74975594 0.43219068 -0.50107609
vn 0.89562456 0.44323130 -0.03745223
vn -0.80323978 -0.10759785 -0.58585712
vn -0.87786894 0.47890096 0.00000000
vn -0.45584816 -0.89005755 0.00000000
vn -0.77587143 -0.28805798 -0.56128970
vn -0.29143663 -0.29421202 0.91022194
vn -0.71020800 0.47890145 0.51600193
vn -0.36876266 -0.89007406 0.26792215
vn -0.30415976 -0.10221283 0.94712163
vn 0.90554031 0.42371871 0.02142886
vn 0.71151299 0.43494527 -0.55188030
vn 0.56327074 0.66619043 -0.48879074
vn 0.72974885 0.68084219 0.06261417
vn 0.78162672 0.25799807 -0.56788789
vn 0.56364411 0.82601774 0.00000000
vn 0.96614434 0.25800217 0.00000000
vn 0.45599539 0.82601853 -0.33130286
vn -0.21535878 -0.48514554 0.84749891
vn -0.68200051 -0.47885430 -0.55278736
vn -0.75871589 -0.28608906 -0.58523777
vn -0.98074775 0.19527891 0.00000000
vn -0.16982549 -0.98547415 0.00000000
vn -0.13739559 -0.98547341 0.09982292
vn -0.79344689 0.19525282 0.57647061
vn -0.27018649 -0.27658838 0.92222455
vn 0.30861631 0.82214046 -0.47837333
vn 0.85257180 0.52261012 0.00000000
vn 0.50047881 0.65637149 -0.56453293
vn 0.75140830 0.64284991 0.14876006
vn 0.50942807 0.83574043 0.20499018
vn 0.68975166 0.52259379 -0.50113708
vn 0.24628011 0.96919869 0.00000000
vn 0.19925481 0.96919536 -0.14476837
vn -0.65910270 -0.46563532 -0.59056530
vn -0.19093837 -0.45186325 0.87141388
vn -0.08757593 -0.65410867 0.75131372
vn -0.52518390 -0.65068319 -0.54844621
vn -0.99339405 -0.11475306 0.00000000
vn 0.13502425 -0.99084229 0.00000000
vn 0.10924055 -0.99084172 -0.07936744
vn -0.80367736 -0.11473173 0.58390010
vn -0.09890011 0.99249971 0.07185469
vn 0.54690663 0.78124028 0.30092650
vn -0.12224670 0.99249975 0.00000000
vn 0.84203077 0.53942949 0.00000000
vn 0.23395146 0.78949787 -0.56741505
vn 0.68122420 0.53942133 -0.49493254
vn -0.50544133 -0.62401215 -0.59593447
vn 0.50923194 -0.77704108 -0.36998647
vn -0.89308593 -0.44988612 0.00000000
vn -0.06945469 -0.61082083 0.78871665
vn -0.72251436 -0.44990381 0.52493768
vn 0.62942484 -0.77706137 0.00000000
vn 0.98734055 0.14617243 -0.06158134
vn 0.76218851 0.12881570 0.63440933
vn 0.96444207 -0.26429433 -0.00000021
vn 0.78025253 -0.26427530 0.56689025
vn -0.81149588 -0.10921184 0.57406203
vn -0.61415123 -0.65093607 -0.44620679
vn -0.32155338 -0.10479028 -0.94107514
vn -0.75912742 -0.65094206 0.00000000
vn 0.74658034 0.44323203 0.49614833
vn 0.99957386 -0.02919058 0.00000000
vn 0.81737822 0.15377755 0.55519844
vn 0.90109064 0.43218944 0.03532636
vn 0.64949883 0.59621383 0.47189017
vn 0.99026676 0.13344376 0.03955380
vn 0.80281240 0.59623171 0.00000000
vn 0.80867318 -0.02917172 0.58753443
vn -0.87786894 0.47890096 0.00000000
vn -0.29775891 -0.28805547 -0.91014487
vn -0.80276976 -0.10221929 0.58746228
vn -0.77078440 -0.29421080 0.56509417
vn -0.36876226 -0.89007413 -0.26792246
vn -0.71021087 0.47890019 -0.51599915
vn -0.30548605 -0.10760175 -0.94609732
vn -0.45584816 -0.89005755 0.00000000
vn 0.96614434 0.25800217 0.00000000
vn 0.71999504 0.42372064 0.54960710
vn 0.74299949 0.66619096 -0.06435340
vn 0.78162711 0.25800265 0.56788528
vn 0.56364411 0.82601774 0.00000000
vn 0.55357324 0.68084142 0.47959529
vn 0.90001267 0.43494488 -0.02828684
vn 0.45599867 0.82601843 0.33129859
vn -0.67236921 -0.48511971 0.55908722
vn -0.16982549 -0.98547415 0.00000000
vn -0.98074775 0.19527891 0.00000000
vn -0.76063223 -0.27656178 0.58732630
vn -0.22685555 -0.47886811 -0.84806951
vn -0.26983338 -0.28608872 -0.91942547
vn -0.13739209 -0.98547415 -0.09982044
vn -0.79344416 0.19527692 -0.57646621
vn 0.68975132 0.52259901 0.50113211
vn 0.24628011 0.96919869 0.00000000
vn 0.53085840 0.82213440 -0.20563170
vn 0.19924933 0.96919721 0.14476349
vn 0.52045311 0.64284058 0.56203607
vn 0.73672018 0.65637113 -0.16254326
vn 0.85257180 0.52261012 0.00000000
vn 0.29164676 0.83573962 0.46527567
vn -0.99339405 -0.11475306 0.00000000
vn 0.13502425 -0.99084229 0.00000000
vn -0.66667372 -0.45186685 0.59275839
vn -0.51246335 -0.65408396 0.55637711
vn 0.10923800 -0.99084208 0.07936647
vn -0.10251614 -0.65068764 -0.75239354
vn -0.80367302 -0.11473415 -0.58390560
vn -0.18609911 -0.46564135 -0.86518510
vn -0.12224670 0.99249975 0.00000000
vn 0.26557869 0.78124289 0.56491371
vn 0.84203077 0.53942949 0.00000000
vn 0.52279068 0.78949378 -0.32154233
vn -0.09890017 0.99249973 -0.07185436
vn 0.68120634 0.53945332 0.49492226
vn -0.05864267 -0.62402409 -0.77920149
vn -0.89308593 -0.44988612 0.00000000
vn 0.50921555 -0.77705531 0.36997916
vn -0.51978501 -0.61080536 0.59727746
vn 0.62942484 -0.77706137 0.00000000
vn -0.72251102 -0.44989938 -0.52494607
vn 0.29803276 -0.26428944 0.91723910
vn 0.24370309 0.12881919 0.96125669
vn 0.78025060 -0.26429081 0.56688567
vn 0.83496424 0.14617473 0.53053526
vn -0.99393884 -0.10921465 -0.01255971
vn -0.23458742 -0.65093535 -0.72197778
vn 0.29301913 -0.10479017 -0.95034668
vn -0.61415002 -0.65093818 -0.44620537
vn 0.31238378 0.44323192 0.84021535
vn 0.33491718 0.15378032 0.92961395
vn 0.64950906 0.59619877 0.47189513
vn 0.30888433 -0.02916191 0.95065244
vn 0.77787635 0.13344355 0.61408566
vn 0.80867226 -0.02915006 0.58753677
vn 0.24808632 0.59622847 0.76352131
vn 0.70821888 0.43219212 0.55824367
vn -0.99475629 -0.10221645 0.00342329
vn -0.14085823 -0.89006309 -0.43352815
vn -0.95573622 -0.29419609 0.00411668
vn -0.36876012 -0.89007566 -0.26792030
vn -0.27127958 0.47890498 -0.83489964
vn 0.29409316 -0.28803725 -0.91134173
vn 0.30897186 -0.10760189 -0.94496467
vn -0.71020769 0.47890613 -0.51599801
vn 0.29855927 0.25795912 0.91886857
vn 0.17417678 0.82602037 0.53605299
vn 0.16593008 0.68083361 0.71339527
vn 0.63894261 0.66618698 0.38463912
vn 0.74474744 0.43494953 0.50613255
vn 0.78163284 0.25798361 0.56788605
vn 0.45598042 0.82603230 0.33128914
vn 0.25939740 0.42370028 0.86786581
vn -0.96058289 -0.27657700 0.02802983
vn -0.05247760 -0.98547450 -0.16151193
vn 0.31498350 -0.47885902 -0.81943849
vn -0.30305986 0.19532254 -0.93273996
vn -0.87257633 -0.48513024 0.05708938
vn -0.13739191 -0.98547419 -0.09982025
vn -0.79344717 0.19526531 -0.57646600
vn 0.32216843 -0.28606843 -0.90242582
vn 0.69156576 0.65636832 0.30152517
vn 0.26345898 0.52260164 0.81084949
vn 0.68974522 0.52260850 0.50113061
vn 0.55033816 0.82213588 0.14567257
vn 0.19925267 0.96919629 0.14476509
vn -0.03751319 0.83574576 0.54783372
vn 0.07610448 0.96919828 0.23422811
vn 0.09072542 0.64285705 0.76059431
vn 0.35931089 -0.65069045 -0.66895263
vn -0.30698042 -0.11475025 -0.94477267
vn -0.88776393 -0.45187035 0.08768352
vn 0.35799095 -0.46563910 -0.80933473
vn -0.74161247 -0.65409909 0.14888024
vn -0.80367311 -0.11473627 -0.58390507
vn 0.10923799 -0.99084208 0.07936645
vn 0.04172527 -0.99084218 0.12841640
vn 0.61194027 0.78949666 0.04716074
vn -0.11716081 0.78125568 0.61311736
vn -0.03777820 0.99249891 -0.11627001
vn 0.26019125 0.53946491 0.80079843
vn 0.68120896 0.53945074 0.49492146
vn -0.09889936 0.99249982 -0.07185414
vn 0.50921497 -0.77705807 0.36997415
vn 0.41055861 -0.62402889 -0.66485305
vn 0.19451676 -0.77705465 0.59862284
vn -0.72250958 -0.44991554 -0.52493420
vn -0.27598873 -0.44990315 -0.84936292
vn -0.77157575 -0.61082444 0.17766365
vn 0.29803267 -0.26428823 0.91723948
vn 0.36368979 0.14617663 0.91997942
vn -0.29803041 -0.26429828 0.91723732
vn -0.36787724 0.12882153 0.92090790
vn -0.23458757 -0.65093316 -0.72197971
vn -0.79672826 -0.10921381 -0.59438743
vn 0.79565079 -0.10479147 -0.59662264
vn 0.23458970 -0.65092677 -0.72198478
vn -0.24807357 0.59627096 0.76349227
vn 0.26844316 0.13345158 0.95400678
vn -0.24115774 0.44322699 0.86336133
vn 0.24807533 0.59625937 0.76350075
vn -0.27553243 0.15377236 0.94891303
vn 0.30888851 -0.02920458 0.95064977
vn 0.24487233 0.43217952 0.86790460
vn -0.30888393 -0.02920614 0.95065121
vn -0.14085292 -0.89008059 -0.43349394
vn 0.27128119 0.47889544 -0.83490459
vn 0.14084520 -0.89007927 -0.43349917
vn 0.77360178 -0.28805001 -0.56441783
vn -0.27127933 0.47890577 -0.83489927
vn 0.80538832 -0.10760179 -0.58289923
vn -0.80679156 -0.10221052 -0.58192816
vn -0.77563498 -0.29419862 -0.55842417
vn -0.29855832 0.25797066 0.91886564
vn 0.29855335 0.25798607 0.91886293
vn -0.17417013 0.82603505 0.53603252
vn 0.30506239 0.43493615 0.84721159
vn -0.30026478 0.42369873 0.85458788
vn 0.29081286 0.66618742 0.68674755
vn 0.17417063 0.82602963 0.53604071
vn -0.28507945 0.68083647 0.67467875
vn -0.05247774 -0.98547433 -0.16151294
vn -0.79362630 -0.27656453 -0.54191269
vn -0.30307110 0.19527145 -0.93274700
vn 0.05247870 -0.98547405 -0.16151434
vn -0.73950440 -0.48511430 -0.46668765
vn 0.79103535 -0.28608577 -0.54075688
vn 0.30306207 0.19525644 -0.93275308
vn 0.73645203 -0.47887430 -0.47782613
vn 0.46731942 0.78950873 0.39785492
vn -0.45518808 0.78124575 0.42715207
vn -0.26018544 0.53947123 0.80079606
vn 0.26018155 0.53947455 0.80079508
vn -0.03777760 0.99249902 -0.11626926
vn 0.03777725 0.99249920 -0.11626787
vn -0.72866756 -0.61080580 -0.30977389
vn 0.72293550 -0.62403102 -0.29656289
vn 0.19451514 -0.77705285 0.59862571
vn 0.27598579 -0.44989319 -0.84936915
vn -0.19451926 -0.77705222 0.59862518
vn -0.27598347 -0.44988850 -0.84937239
vn 0.26018859 -0.53947640 -0.80079155
vn 0.19449534 0.77706662 -0.59861425
vn 0.26018588 -0.53947196 -0.80079542
vn 0.19442708 0.77710772 -0.59858308
vn -0.17416982 0.82603634 0.53603063
vn 0.29788887 0.43469801 0.84988226
vn 0.30306260 0.19526186 -0.93275177
vn 0.79894162 -0.28508347 -0.52954670
vn -0.30888375 -0.02920770 0.95065122
vn 0.77691732 -0.28770122 -0.56002454
vn 0.22428788 0.43085016 0.87410702
vn 0.14083951 -0.89008556 -0.43348809
vn -0.70739904 0.44117742 0.55222195
vn -0.28749391 -0.30258969 -0.90872808
vn 0.14086894 -0.89005300 -0.43354539
vn -0.30888017 -0.02923853 0.95065143
vn 0.30306918 0.19532974 -0.93273542
vn -0.75882010 0.41681828 0.50045438
vn -0.17417223 0.82602640 0.53604517
vn -0.31870025 -0.28010984 -0.90552119
vn 0.77819309 -0.45916150 -0.42846964
vn 0.30697787 -0.11473329 -0.94477556
vn -0.07610356 0.96919899 0.23422544
vn 0.37026339 0.65804981 0.65564889
vn 0.05247937 -0.98547381 -0.16151558
vn 0.74174269 -0.47657855 -0.47190113
vn -0.29855827 0.25796988 0.91886588
vn 0.25769241 0.66810673 0.69801721
vn -0.29855757 0.25795709 0.91886969
vn -0.63540540 0.67675171 0.37184285
vn -0.30744335 -0.50072375 -0.80916891
vn 0.05247672 -0.98547476 -0.16151063
vn 0.30697227 -0.11475547 -0.94477469
vn -0.35102279 -0.45862513 -0.81636143
vn -0.71732191 0.62836948 0.30100012
vn -0.07610384 0.96919846 0.23422757
vn 0.03777731 0.99249934 -0.11626669
vn 0.27598340 -0.44989676 -0.84936804
vn 0.45146291 0.79518254 0.40480363
vn 0.74069133 -0.61059024 -0.28027827
vn -0.26345723 0.52260002 0.81085110
vn 0.69059843 -0.64637017 -0.32446789
vn 0.31771386 0.83131961 0.45603247
vn -0.04172432 -0.99084250 0.12841425
vn -0.54400223 0.82946832 0.12666442
vn -0.26345801 0.52261640 0.81084029
vn -0.04172487 -0.99084237 0.12841510
vn -0.35287055 -0.67386651 -0.64914275
vn 0.27597489 -0.44990945 -0.84936408
vn -0.40044324 -0.61935659 -0.67530928
vn 0.03777717 0.99249901 -0.11626953
vn -0.64782100 0.75956426 0.05822443
vn -0.24807348 0.59627185 0.76349160
vn 0.27962344 0.13499724 0.95057166
vn 0.80990411 -0.10891770 -0.57636123
vn 0.27128122 0.47889388 -0.83490547
vn -0.29803058 -0.26429761 0.91723746
vn 0.40256067 0.15106768 0.90284188
vn 0.23458991 -0.65092631 -0.72198512
vn 0.79748387 -0.10531776 -0.59407714
vn -0.28688837 -0.11292990 -0.95128434
vn 0.23458876 -0.65092878 -0.72198327
vn -0.83339072 0.13139723 0.53683766
vn -0.29803252 -0.26428956 0.91723914
vn -0.75823280 0.16221281 0.63148240
vn -0.30755408 -0.10360761 -0.94587311
vn -0.24807427 0.59626418 0.76349733
vn 0.27128163 0.47887021 -0.83491892
vn 0.50922665 0.77704991 -0.36997521
vn 0.68120847 -0.53942557 -0.49494957
vn 0.50921004 0.77705920 -0.36997857
vn 0.68120806 -0.53944665 -0.49492715
vn -0.25853178 0.43469841 0.86266947
vn 0.95761422 -0.28508455 0.04125293
vn 0.79344075 0.19529695 -0.57646411
vn -0.45598039 0.82603223 0.33128937
vn 0.95771135 -0.28770881 0.00355202
vn -0.80867023 -0.02918683 0.58753774
vn 0.36881074 -0.89004682 -0.26794644
vn -0.33230074 0.43085362 0.83901215
vn -0.89687593 0.44119118 0.03104703
vn 0.36876558 -0.89007240 -0.26792362
vn 0.30152960 -0.30256107 -0.90417736
vn -0.80867604 -0.02912203 0.58753296
vn 0.27445569 -0.28012862 -0.91989240
vn -0.90806795 0.41679396 -0.04117517
vn 0.79344220 0.19527403 -0.57646988
vn -0.45597947 0.82603310 0.33128846
vn 0.80367287 -0.11473620 -0.58390541
vn -0.19925256 0.96919617 0.14476601
vn 0.88141867 -0.45916345 0.11077025
vn -0.08584344 0.65805075 0.74806424
vn -0.20176629 0.66810432 0.71618921
vn 0.13739183 -0.98547420 -0.09982026
vn -0.78164059 0.25794078 0.56789483
vn 0.87745810 -0.47657974 0.05421284
vn -0.78163770 0.25796279 0.56788881
vn 0.13739211 -0.98547415 -0.09982040
vn 0.22690993 -0.50073351 -0.83533097
vn -0.73261466 0.67675229 -0.07267806
vn -0.75724583 0.62836360 -0.17815145
vn 0.80367342 -0.11473377 -0.58390513
vn -0.19924304 0.96919962 0.14475600
vn 0.19587114 -0.45862103 -0.86677635
vn 0.72251385 -0.44990451 -0.52493778
vn 0.09890382 0.99249893 -0.07186032
vn 0.76398519 -0.61056028 0.20866905
vn 0.12730939 0.79517741 0.59286187
vn 0.74942163 -0.64637327 0.14341832
vn -0.01103224 0.83132171 0.55568202
vn -0.68975478 0.52259887 0.50112748
vn -0.10923797 -0.99084208 0.07936645
vn -0.51456796 0.82945085 -0.21732719
vn 0.09607573 -0.67385152 -0.73259373
vn -0.68976765 0.52256206 0.50114817
vn -0.10923800 -0.99084208 0.07936646
vn 0.72249488 -0.44993064 -0.52494149
vn 0.09890075 0.99249958 -0.07185565
vn -0.55831387 0.75956787 -0.33367989
vn 0.07297321 -0.61935068 -0.78171584
vn 0.71022025 0.47887884 -0.51600606
vn -0.64948980 0.59622862 0.47188391
vn 0.99400280 -0.10891966 0.00974411
vn -0.33254678 0.13499757 0.93337468
vn 0.99436723 -0.10532251 -0.01187311
vn -0.20498559 0.15107353 0.96703552
vn 0.61416133 -0.65092144 -0.44621424
vn -0.78024978 -0.26429197 0.56688626
vn 0.61416327 -0.65091906 -0.44621503
vn -0.98977347 0.13139233 -0.05553861
vn 0.32710187 -0.11295475 -0.93821404
vn -0.78025247 -0.26428355 0.56688649
vn -0.64949578 0.59621718 0.47189014
vn 0.30715011 -0.10360804 -0.94600432
vn 0.71022255 0.47887224 -0.51600902
vn -0.98459924 0.16220832 0.06521351
vn 0.87788725 0.47886739 0.00000000
vn -0.80281240 0.59623171 0.00000000
vn 0.79844371 -0.10891612 0.59213590
vn -0.81768281 0.13499363 0.55961732
vn 0.81143481 -0.10532180 0.57487465
vn 0.75914550 -0.65092097 0.00000000
vn -0.96443976 -0.26430277 0.00000000
vn -0.73426646 0.15107316 0.66183810
vn 0.75914550 -0.65092097 0.00000000
vn -0.96443976 -0.26430277 0.00000000
vn 0.81608123 -0.11294355 -0.56679377
vn -0.76808149 0.13139269 -0.62672704
vn -0.83488482 0.16221415 -0.52597899
vn 0.80454069 -0.10361467 -0.58478909
vn 0.87788725 0.47886739 0.00000000
vn -0.80281240 0.59623171 0.00000000
vn 0.84203077 -0.53942949 0.00000000
vn 0.62945277 0.77703875 0.00000000
vn 0.84203077 -0.53942949 0.00000000
vn 0.62945277 0.77703875 0.00000000
vn 0.98074775 0.19527891 0.00000000
vn 0.75048771 -0.28507610 0.59623805
vn -0.56361617 0.82603681 0.00000000
vn -0.71622637 0.43470925 0.54593741
vn -0.99957556 -0.02913248 0.00000000
vn 0.45584816 -0.89005755 0.00000000
vn 0.77270250 -0.28769798 0.56582747
vn -0.76203884 0.43085866 0.48338144
vn 0.45584816 -0.89005755 0.00000000
vn -0.99957556 -0.02913248 0.00000000
vn 0.77541422 -0.30257002 -0.55424198
vn -0.74383129 0.44118613 -0.50206555
vn -0.56361617 0.82603681 0.00000000
vn -0.71046319 0.41680800 -0.56702130
vn 0.76273759 -0.28011842 -0.58289368
vn 0.98074775 0.19527891 0.00000000
vn -0.50912875 0.65804473 0.55476577
vn -0.24628011 0.96919869 0.00000000
vn 0.64795342 -0.45914600 0.60773458
vn 0.99339914 -0.11470895 0.00000000
vn 0.16982549 -0.98547415 0.00000000
vn -0.58420552 0.66810373 0.46080507
vn 0.67800571 -0.47656966 0.55963346
vn -0.96615865 0.25794857 0.00000000
vn 0.67456077 -0.50073986 -0.54242729
vn -0.96615865 0.25794857 0.00000000
vn -0.54999569 0.67675981 -0.48938830
vn 0.16982549 -0.98547415 0.00000000
vn -0.50793725 0.62838006 -0.58918439
vn 0.66792961 -0.45861086 -0.58612806
vn -0.24628011 0.96919869 0.00000000
vn 0.99339914 -0.11470895 0.00000000
vn 0.12224670 0.99249975 0.00000000
vn 0.89306814 -0.44992143 0.00000000
vn 0.49544041 -0.61058165 0.61784209
vn -0.24546600 0.79516634 0.55448799
vn -0.33552894 0.83131123 0.44310493
vn 0.52199066 -0.64636690 0.55653894
vn -0.85259716 0.52256873 0.00000000
vn -0.13502425 -0.99084229 0.00000000
vn -0.13502425 -0.99084229 0.00000000
vn -0.85259716 0.52256873 0.00000000
vn 0.50833151 -0.67385270 -0.53621042
vn -0.28856234 0.82946138 -0.47825265
vn 0.51851456 -0.61934960 -0.58953263
vn -0.25555920 0.75956814 -0.59811849
vn 0.12224670 0.99249975 0.00000000
vn 0.89306814 -0.44992143 0.00000000
vn 0.09889760 0.99249988 0.07185581
vn -0.52450812 0.79516202 0.30431659
vn 0.03765101 -0.61058294 0.79105681
vn 0.72250964 -0.44991484 0.52493472
vn 0.09519037 -0.64638421 0.75705102
vn -0.10924077 -0.99084161 -0.07936848
vn -0.68976691 0.52256918 -0.50114175
vn -0.53190060 0.83130852 0.16126963
vn 0.04766334 0.82945683 -0.55653353
vn 0.72640725 -0.67387602 -0.13499487
vn -0.68975465 0.52258828 -0.50113872
vn -0.10923921 -0.99084194 -0.07936656
vn 0.76601595 -0.61933495 -0.17217370
vn 0.14478934 0.75958561 -0.63408655
vn 0.09890300 0.99249923 0.07185728
vn 0.72251197 -0.44988871 0.52495390
vn -0.99045519 0.13499109 -0.02785534
vn -0.64948099 0.59624013 -0.47188151
vn 0.71022189 0.47887484 0.51600751
vn 0.29789403 -0.10890601 0.94836630
vn 0.61415472 -0.65093096 0.44620944
vn -0.98305322 0.15106668 0.10385194
vn -0.78025133 -0.26428500 -0.56688738
vn 0.31854753 -0.10531217 0.94203865
vn -0.78025028 -0.26429342 -0.56688490
vn 0.99337557 -0.11295014 0.02114815
vn -0.25303244 0.13139076 -0.95849416
vn 0.61415336 -0.65093334 0.44620784
vn -0.64950258 0.59620831 -0.47189199
vn 0.99461755 -0.10361413 -0.00020914
vn 0.71020720 0.47890231 0.51600225
vn -0.36632594 0.16222058 -0.91623675
vn 0.68119762 -0.53944651 0.49494168
vn 0.50924560 0.77703094 0.36998898
vn 0.68121906 -0.53942543 0.49493515
vn 0.50924753 0.77702165 0.37000582
vn -0.90033374 0.43470824 0.02068581
vn -0.45599250 0.82602202 -0.33129816
vn 0.79344368 0.19527875 0.57646624
vn 0.25670102 -0.28509225 0.92348633
vn -0.90062626 0.43085635 -0.05687827
vn -0.80867268 -0.02916005 -0.58753569
vn 0.29254983 -0.28771377 0.91194045
vn 0.36876180 -0.89007707 0.26791331
vn 0.95309213 -0.30258973 0.00740569
vn 0.36878934 -0.89005731 0.26794103
vn -0.30663574 0.44118648 -0.84340323
vn -0.80867264 -0.02915910 -0.58753579
vn 0.95968250 -0.28012348 -0.02324524
vn -0.45598076 0.82603094 -0.33129208
vn 0.79343775 0.19530167 0.57646665
vn -0.24145484 0.41680610 -0.87634025
vn -0.73797806 0.65803891 0.14957663
vn 0.16700390 -0.45916131 0.87251395
vn 0.80367641 -0.11473199 0.58390136
vn -0.19924788 0.96919796 -0.14476049
vn -0.78163528 0.25795439 -0.56789596
vn 0.13739585 -0.98547323 0.09982435
vn 0.21960595 -0.47658929 0.85125547
vn -0.74348885 0.66810120 0.02941285
vn 0.13739220 -0.98547412 0.09982055
vn -0.78163916 0.25794148 -0.56789648
vn 0.86456147 -0.50074176 -0.04232210
vn -0.15727625 0.67674947 -0.71921787
vn 0.88487721 -0.45862874 -0.08155978
vn -0.19924614 0.96919844 -0.14475966
vn 0.80367678 -0.11474118 0.58389904
vn -0.06457281 0.62835880 -0.77523904
vn 0.30697134 -0.11471647 0.94477973
vn -0.07610434 0.96919835 -0.23422785
vn -0.68493455 0.65804432 -0.31279759
vn -0.37775837 -0.45914036 0.80404524
vn -0.61877359 0.66810109 -0.41323139
vn -0.32273874 -0.47655965 0.81775950
vn -0.29855986 0.25795643 -0.91886914
vn 0.05247813 -0.98547531 0.16150685
vn 0.72431379 -0.50075062 0.47393918
vn 0.29551359 0.67675193 -0.67429855
vn 0.05247925 -0.98547393 0.16151493
vn -0.29856946 0.25791274 -0.91887828
vn 0.76382152 -0.45862863 0.45413265
vn -0.07610332 0.96919889 -0.23422597
vn 0.40339553 0.62838259 -0.66513711
vn 0.30697328 -0.11472717 0.94477780
vn -0.60319506 0.79517199 -0.06210658
vn 0.03777638 0.99249971 0.11626384
vn 0.27597739 -0.44993537 0.84934954
vn -0.43447782 -0.61060869 0.66210728
vn -0.26346274 0.52257093 -0.81086806
vn -0.04172476 -0.99084231 -0.12841560
vn -0.52507432 0.83132218 -0.18220977
vn -0.36798100 -0.64638584 0.66841254
vn 0.36568942 0.82945512 -0.42222678
vn 0.66703544 -0.67386195 0.31776373
vn -0.04172492 -0.99084192 -0.12841852
vn -0.26346973 0.52255455 -0.81087634
vn 0.27597283 -0.44992268 0.84935775
vn 0.48985733 0.75957863 -0.42787861
vn 0.72089018 -0.61936526 0.31097270
vn 0.03777461 0.99250003 0.11626162
vn -0.24808386 0.59622662 -0.76352355
vn -0.31646818 -0.10891384 0.94232991
vn 0.27127585 0.47890153 0.83490283
vn -0.78490791 0.13499244 -0.60472854
vn 0.23458532 -0.65092644 0.72198650
vn -0.85637341 0.15107772 -0.49376118
vn -0.29802807 -0.26432187 -0.91723128
vn -0.29600922 -0.10531469 0.94936155
vn 0.35868470 0.13139162 -0.92416531
vn -0.29802619 -0.26429598 -0.91723935
vn 0.79122487 -0.11295101 0.60100356
vn 0.23458517 -0.65092869 0.72198451
vn 0.80479336 -0.10360810 0.58444248
vn 0.27127689 0.47889829 0.83490435
vn 0.24223349 0.16221165 -0.95656172
vn -0.24808114 0.59623428 -0.76351845
vn 0.19451314 0.77701996 0.59866904
vn 0.26020081 -0.53941464 0.80082918
vn 0.19447624 0.77697884 0.59873439
vn 0.26019635 -0.53941908 0.80082764
vn -0.33514696 -0.28507721 0.89800195
vn -0.74055978 0.43470534 -0.51244753
vn 0.30306588 0.19528577 0.93274570
vn -0.17416192 0.82604462 -0.53602043
vn -0.69524152 0.43085745 -0.57532694
vn -0.29936893 -0.28769861 0.90972949
vn 0.14085894 -0.89005497 0.43354458
vn -0.30888411 -0.02917927 -0.95065197
vn -0.30888296 -0.02916754 -0.95065271
vn 0.14085214 -0.89007743 0.43350069
vn 0.76674042 -0.30256811 0.56618166
vn 0.24762335 0.44118787 -0.86257518
vn 0.79005971 -0.28012867 0.54528303
vn 0.30306419 0.19529342 0.93274465
vn 0.31974775 0.41679744 -0.85090615
vn -0.17416761 0.82603606 -0.53603179
vn -0.37029101 0.65804276 -0.65564037
vn -0.30697376 -0.11471354 0.94477929
vn -0.77821845 -0.45914507 0.42844118
vn 0.07610492 0.96919788 -0.23422963
vn -0.74176091 -0.47656798 0.47188316
vn -0.05247998 -0.98547401 0.16151416
vn -0.25775674 0.66810145 -0.69799851
vn 0.29856124 0.25793781 -0.91887392
vn -0.05247821 -0.98547465 0.16151083
vn 0.30745615 -0.50071181 0.80917143
vn 0.29856263 0.25796315 -0.91886635
vn 0.63540637 0.67675563 -0.37183406
vn 0.71731164 0.62838106 -0.30100043
vn -0.30697376 -0.11471352 0.94477930
vn 0.07610471 0.96919827 -0.23422807
vn 0.35104449 -0.45860342 0.81636430
vn -0.74071232 -0.61057542 0.28025508
vn -0.03777587 0.99249991 0.11626226
vn -0.27598273 -0.44992355 0.84935407
vn -0.45150701 0.79516230 -0.40479420
vn 0.26346755 0.52255719 -0.81087535
vn -0.69059167 -0.64637656 0.32446956
vn 0.04172603 -0.99084175 -0.12841949
vn -0.31773081 0.83131159 -0.45603528
vn 0.26346789 0.52256425 -0.81087069
vn 0.04172513 -0.99084197 -0.12841811
vn 0.54402341 0.82945795 -0.12664134
vn 0.35288373 -0.67385227 0.64915036
vn -0.03777581 0.99249977 0.11626347
vn -0.27596966 -0.44994304 0.84934799
vn 0.40043029 -0.61937232 0.67530253
vn 0.64781338 0.75957119 -0.05821892
vn 0.24808320 0.59622243 -0.76352703
vn -0.80992397 -0.10891327 0.57633416
vn -0.27959167 0.13498963 -0.95058208
vn -0.27127456 0.47890854 0.83489923
vn -0.79750342 -0.10531330 0.59405168
vn -0.40258284 0.15106577 -0.90283231
vn -0.23458287 -0.65093568 0.72197896
vn 0.29803215 -0.26429109 -0.91723882
vn -0.23458392 -0.65093343 0.72198065
vn 0.29802362 -0.26432634 -0.91723144
vn 0.28686030 -0.11295393 0.95128995
vn 0.83340468 0.13139076 -0.53681757
vn 0.24808165 0.59623751 -0.76351577
vn -0.27127469 0.47890082 0.83490361
vn 0.75823998 0.16221020 -0.63147446
vn 0.30758267 -0.10360604 0.94586399
vn -0.26025500 -0.53951819 0.80074181
vn -0.19451759 0.77703665 0.59864593
vn -0.26020685 -0.53943915 0.80081071
vn -0.19449524 0.77705012 0.59863572
vn 0.17416903 0.82602893 -0.53604231
vn -0.30306656 0.19530268 0.93274194
vn -0.29789493 0.43470454 -0.84987680
vn -0.79898191 -0.28507201 0.52949207
vn -0.14084077 -0.89008510 0.43348864
vn 0.30888599 -0.02915397 -0.95065214
vn -0.77692554 -0.28769379 0.56001696
vn -0.22423173 0.43085377 -0.87411965
vn 0.30888284 -0.02918117 -0.95065233
vn -0.14086106 -0.89006264 0.43352814
vn 0.28752507 -0.30256385 0.90872683
vn 0.70737746 0.44117923 -0.55224814
vn -0.30306476 0.19528419 0.93274639
vn 0.17416696 0.82603749 -0.53602978
vn 0.75881592 0.41681254 -0.50046550
vn 0.31867807 -0.28012186 0.90552528
vn 0.25854299 0.43470487 -0.86266285
vn -0.95761649 -0.28508563 -0.04119284
vn 0.45598056 0.82603258 -0.33128824
vn -0.79344622 0.19526352 0.57646792
vn -0.95771285 -0.28770343 -0.00358195
vn 0.80867244 -0.02916339 -0.58753586
vn -0.36874841 -0.89008213 0.26791494
vn 0.33238636 0.43085329 -0.83897840
vn 0.89688281 0.44117970 -0.03101119
vn -0.36876179 -0.89007455 0.26792171
vn 0.80866803 -0.02921253 -0.58753948
vn -0.30153111 -0.30256691 0.90417490
vn -0.79344704 0.19525041 0.57647122
vn -0.27447470 -0.28014859 0.91988065
vn 0.45599452 0.82601935 -0.33130201
vn 0.90805940 0.41681974 0.04110264
vn 0.19924603 0.96919854 -0.14475915
vn -0.88141807 -0.45916410 -0.11077234
vn 0.08580555 0.65803954 -0.74807845
vn -0.80367579 -0.11473865 0.58390091
vn 0.20179247 0.66810067 -0.71618523
vn 0.78162809 0.25798769 -0.56789074
vn -0.87745777 -0.47658033 -0.05421300
vn -0.13739047 -0.98547437 0.09982044
vn -0.22693404 -0.50076593 0.83530499
vn -0.13739522 -0.98547348 0.09982274
vn 0.78162639 0.25800060 -0.56788720
vn 0.73261049 0.67676128 0.07263639
vn 0.19925407 0.96919562 -0.14476759
vn -0.19587460 -0.45862577 0.86677306
vn -0.80367788 -0.11472946 0.58389984
vn 0.75724667 0.62837257 0.17811624
vn -0.72250702 -0.44991393 0.52493911
vn -0.09889942 0.99249985 0.07185363
vn -0.12730727 0.79517911 -0.59286005
vn -0.76397827 -0.61058477 -0.20862272
vn 0.01099540 0.83131441 -0.55569367
vn 0.10923797 -0.99084208 -0.07936645
vn -0.74942169 -0.64637436 -0.14341312
vn 0.68975290 0.52259025 -0.50113907
vn 0.10924028 -0.99084176 -0.07936733
vn 0.51456293 0.82945907 0.21730774
vn -0.09608857 -0.67388107 0.73256487
vn 0.68975105 0.52259554 -0.50113610
vn -0.72252262 -0.44989242 0.52493606
vn -0.09889999 0.99249973 0.07185450
vn 0.55831888 0.75956345 0.33368158
vn -0.07297432 -0.61935337 0.78171360
vn -0.71020004 0.47892435 0.51599164
vn 0.64950257 0.59620420 -0.47189720
vn 0.33259405 0.13499102 -0.93335879
vn -0.99400299 -0.10891427 -0.00978490
vn 0.78024873 -0.26428890 -0.56688914
vn 0.20498559 0.15107353 -0.96703552
vn -0.99436831 -0.10531693 0.01183238
vn -0.61414089 -0.65095090 0.44619939
vn -0.32704291 -0.11293117 0.93823744
vn -0.61414283 -0.65094852 0.44620019
vn 0.98977341 0.13139166 0.05554115
vn 0.78025709 -0.26426267 -0.56688985
vn 0.64948594 0.59623601 -0.47187990
vn -0.71020959 0.47889689 0.51600398
vn -0.30713219 -0.10360348 0.94601064
vn 0.98459982 0.16220698 -0.06520803
vn -0.68122473 -0.53939420 0.49496138
vn -0.50923993 0.77703662 0.36998486
vn -0.50927683 0.77701599 0.36997738
vn -0.68122432 -0.53941529 0.49493896
vn -0.62942484 0.77706137 0.00000000
vn -0.84203077 -0.53942949 0.00000000
vn -0.84203077 -0.53942949 0.00000000
vn -0.62942484 0.77706137 0.00000000
vn 0.71626519 0.43470720 -0.54588811
vn -0.75047795 -0.28508418 -0.59624647
vn 0.56364411 0.82601774 0.00000000
vn -0.98074775 0.19527891 0.00000000
vn -0.45584816 -0.89005755 0.00000000
vn -0.77271052 -0.28770841 -0.56581120
vn 0.76200447 0.43086272 -0.48343201
vn 0.99957386 -0.02919058 0.00000000
vn 0.99957386 -0.02919058 0.00000000
vn -0.77540338 -0.30257771 0.55425295
vn -0.45584816 -0.89005755 0.00000000
vn 0.74381257 0.44118058 0.50209815
vn 0.56364411 0.82601774 0.00000000
vn -0.76272694 -0.28012705 0.58290346
vn -0.98074775 0.19527891 0.00000000
vn 0.71046948 0.41682184 0.56700324
vn -0.99339405 -0.11475306 0.00000000
vn 0.24628011 0.96919869 0.00000000
vn 0.50914818 0.65805426 -0.55473662
vn -0.64798328 -0.45915444 -0.60769636
vn 0.96614434 0.25800217 0.00000000
vn -0.16982549 -0.98547415 0.00000000
vn 0.58422273 0.66810950 -0.46077489
vn -0.67800338 -0.47656006 -0.55964447
vn 0.54999648 0.67675946 0.48938788
vn -0.16982549 -0.98547415 0.00000000
vn -0.67456537 -0.50072682 0.54243361
vn 0.96614434 0.25800217 0.00000000
vn -0.99339405 -0.11475306 0.00000000
vn 0.50791828 0.62835981 0.58922235
vn 0.24628011 0.96919869 0.00000000
vn -0.66793832 -0.45862309 0.58610858
vn 0.24546369 0.79517393 -0.55447814
vn -0.49543675 -0.61056599 -0.61786050
vn -0.89308593 -0.44988612 0.00000000
vn -0.12224670 0.99249975 0.00000000
vn 0.85257180 0.52261012 0.00000000
vn -0.52199394 -0.64635996 -0.55654391
vn 0.13502425 -0.99084229 0.00000000
vn 0.33554486 0.83132348 -0.44306987
vn 0.85257180 0.52261012 0.00000000
vn -0.50833151 -0.67385270 0.53621042
vn 0.13502425 -0.99084229 0.00000000
vn 0.28856096 0.82945856 0.47825836
vn -0.89308593 -0.44988612 0.00000000
vn 0.25555920 0.75956814 0.59811849
vn -0.12224670 0.99249975 0.00000000
vn -0.51851667 -0.61933582 0.58954525
vn -0.79842438 -0.10891174 -0.59216276
vn 0.81766577 0.13499749 -0.55964129
vn -0.87786894 0.47890096 0.00000000
vn 0.80281240 0.59623171 0.00000000
vn 0.73426646 0.15107316 -0.66183810
vn 0.96444015 -0.26430133 -0.00000137
vn -0.81141623 -0.10531729 -0.57490171
vn -0.75912742 -0.65094206 0.00000000
vn 0.96444243 -0.26429303 0.00000000
vn -0.75912742 -0.65094206 0.00000000
vn -0.81606306 -0.11293937 0.56682077
vn 0.76810309 0.13139338 0.62670042
vn -0.87786894 0.47890096 0.00000000
vn 0.83490388 0.16221604 0.52594816
vn -0.80452175 -0.10361011 0.58481595
vn 0.80281240 0.59623171 0.00000000
vn -0.72251048 -0.44990543 -0.52494163
vn -0.09890059 0.99249968 -0.07185447
vn 0.52449999 0.79516922 -0.30431179
vn -0.03766677 -0.61058204 -0.79105675
vn 0.53189360 0.83131732 -0.16124734
vn 0.68975057 0.52260017 0.50113193
vn 0.10923801 -0.99084208 0.07936648
vn -0.09517748 -0.64636550 -0.75706861
vn -0.72641670 -0.67386583 0.13499489
vn 0.10923799 -0.99084208 0.07936645
vn 0.68974259 0.52261260 0.50112995
vn -0.04764039 0.82946500 0.55652332
vn -0.14478197 0.75958327 0.63409103
vn -0.72250856 -0.44992693 -0.52492584
vn -0.09889957 0.99249980 -0.07185420
vn -0.76600478 -0.61935425 0.17215398
vn 0.99045535 0.13498975 0.02785617
vn -0.71021064 0.47890062 -0.51599907
vn -0.29786925 -0.10891825 -0.94837267
vn 0.64949756 0.59621570 0.47188955
vn 0.78025236 -0.26427670 0.56688983
vn 0.98305288 0.15106448 -0.10385838
vn -0.61415148 -0.65093563 -0.44620709
vn -0.31856478 -0.10531678 -0.94203230
vn -0.61415013 -0.65093800 -0.44620549
vn 0.25301849 0.13139643 0.95849706
vn -0.99337696 -0.11294516 -0.02110940
vn 0.78025028 -0.26429342 0.56688490
vn -0.99461814 -0.10360838 0.00025005
vn 0.36629088 0.16221859 0.91625112
vn -0.71020711 0.47890722 -0.51599780
vn 0.64950850 0.59619959 0.47189486
vn -0.68118136 -0.53947787 -0.49492987
vn -0.50921404 0.77706253 -0.36996605
vn -0.50920975 0.77708315 -0.36992864
vn -0.68120281 -0.53945679 -0.49492334
vn 0.90033542 0.43470682 -0.02064252
vn 0.45600122 0.82601650 0.33129991
vn -0.79344443 0.19527589 -0.57646619
vn -0.25671244 -0.28508507 -0.92348537
vn -0.29254951 -0.28770626 -0.91194292
vn -0.36876274 -0.89007379 -0.26792293
vn 0.90062838 0.43086085 0.05681060
vn 0.80867312 -0.02917051 0.58753456
vn 0.80867211 -0.02914663 0.58753714
vn -0.36876028 -0.89007555 -0.26792046
vn -0.95310554 -0.30254885 -0.00734951
vn 0.30664157 0.44117851 0.84340528
vn -0.95967916 -0.28013629 0.02322838
vn 0.24144876 0.41679476 0.87634732
vn 0.45598164 0.82603137 0.33128977
vn -0.79344778 0.19526293 -0.57646596
vn 0.19924865 0.96919740 0.14476317
vn -0.80367303 -0.11473444 -0.58390553
vn 0.73797572 0.65805405 -0.14952156
vn -0.16702094 -0.45915622 -0.87251336
vn 0.78162752 0.25800130 0.56788533
vn 0.74348243 0.66811010 -0.02937282
vn -0.21958634 -0.47657249 -0.85126993
vn -0.13739215 -0.98547413 -0.09982050
vn -0.13739193 -0.98547419 -0.09982027
vn 0.78163414 0.25797929 0.56788622
vn -0.86456193 -0.50074094 0.04232225
vn 0.15728598 0.67675410 0.71921138
vn 0.19925234 0.96919638 0.14476493
vn -0.80367313 -0.11473687 -0.58390491
vn 0.06462286 0.62838718 0.77521187
vn -0.88487754 -0.45862824 0.08155904
vn 0.60319555 0.79517178 0.06210450
vn 0.43449493 -0.61058793 -0.66211520
vn -0.27598676 -0.44989767 -0.84936647
vn -0.03777851 0.99249886 -0.11627040
vn 0.36799514 -0.64636868 -0.66842136
vn 0.26345926 0.52260098 0.81084982
vn 0.04172532 -0.99084206 0.12841730
vn 0.52508893 0.83131818 0.18218590
vn -0.66703631 -0.67386611 -0.31775308
vn -0.36567004 0.82946167 0.42223070
vn 0.04172519 -0.99084237 0.12841501
vn 0.26346227 0.52259391 0.81085340
vn -0.72092000 -0.61933829 -0.31095728
vn -0.48986536 0.75957036 0.42788409
vn -0.27597976 -0.44987818 -0.84937907
vn -0.03777776 0.99249899 -0.11626946
vn 0.31647220 -0.10891847 -0.94232803
vn 0.78490621 0.13498994 0.60473131
vn 0.24808768 0.59622463 0.76352386
vn -0.27127957 0.47890504 -0.83489961
vn 0.29803275 -0.26428933 0.91723913
vn 0.29599987 -0.10531671 -0.94936424
vn 0.85634912 0.15106783 0.49380633
vn -0.23458739 -0.65093581 -0.72197737
vn 0.29803265 -0.26428802 0.91723954
vn -0.23458755 -0.65093334 -0.72197954
vn -0.79124432 -0.11294695 -0.60097871
vn -0.35872306 0.13139780 0.92414954
vn 0.24807593 0.59625768 0.76350188
vn -0.24231374 0.16220733 0.95654212
vn -0.27127928 0.47890592 -0.83489920
vn -0.80481318 -0.10360346 -0.58441601
vn -0.19451253 0.77704993 -0.59863034
vn -0.26028377 -0.53937285 -0.80083037
vn -0.26020433 -0.53945190 -0.80080295
vn -0.19450044 0.77703647 -0.59865174
vn 0.74051384 0.43471126 0.51250890
vn 0.33518277 -0.28506364 -0.89799289
vn 0.17417764 0.82601907 0.53605470
vn -0.30306086 0.19531799 -0.93274058
vn 0.30888456 -0.02916430 0.95065229
vn -0.14085941 -0.89005920 -0.43353575
vn 0.29936983 -0.28768769 -0.90973265
vn 0.69521266 0.43086259 0.57535796
vn -0.76676019 -0.30255795 -0.56616031
vn -0.24767703 0.44117387 0.86256693
vn 0.30888917 -0.02921135 0.95064935
vn -0.14085332 -0.89007929 -0.43349648
vn -0.31976856 0.41679387 0.85090007
vn -0.79007017 -0.28012683 -0.54526882
vn -0.30307341 0.19526094 -0.93274845
vn 0.17417104 0.82602901 0.53604152
vn 0.37772094 -0.45915771 -0.80405292
vn 0.68492885 0.65805097 0.31279610
vn -0.30697972 -0.11474641 -0.94477337
vn 0.07610434 0.96919835 0.23422785
vn 0.29855885 0.25796104 0.91886817
vn -0.05247756 -0.98547456 -0.16151163
vn 0.61877707 0.66810627 0.41321780
vn 0.32274066 -0.47656462 -0.81775585
vn -0.29549591 0.67675520 0.67430302
vn -0.72433892 -0.50072735 -0.47392536
vn -0.05247773 -0.98547435 -0.16151284
vn 0.29855200 0.25799218 0.91886165
vn -0.76384251 -0.45860756 -0.45411863
vn -0.30697376 -0.11471354 -0.94477929
vn -0.40342801 0.62836359 0.66513535
vn 0.07610509 0.96919796 0.23422924
vn 0.00000000 1.00000000 0.00000000
vn 0.00000000 1.00000000 0.00000000
vn -0.38268380 0.00000000 -0.92387938
vn 0.38268512 0.00000000 -0.92387884
vn 0.38268512 0.00000000 -0.92387884
vn -0.38268380 0.00000000 -0.92387938
vn 0.00000000 1.00000000 0.00000000
vn 0.00000000 1.00000000 0.00000000
vn 0.92387884 0.00000000 -0.38268512
vn 0.00000000 1.00000000 0.00000000
vn 0.38268512 0.00000000 -0.92387884
vn 0.00000000 1.00000000 0.00000000
vn 0.38268512 0.00000000 -0.92387884
vn 0.92387884 0.00000000 -0.38268512
vn 0.92387884 0.00000000 -0.38268512
vn 0.00000000 1.00000000 0.00000000
vn 0.92387938 0.00000000 0.38268380
vn 0.92387938 0.00000000 0.38268380
vn 0.00000000 1.00000000 0.00000000
vn 0.92387884 0.00000000 -0.38268512
vn 0.38268193 0.00000000 0.92388016
vn 0.92387938 0.00000000 0.38268380
vn 0.00000000 1.00000000 0.00000000
vn 0.38268193 0.00000000 0.92388016
vn 0.92387938 0.00000000 0.38268380
vn 0.00000000 1.00000000 0.00000000
vn 0.00000000 1.00000000 0.00000000
vn -0.38268061 0.00000000 0.92388070
vn 0.38268193 0.00000000 0.92388016
vn 0.00000000 1.00000000 0.00000000
vn -0.38268061 0.00000000 0.92388070
vn 0.38268193 0.00000000 0.92388016
vn -0.92388070 0.00000000 0.38268061
vn -0.38268061 0.00000000 0.92388070
vn 0.00000000 1.00000000 0.00000000
vn -0.38268061 0.00000000 0.92388070
vn 0.00000000 1.00000000 0.00000000
vn -0.92388070 0.00000000 0.38268061
vn -0.92388070 0.00000000 0.38268061
vn 0.00000000 1.00000000 0.00000000
vn -0.92388016 0.00000000 -0.38268193
vn 0.00000000 1.00000000 0.00000000
vn -0.92388016 0.00000000 -0.38268193
vn -0.92388070 0.00000000 0.38268061
vn -0.38268380 0.00000000 -0.92387938
vn 0.00000000 1.00000000 0.00000000
vn -0.92388016 0.00000000 -0.38268193
vn -0.38268380 0.00000000 -0.92387938
vn 0.00000000 1.00000000 0.00000000
vn -0.92388016 0.00000000 -0.38268193
vn 0.00000000 1.00000000 0.00000000
vn 0.12489063 0.00000000 -0.99217052
vn 0.00000000 1.00000000 0.00000000
vn -0.30658010 0.00000000 -0.95184486
vn 0.12489063 0.00000000 -0.99217052
vn 0.00000000 1.00000000 0.00000000
vn 0.93386049 0.00000000 -0.35763751
vn 0.93386049 0.00000000 -0.35763751
vn 0.93386049 0.00000000 0.35763751
vn 0.00000000 1.00000000 0.00000000
vn 0.12489063 0.00000000 0.99217052
vn 0.93386049 0.00000000 0.35763751
vn 0.00000000 1.00000000 0.00000000
vn -0.29289034 0.00000000 0.95614604
vn 0.00000000 1.00000000 0.00000000
vn 0.12489063 0.00000000 0.99217052
vn -0.94144509 0.00000000 0.33716633
vn -0.29289034 0.00000000 0.95614604
vn 0.00000000 1.00000000 0.00000000
vn 0.00000000 1.00000000 0.00000000
vn -0.93078011 0.00000000 -0.36557953
vn -0.94144509 0.00000000 0.33716633
vn -0.30658010 0.00000000 -0.95184486
vn -0.93078011 0.00000000 -0.36557953
vn 0.00000000 1.00000000 0.00000000
vn 0.38258619 -0.02290724 0.92363578
vn -0.38258447 -0.02290361 0.92363659
vn -0.00774548 -0.99903213 0.04329912
vn 0.02087422 -0.99851123 0.05039433
vn 0.00000000 1.00000000 0.00000000
vn -0.00475019 0.99992296 0.01146796
vn 0.00000000 1.00000000 0.00000000
vn 0.00475016 0.99992296 0.01146798
vn -0.01102915 -0.99958461 0.02662636
vn -0.05831228 -0.99804508 0.02248773
vn -0.92363741 -0.02290306 0.38258253
vn -0.38258762 -0.02290105 0.92363535
vn -0.00475021 0.99992296 0.01146805
vn -0.01146805 0.99992296 0.00475023
vn 0.00000000 1.00000000 0.00000000
vn -0.92363774 -0.02290313 -0.38258172
vn -0.06360983 -0.99767372 -0.02451385
vn -0.06453674 -0.99755722 0.02673210
vn -0.92363664 -0.02290451 0.38258428
vn -0.01146797 0.99992296 0.00475018
vn -0.01146796 0.99992296 -0.00475017
vn 0.00000000 1.00000000 0.00000000
vn -0.00693064 -0.99946504 -0.03196257
vn -0.05425616 -0.99827411 -0.02247363
vn -0.92363726 -0.02290214 -0.38258294
vn -0.38258251 -0.02290581 -0.92363735
vn -0.01146807 0.99992296 -0.00475019
vn -0.00475020 0.99992296 -0.01146809
vn 0.00000000 1.00000000 0.00000000
vn 0.01542396 -0.99873887 -0.04777841
vn -0.38258426 -0.02290726 -0.92363659
vn 0.38258170 -0.02290588 -0.92363768
vn -0.02087410 -0.99851123 -0.05039433
vn 0.00475022 0.99992296 -0.01146818
vn -0.00475025 0.99992296 -0.01146817
vn 0.00000000 1.00000000 0.00000000
vn 0.38258291 -0.02290489 -0.92363720
vn 0.06171574 -0.99784199 -0.02241712
vn 0.92363767 -0.02290628 -0.38258169
vn 0.01536355 -0.99919379 -0.03709091
vn 0.00000000 1.00000000 0.00000000
vn 0.00475020 0.99992296 -0.01146810
vn 0.01146810 0.99992296 -0.00475018
vn 0.92363715 -0.02290727 -0.38258289
vn 0.07529540 -0.99667341 -0.03118837
vn 0.07708930 -0.99656073 0.03039649
vn 0.92363736 -0.02290521 0.38258251
vn 0.01146817 0.99992296 -0.00475023
vn 0.01146818 0.99992296 0.00475024
vn 0.00000000 1.00000000 0.00000000
vn 0.38258365 -0.02290514 0.92363689
vn 0.01428529 -0.99902863 0.04168600
vn 0.92363666 -0.02290376 0.38258429
vn 0.06852254 -0.99724574 0.02838307
vn 0.00000000 1.00000000 0.00000000
vn 0.00475022 0.99992296 0.01146807
vn 0.01146809 0.99992296 0.00475022
vn 0.01871974 -0.99869357 0.04754715
vn -0.30658010 0.00000000 -0.95184486
vn -0.00634470 -0.99870874 0.05040430
vn 0.12489063 0.00000000 -0.99217052
vn -0.01009474 -0.99945676 0.03137323
vn 0.12489063 0.00000000 -0.99217052
vn 0.93386049 0.00000000 -0.35763751
vn -0.05779003 -0.99808341 0.02213166
vn 0.93386049 0.00000000 0.35763751
vn 0.93386049 0.00000000 -0.35763751
vn -0.06323774 -0.99766375 0.02584624
vn -0.06454009 -0.99760897 -0.02471671
vn -0.00344271 -0.99961999 -0.02734999
vn 0.12489063 0.00000000 0.99217052
vn 0.93386049 0.00000000 0.35763751
vn -0.05761501 -0.99806912 -0.02320637
vn 0.01543851 -0.99860981 -0.05039931
vn -0.29289034 0.00000000 0.95614604
vn -0.01458218 -0.99900788 -0.04207860
vn 0.12489063 0.00000000 0.99217052
vn -0.94144509 0.00000000 0.33716633
vn -0.29289034 0.00000000 0.95614604
vn 0.06062240 -0.99792462 -0.02171113
vn 0.01537793 -0.99909701 -0.03960652
vn -0.94144509 0.00000000 0.33716633
vn -0.93078011 0.00000000 -0.36557953
vn 0.07264977 -0.99692176 -0.02947917
vn 0.07783946 -0.99649703 0.03057275
vn -0.30658010 0.00000000 -0.95184486
vn 0.07084113 -0.99706805 0.02892810
vn 0.01279000 -0.99912941 0.03970936
vn -0.93078011 0.00000000 -0.36557953
vn -0.00474755 -0.99992304 0.01146158
vn -0.38257995 -0.02290730 0.92363837
vn 0.00474752 -0.99992304 0.01146162
vn 0.38258258 -0.02290425 0.92363736
vn -0.92363850 -0.02290097 0.38258000
vn -0.00474741 -0.99992305 0.01146137
vn -0.01146138 -0.99992305 0.00474747
vn -0.38258315 -0.02290470 0.92363711
vn -0.01146160 -0.99992304 -0.00474754
vn -0.92363843 -0.02290456 -0.38257997
vn -0.92363773 -0.02290245 0.38258179
vn -0.01146162 -0.99992304 0.00474752
vn -0.00474751 -0.99992304 -0.01146160
vn -0.01146147 -0.99992305 -0.00474745
vn -0.92363794 -0.02290355 -0.38258121
vn -0.38257998 -0.02290372 -0.92363845
vn 0.38257995 -0.02290730 -0.92363837
vn 0.00474751 -0.99992304 -0.01146163
vn -0.00474752 -0.99992304 -0.01146162
vn -0.38258176 -0.02290520 -0.92363767
vn 0.01146169 -0.99992304 -0.00474753
vn 0.38258118 -0.02290630 -0.92363788
vn 0.92363842 -0.02290486 -0.38257997
vn 0.00474754 -0.99992304 -0.01146169
vn 0.92363789 -0.02290587 -0.38258119
vn 0.01146162 -0.99992304 -0.00474752
vn 0.01146162 -0.99992304 0.00474752
vn 0.92363837 -0.02290730 0.38257995
vn 0.01146160 -0.99992304 0.00474751
vn 0.00474749 -0.99992305 0.01146147
vn 0.92363766 -0.02290583 0.38258176
vn 0.38257999 -0.02290211 0.92363848
vn -0.38258419 -0.02292141 0.92363626
vn -0.01146804 0.99992296 0.00475023
vn -0.92363729 -0.02291971 0.38258182
vn -0.00475021 0.99992296 0.01146807
vn 0.00475014 0.99992296 0.01146796
vn -0.38258105 -0.02300768 0.92363542
vn -0.00475019 0.99992296 0.01146797
vn 0.38258179 -0.02300601 0.92363515
vn 0.00474751 -0.99992304 0.01146160
vn -0.00474758 -0.99992304 0.01146162
vn -0.38258111 -0.02300599 0.92363544
vn 0.38258182 -0.02300767 0.92363510
vn -0.01146796 0.99992296 0.00475017
vn -0.92363611 -0.02300770 -0.38257939
vn -0.92363447 -0.02300599 0.38258345
vn -0.01146797 0.99992296 -0.00475017
vn -0.00475020 0.99992296 -0.01146810
vn -0.92363695 -0.02292139 -0.38258254
vn -0.01146809 0.99992296 -0.00475020
vn -0.38258182 -0.02291971 -0.92363729
vn 0.00475021 0.99992296 -0.01146817
vn 0.38258066 -0.02286307 -0.92363917
vn -0.38258077 -0.02286414 -0.92363910
vn -0.00475026 0.99992295 -0.01146818
vn 0.01146811 0.99992296 -0.00475019
vn 0.00475020 0.99992296 -0.01146809
vn 0.92363797 -0.02291970 -0.38258016
vn 0.38257863 -0.02291861 -0.92363863
vn 0.01146817 0.99992296 0.00475023
vn 0.01146818 0.99992296 -0.00475024
vn 0.92363979 -0.02286416 -0.38257911
vn 0.92363849 -0.02286306 0.38258232
vn 0.92363795 -0.02291863 0.38258029
vn 0.38258016 -0.02291970 0.92363797
vn 0.01146807 0.99992296 0.00475021
vn 0.00475021 0.99992296 0.01146806
vn -0.00474743 -0.99992305 0.01146140
vn -0.92363723 -0.02292140 0.38258185
vn -0.38258426 -0.02291974 0.92363628
vn -0.01146133 -0.99992305 0.00474746
vn -0.92363612 -0.02300601 -0.38257945
vn -0.01146159 -0.99992304 0.00474751
vn -0.01146162 -0.99992304 -0.00474756
vn -0.92363441 -0.02300766 0.38258348
vn -0.38258180 -0.02291863 -0.92363732
vn -0.92363696 -0.02291972 -0.38258260
vn -0.00474751 -0.99992304 -0.01146160
vn -0.01146148 -0.99992305 -0.00474746
vn 0.38258062 -0.02286416 -0.92363916
vn -0.00474751 -0.99992304 -0.01146162
vn 0.00474750 -0.99992304 -0.01146162
vn -0.38258075 -0.02286307 -0.92363913
vn 0.92363801 -0.02291861 -0.38258014
vn 0.00474754 -0.99992304 -0.01146169
vn 0.01146171 -0.99992304 -0.00474753
vn 0.38257859 -0.02291968 -0.92363862
vn 0.92363982 -0.02286309 -0.38257909
vn 0.01146162 -0.99992304 0.00474752
vn 0.92363847 -0.02286414 0.38258228
vn 0.01146163 -0.99992304 -0.00474752
vn 0.00474748 -0.99992305 0.01146144
vn 0.92363794 -0.02291970 0.38258025
vn 0.01146160 -0.99992304 0.00474751
vn 0.38258019 -0.02292139 0.92363792
vn 0.30901761 0.00000000 -0.95105632
vn 0.00000000 -1.00000000 0.00000000
vn 0.00000000 -1.00000000 0.00000000
vn -0.30901263 0.00000000 -0.95105793
vn -0.30901263 0.00000000 -0.95105793
vn 0.00000000 1.00000000 0.00000000
vn 0.00000000 1.00000000 0.00000000
vn 0.30901761 0.00000000 -0.95105632
vn 0.80901981 0.00000000 -0.58778138
vn 0.00000000 -1.00000000 0.00000000
vn 0.30901761 0.00000000 -0.95105632
vn 0.00000000 1.00000000 0.00000000
vn 0.30901761 0.00000000 -0.95105632
vn 0.80901981 0.00000000 -0.58778138
vn 0.00000000 -1.00000000 0.00000000
vn 0.80901981 0.00000000 -0.58778138
vn 1.00000000 0.00000000 0.00000000
vn 0.00000000 1.00000000 0.00000000
vn 0.80901981 0.00000000 -0.58778138
vn 1.00000000 0.00000000 0.00000000
vn 0.80901396 0.00000000 0.58778943
vn 1.00000000 0.00000000 0.00000000
vn 0.00000000 -1.00000000 0.00000000
vn 1.00000000 0.00000000 0.00000000
vn 0.00000000 1.00000000 0.00000000
vn 0.80901396 0.00000000 0.58778943
vn 0.30901761 0.00000000 0.95105632
vn 0.00000000 -1.00000000 0.00000000
vn 0.80901396 0.00000000 0.58778943
vn 0.00000000 1.00000000 0.00000000
vn 0.30901761 0.00000000 0.95105632
vn 0.80901396 0.00000000 0.58778943
vn -0.30901263 0.00000000 0.95105793
vn 0.30901761 0.00000000 0.95105632
vn 0.00000000 -1.00000000 0.00000000
vn -0.30901263 0.00000000 0.95105793
vn 0.00000000 1.00000000 0.00000000
vn 0.30901761 0.00000000 0.95105632
vn -0.30901263 0.00000000 0.95105793
vn -0.80901396 0.00000000 0.58778943
vn 0.00000000 -1.00000000 0.00000000
vn 0.00000000 1.00000000 0.00000000
vn -0.80901396 0.00000000 0.58778943
vn -0.30901263 0.00000000 0.95105793
vn 0.00000000 -1.00000000 0.00000000
vn -0.80901396 0.00000000 0.58778943
vn -1.00000000 0.00000000 0.00000000
vn 0.00000000 1.00000000 0.00000000
vn -0.80901396 0.00000000 0.58778943
vn -1.00000000 0.00000000 0.00000000
vn 0.00000000 -1.00000000 0.00000000
vn -1.00000000 0.00000000 0.00000000
vn -0.80901981 0.00000000 -0.58778138
vn 0.00000000 1.00000000 0.00000000
vn -1.00000000 0.00000000 0.00000000
vn -0.80901981 0.00000000 -0.58778138
vn -0.30901263 0.00000000 -0.95105793
vn -0.80901981 0.00000000 -0.58778138
vn 0.00000000 -1.00000000 0.00000000
vn 0.00000000 1.00000000 0.00000000
vn -0.80901981 0.00000000 -0.58778138
vn -0.30901263 0.00000000 -0.95105793
vn 0.30900851 0.00000000 0.95105927
vn 0.00000000 -1.00000000 0.00000000
vn 0.00000000 -1.00000000 0.00000000
vn -0.30901542 0.00000000 0.95105703
vn 0.30900851 0.00000000 0.95105927
vn 0.00000000 1.00000000 0.00000000
vn -0.30901542 0.00000000 0.95105703
vn 0.00000000 1.00000000 0.00000000
vn -0.80902249 0.00000000 0.58777769
vn -0.30901542 0.00000000 0.95105703
vn 0.00000000 -1.00000000 0.00000000
vn 0.00000000 1.00000000 0.00000000
vn -0.80902249 0.00000000 0.58777769
vn -0.30901542 0.00000000 0.95105703
vn -1.00000000 0.00000000 0.00000000
vn -0.80902249 0.00000000 0.58777769
vn 0.00000000 -1.00000000 0.00000000
vn -0.80902249 0.00000000 0.58777769
vn 0.00000000 1.00000000 0.00000000
vn -1.00000000 0.00000000 0.00000000
vn -0.80901437 0.00000000 -0.58778886
vn -1.00000000 0.00000000 0.00000000
vn 0.00000000 -1.00000000 0.00000000
vn -1.00000000 0.00000000 0.00000000
vn 0.00000000 1.00000000 0.00000000
vn -0.80901437 0.00000000 -0.58778886
vn 0.00000000 -1.00000000 0.00000000
vn -0.80901437 0.00000000 -0.58778886
vn -0.30901542 0.00000000 -0.95105703
vn -0.30901542 0.00000000 -0.95105703
vn -0.80901437 0.00000000 -0.58778886
vn 0.00000000 1.00000000 0.00000000
vn -0.30901542 0.00000000 -0.95105703
vn 0.00000000 -1.00000000 0.00000000
vn 0.30900851 0.00000000 -0.95105927
vn 0.30900851 0.00000000 -0.95105927
vn 0.00000000 1.00000000 0.00000000
vn -0.30901542 0.00000000 -0.95105703
vn 0.80901437 0.00000000 -0.58778886
vn 0.00000000 -1.00000000 0.00000000
vn 0.30900851 0.00000000 -0.95105927
vn 0.80901437 0.00000000 -0.58778886
vn 0.30900851 0.00000000 -0.95105927
vn 0.00000000 1.00000000 0.00000000
vn 0.00000000 -1.00000000 0.00000000
vn 1.00000000 0.00000000 0.00000000
vn 0.80901437 0.00000000 -0.58778886
vn 1.00000000 0.00000000 0.00000000
vn 0.80901437 0.00000000 -0.58778886
vn 0.00000000 1.00000000 0.00000000
vn 0.80902249 0.00000000 0.58777769
vn 0.00000000 -1.00000000 0.00000000
vn 1.00000000 0.00000000 0.00000000
vn 1.00000000 0.00000000 0.00000000
vn 0.80902249 0.00000000 0.58777769
vn 0.00000000 1.00000000 0.00000000
vn 0.30900851 0.00000000 0.95105927
vn 0.80902249 0.00000000 0.58777769
vn 0.00000000 -1.00000000 0.00000000
vn 0.80902249 0.00000000 0.58777769
vn 0.00000000 1.00000000 0.00000000
vn 0.30900851 0.00000000 0.95105927
vn -1.00000000 0.00000000 0.00000000
vn 0.00000000 1.00000000 0.00000000
vn 0.00000000 0.00000000 1.00000000
vn 0.00000000 0.00000000 -1.00000000
vn 0.00000000 1.00000000 0.00000000
vn -1.00000000 0.00000000 0.00000000
vn 1.00000000 0.00000000 0.00000000
vn 0.00000000 1.00000000 0.00000000
vn 0.00000000 0.00000000 1.00000000
vn 1.00000000 0.00000000 0.00000000
vn 0.00000000 1.00000000 0.00000000
vn 0.00000000 0.00000000 -1.00000000
vn 0.00000000 0.00000000 1.00000000
vn -0.92387929 -0.38268401 0.00000000
vn -1.00000000 0.00000000 0.00000000
vn 0.00000000 -1.00000000 0.00000000
vn 0.00000000 0.00000000 1.00000000
vn -0.38268401 -0.92387929 0.00000000
vn -0.38268401 -0.92387929 0.00000000
vn 0.00000000 0.00000000 1.00000000
vn -0.92387929 -0.38268401 0.00000000
vn -0.38268401 -0.92387929 0.00000000
vn 0.00000000 -1.00000000 0.00000000
vn 0.00000000 0.00000000 -1.00000000
vn -1.00000000 0.00000000 0.00000000
vn 0.00000000 0.00000000 -1.00000000
vn -0.92387929 -0.38268401 0.00000000
vn -0.38268401 -0.92387929 0.00000000
vn 0.00000000 0.00000000 -1.00000000
vn -0.92387929 -0.38268401 0.00000000
vn 0.38267367 -0.92388358 0.00000000
vn 0.00000000 0.00000000 1.00000000
vn 0.00000000 -1.00000000 0.00000000
vn 0.92387929 -0.38268401 0.00000000
vn 0.00000000 0.00000000 1.00000000
vn 1.00000000 0.00000000 0.00000000
vn 0.38267367 -0.92388358 0.00000000
vn 0.00000000 0.00000000 1.00000000
vn 0.92387929 -0.38268401 0.00000000
vn 1.00000000 0.00000000 0.00000000
vn 0.00000000 0.00000000 -1.00000000
vn 0.92387929 -0.38268401 0.00000000
vn 0.38267367 -0.92388358 0.00000000
vn 0.00000000 0.00000000 -1.00000000
vn 0.00000000 -1.00000000 0.00000000
vn 0.38267367 -0.92388358 0.00000000
vn 0.00000000 0.00000000 -1.00000000
vn 0.92387929 -0.38268401 0.00000000
vn -1.00000000 0.00000000 0.00000000
vn 0.00000000 0.00000000 -1.00000000
vn 0.00000000 1.00000000 0.00000000
vn -1.00000000 0.00000000 0.00000000
vn 0.00000000 0.00000000 1.00000000
vn 0.00000000 1.00000000 0.00000000
vn 0.00000000 0.00000000 -1.00000000
vn 1.00000000 0.00000000 0.00000000
vn 0.00000000 1.00000000 0.00000000
vn 0.00000000 1.00000000 0.00000000
vn 1.00000000 0.00000000 0.00000000
vn 0.00000000 0.00000000 1.00000000
vn -1.00000000 0.00000000 0.00000000
vn 0.00000000 0.00000000 -1.00000000
vn -0.92387929 -0.38268401 0.00000000
vn -0.38268401 -0.92387929 0.00000000
vn 0.00000000 -1.00000000 0.00000000
vn 0.00000000 0.00000000 -1.00000000
vn -0.92387929 -0.38268401 0.00000000
vn 0.00000000 0.00000000 -1.00000000
vn -0.38268401 -0.92387929 0.00000000
vn -0.38268401 -0.92387929 0.00000000
vn 0.00000000 0.00000000 1.00000000
vn 0.00000000 -1.00000000 0.00000000
vn 0.00000000 0.00000000 1.00000000
vn -1.00000000 0.00000000 0.00000000
vn -0.92387929 -0.38268401 0.00000000
vn -0.38268401 -0.92387929 0.00000000
vn -0.92387929 -0.38268401 0.00000000
vn 0.00000000 0.00000000 1.00000000
vn 0.38267367 -0.92388358 0.00000000
vn 0.00000000 0.00000000 -1.00000000
vn 0.00000000 -1.00000000 0.00000000
vn 0.00000000 0.00000000 -1.00000000
vn 1.00000000 0.00000000 0.00000000
vn 0.92387929 -0.38268401 0.00000000
vn 0.00000000 0.00000000 -1.00000000
vn 0.38267367 -0.92388358 0.00000000
vn 0.92387929 -0.38268401 0.00000000
vn 0.92387929 -0.38268401 0.00000000
vn 1.00000000 0.00000000 0.00000000
vn 0.00000000 0.00000000 1.00000000
vn 0.38267367 -0.92388358 0.00000000
vn 0.00000000 -1.00000000 0.00000000
vn 0.00000000 0.00000000 1.00000000
vn 0.38267367 -0.92388358 0.00000000
vn 0.00000000 0.00000000 1.00000000
vn 0.92387929 -0.38268401 0.00000000
vn -0.99995651 0.00596149 0.00717151
vn 0.17572063 0.78352990 0.59598923
vn 0.23081210 0.30301097 0.92461350
vn -0.99999769 0.00137339 0.00165215
vn 0.35730783 0.73268551 0.57922627
vn -0.52501463 0.00000000 -0.85109320
vn 0.25988780 0.30630050 0.91577199
vn 0.99999717 0.00211030 0.00109689
vn 0.16092599 0.78638433 0.59640801
vn -0.52501463 0.00000000 -0.85109320
vn 0.99999723 0.00000000 0.00235197
vn 0.34222367 0.73808101 0.58148033
vn -1.00000000 0.00000000 0.00000000
vn 0.00000000 0.26815109 0.96337687
vn 0.00000000 0.00000000 1.00000000
vn -0.99999541 0.00193649 0.00232955
vn -1.00000000 0.00000000 0.00000000
vn -0.52501463 0.00000000 -0.85109320
vn 0.99999789 0.00135079 0.00154860
vn -0.52501463 0.00000000 -0.85109320
vn 0.00000000 0.00000000 1.00000000
vn 0.03169264 0.27382888 0.96125612
vn 1.00000000 0.00000000 0.00000000
vn 0.99999218 0.00395460 0.00000000
vn 0.00000000 -1.00000000 0.00000000
vn -1.00000000 0.00000000 0.00000000
vn 0.00000000 -1.00000000 0.00000000
vn 1.00000000 0.00000000 0.00000000
vn 0.00000000 0.00000000 0.00000000
vn 1.00000000 0.00000000 0.00000000
vn 0.00000000 0.00000000 0.00000000
vn -1.00000000 0.00000000 0.00000000
vn -0.99995651 0.00596149 -0.00717151
vn 0.17571944 0.78352872 -0.59599112
vn 0.23081210 0.30301097 -0.92461350
vn -0.99999769 0.00137339 -0.00165215
vn -0.52498884 0.00000000 0.85110911
vn 0.35728671 0.73269181 -0.57923131
vn 0.25988780 0.30630050 -0.91577199
vn 0.16092655 0.78638282 -0.59640985
vn 0.99999717 0.00211029 -0.00109690
vn 0.99999723 0.00000000 -0.00235198
vn 0.34220439 0.73808636 -0.58148489
vn -0.52498884 0.00000000 0.85110911
vn -0.99999541 0.00193649 -0.00232955
vn 0.00000000 0.00000000 -1.00000000
vn 0.00000000 0.26815109 -0.96337687
vn -1.00000000 0.00000000 0.00000000
vn -0.52498884 0.00000000 0.85110911
vn -1.00000000 0.00000000 0.00000000
vn -0.52498884 0.00000000 0.85110911
vn 0.99999789 0.00135080 -0.00154860
vn 0.03169264 0.27382888 -0.96125612
vn 0.00000000 0.00000000 -1.00000000
vn 0.99999218 0.00395460 0.00000000
vn 1.00000000 0.00000000 0.00000000
vn 0.00000000 -1.00000000 0.00000000
vn -1.00000000 0.00000000 0.00000000
vn 1.00000000 0.00000000 0.00000000
vn 0.00000000 -1.00000000 0.00000000
vn 0.00000000 0.00000000 0.00000000
vn 1.00000000 0.00000000 0.00000000
vn -1.00000000 0.00000000 0.00000000
vn 0.00000000 0.00000000 0.00000000
vn -1.00000000 0.00000000 0.00000000
vn 0.00000000 -1.00000000 0.00000000
vn 0.00000000 -0.70710678 0.70710678
vn -1.00000000 0.00000000 0.00000000
vn 0.00000000 0.00000000 1.00000000
vn 0.00000000 -0.70710678 0.70710678
vn 0.00000000 0.00000000 1.00000000
vn 0.00000000 -0.70710678 0.70710678
vn 1.00000000 0.00000000 0.00000000
vn 0.00000000 -1.00000000 0.00000000
vn 0.00000000 -0.70710678 0.70710678
vn 1.00000000 0.00000000 0.00000000
vn 0.00000000 0.00000000 -1.00000000
vn -1.00000000 0.00000000 0.00000000
vn 0.00000000 -0.70710678 -0.70710678
vn 0.00000000 -1.00000000 0.00000000
vn -1.00000000 0.00000000 0.00000000
vn 0.00000000 -0.70710678 -0.70710678
vn 0.00000000 -1.00000000 0.00000000
vn 1.00000000 0.00000000 0.00000000
vn 0.00000000 -0.70710678 -0.70710678
vn 1.00000000 0.00000000 0.00000000
vn 0.00000000 0.00000000 -1.00000000
vn 0.00000000 -0.70710678 -0.70710678
f 207/207/207 183/183/183 383/383/383
f 383/383/383 354/354/354 207/207/207
f 85/85/85 106/106/106 262/262/262
f 262/262/262 290/290/290 85/85/85
f 481/481/481 197/197/197 172/172/172
f 172/172/172 407/407/407 481/481/481
f 364/364/364 224/224/224 306/306/306
f 306/306/306 319/319/319 364/364/364
f 192/192/192 460/460/460 438/438/438
f 438/438/438 195/195/195 192/192/192
f 468/468/468 490/490/490 479/479/479
f 468/468/468 479/479/479 401/401/401
f 468/468/468 401/401/401 423/423/423
f 468/468/468 423/423/423 413/413/413
f 468/468/468 413/413/413 434/434/434
f 468/468/468 434/434/434 456/456/456
f 468/468/468 456/456/456 447/447/447
f 468/468/468 447/447/447 500/500/500
f 468/468/468 500/500/500 522/522/522
f 468/468/468 522/522/522 512/512/512
f 98/98/98 100/100/100 325/325/325
f 325/325/325 349/349/349 98/98/98
f 200/200/200 202/202/202 344/344/344
f 344/344/344 393/393/393 200/200/200
f 203/203/203 493/493/493 470/470/470
f 470/470/470 205/205/205 203/203/203
f 448/448/448 188/188/188 174/174/174
f 174/174/174 505/505/505 448/448/448
f 503/503/503 175/175/175 180/180/180
f 180/180/180 525/525/525 503/503/503
f 515/515/515 182/182/182 208/208/208
f 208/208/208 472/472/472 515/515/515
f 95/95/95 78/78/78 238/238/238
f 238/238/238 332/332/332 95/95/95
f 139/139/139 148/148/148 624/624/624
f 624/624/624 614/614/614 139/139/139
f 147/147/147 142/142/142 602/602/602
f 602/602/602 627/627/627 147/147/147
f 115/115/115 122/122/122 558/558/558
f 558/558/558 549/549/549 115/115/115
f 133/133/133 132/132/132 571/571/571
f 571/571/571 591/591/591 133/133/133
f 547/547/547 570/570/570 129/129/129
f 129/129/129 116/116/116 547/547/547
f 615/615/615 537/537/537 120/120/120
f 120/120/120 138/138/138 615/615/615
f 657/657/657 646/646/646 149/149/149
f 149/149/149 158/158/158 657/657/657
f 583/583/583 637/637/637 154/154/154
f 154/154/154 125/125/125 583/583/583
f 126/126/126 135/135/135 592/592/592
f 592/592/592 582/582/582 126/126/126
f 636/636/636 658/658/658 157/157/157
f 157/157/157 153/153/153 636/636/636
f 648/648/648 603/603/603 141/141/141
f 141/141/141 151/151/151 648/648/648
f 599/599/599 645/645/645 655/655/655
f 599/599/599 655/655/655 634/634/634
f 599/599/599 634/634/634 577/577/577
f 599/599/599 577/577/577 589/589/589
f 599/599/599 589/589/589 567/567/567
f 599/599/599 567/567/567 544/544/544
f 599/599/599 544/544/544 557/557/557
f 599/599/599 557/557/557 534/534/534
f 599/599/599 534/534/534 612/612/612
f 599/599/599 612/612/612 622/622/622
f 74/74/74 82/82/82 124/124/124
f 124/124/124 113/113/113 74/74/74
f 81/81/81 77/77/77 118/118/118
f 118/118/118 123/123/123 81/81/81
f 112/112/112 108/108/108 156/156/156
f 156/156/156 159/159/159 112/112/112
f 104/104/104 111/111/111 160/160/160
f 160/160/160 150/150/150 104/104/104
f 83/83/83 91/91/91 136/136/136
f 136/136/136 128/128/128 83/83/83
f 90/90/90 86/86/86 130/130/130
f 130/130/130 134/134/134 90/90/90
f 93/93/93 101/101/101 145/145/145
f 145/145/145 137/137/137 93/93/93
f 99/99/99 97/97/97 143/143/143
f 143/143/143 146/146/146 99/99/99
f 78/78/78 95/95/95 140/140/140
f 140/140/140 119/119/119 78/78/78
f 88/88/88 75/75/75 114/114/114
f 114/114/114 131/131/131 88/88/88
f 106/106/106 85/85/85 127/127/127
f 127/127/127 155/155/155 106/106/106
f 96/96/96 105/105/105 152/152/152
f 152/152/152 144/144/144 96/96/96
f 418/418/418 163/163/163 194/194/194
f 194/194/194 439/439/439 418/418/418
f 221/221/221 361/361/361 226/226/226
f 226/226/226 210/210/210 221/221/221
f 256/256/256 257/257/257 271/271/271
f 271/271/271 373/373/373 256/256/256
f 399/399/399 333/333/333 234/234/234
f 234/234/234 243/243/243 399/399/399
f 161/161/161 165/165/165 229/229/229
f 229/229/229 366/366/366 161/161/161
f 121/121/121 117/117/117 539/539/539
f 539/539/539 559/559/559 121/121/121
f 528/528/528 177/177/177 181/181/181
f 181/181/181 514/514/514 528/528/528
f 295/295/295 385/385/385 298/298/298
f 298/298/298 281/281/281 295/295/295
f 336/336/336 398/398/398 338/338/338
f 338/338/338 324/324/324 336/336/336
f 164/164/164 415/415/415 427/427/427
f 427/427/427 166/166/166 164/164/164
f 186/186/186 450/450/450 459/459/459
f 459/459/459 191/191/191 186/186/186
f 199/199/199 483/483/483 495/495/495
f 495/495/495 201/201/201 199/199/199
f 87/87/87 92/92/92 287/287/287
f 287/287/287 311/311/311 87/87/87
f 176/176/176 187/187/187 391/391/391
f 391/391/391 252/252/252 176/176/176
f 168/168/168 169/169/169 247/247/247
f 247/247/247 232/232/232 168/168/168
f 178/178/178 173/173/173 250/250/250
f 250/250/250 372/372/372 178/178/178
f 105/105/105 96/96/96 352/352/352
f 352/352/352 276/276/276 105/105/105
f 171/171/171 198/198/198 396/396/396
f 396/396/396 245/245/245 171/171/171
f 204/204/204 206/206/206 356/356/356
f 356/356/356 341/341/341 204/204/204
f 323/323/323 339/339/339 357/357/357
f 357/357/357 347/347/347 323/323/323
f 190/190/190 196/196/196 316/316/316
f 316/316/316 303/303/303 190/190/190
f 282/282/282 297/297/297 318/318/318
f 318/318/318 305/305/305 282/282/282
f 75/75/75 88/88/88 310/310/310
f 310/310/310 219/219/219 75/75/75
f 212/212/212 225/225/225 244/244/244
f 244/244/244 233/233/233 212/212/212
f 107/107/107 109/109/109 267/267/267
f 267/267/267 264/264/264 107/107/107
f 185/185/185 189/189/189 304/304/304
f 304/304/304 390/390/390 185/185/185
f 102/102/102 94/94/94 331/331/331
f 331/331/331 326/326/326 102/102/102
f 89/89/89 84/84/84 289/289/289
f 289/289/289 288/288/288 89/89/89
f 184/184/184 179/179/179 371/371/371
f 371/371/371 382/382/382 184/184/184
f 193/193/193 162/162/162 367/367/367
f 367/367/367 313/313/313 193/193/193
f 79/79/79 73/73/73 218/218/218
f 218/218/218 213/213/213 79/79/79
f 110/110/110 103/103/103 275/275/275
f 275/275/275 265/265/265 110/110/110
f 374/374/374 269/269/269 279/279/279
f 279/279/279 380/380/380 374/374/374
f 379/379/379 280/280/280 346/346/346
f 346/346/346 359/359/359 379/379/379
f 388/388/388 296/296/296 259/259/259
f 259/259/259 255/255/255 388/388/388
f 215/215/215 220/220/220 223/223/223
f 223/223/223 211/211/211 215/215/215
f 237/237/237 214/214/214 209/209/209
f 209/209/209 236/236/236 237/237/237
f 263/263/263 266/266/266 270/270/270
f 270/270/270 258/258/258 263/263/263
f 268/268/268 273/273/273 277/277/277
f 277/277/277 272/272/272 268/268/268
f 285/285/285 292/292/292 293/293/293
f 293/293/293 283/283/283 285/285/285
f 309/309/309 286/286/286 284/284/284
f 284/284/284 307/307/307 309/309/309
f 327/327/327 329/329/329 335/335/335
f 335/335/335 322/322/322 327/327/327
f 350/350/350 328/328/328 321/321/321
f 321/321/321 345/345/345 350/350/350
f 330/330/330 239/239/239 235/235/235
f 235/235/235 334/334/334 330/330/330
f 217/217/217 312/312/312 308/308/308
f 308/308/308 222/222/222 217/217/217
f 291/291/291 261/261/261 260/260/260
f 260/260/260 294/294/294 291/291/291
f 274/274/274 351/351/351 348/348/348
f 348/348/348 278/278/278 274/274/274
f 400/400/400 242/242/242 246/246/246
f 246/246/246 395/395/395 400/400/400
f 343/343/343 353/353/353 360/360/360
f 360/360/360 340/340/340 343/343/343
f 394/394/394 342/342/342 337/337/337
f 337/337/337 397/397/397 394/394/394
f 302/302/302 314/314/314 320/320/320
f 320/320/320 300/300/300 302/302/302
f 392/392/392 301/301/301 299/299/299
f 299/299/299 386/386/386 392/392/392
f 375/375/375 378/378/378 381/381/381
f 381/381/381 369/369/369 375/375/375
f 254/254/254 376/376/376 370/370/370
f 370/370/370 251/251/251 254/254/254
f 230/230/230 248/248/248 241/241/241
f 241/241/241 227/227/227 230/230/230
f 368/368/368 231/231/231 228/228/228
f 228/228/228 362/362/362 368/368/368
f 363/363/363 317/317/317 315/315/315
f 315/315/315 365/365/365 363/363/363
f 387/387/387 253/253/253 249/249/249
f 249/249/249 389/389/389 387/387/387
f 377/377/377 358/358/358 355/355/355
f 355/355/355 384/384/384 377/377/377
f 76/76/76 80/80/80 216/216/216
f 216/216/216 240/240/240 76/76/76
f 414/414/414 424/424/424 430/430/430
f 430/430/430 419/419/419 414/414/414
f 420/420/420 431/431/431 426/426/426
f 426/426/426 417/417/417 420/420/420
f 425/425/425 402/402/402 408/408/408
f 408/408/408 433/433/433 425/425/425
f 432/432/432 411/411/411 406/406/406
f 406/406/406 428/428/428 432/432/432
f 523/523/523 502/502/502 507/507/507
f 507/507/507 532/532/532 523/523/523
f 529/529/529 508/508/508 504/504/504
f 504/504/504 526/526/526 529/529/529
f 511/511/511 524/524/524 530/530/530
f 530/530/530 518/518/518 511/511/511
f 519/519/519 531/531/531 527/527/527
f 527/527/527 516/516/516 519/519/519
f 446/446/446 457/457/457 463/463/463
f 463/463/463 454/454/454 446/446/446
f 452/452/452 466/466/466 462/462/462
f 462/462/462 449/449/449 452/452/452
f 458/458/458 435/435/435 441/441/441
f 441/441/441 464/464/464 458/458/458
f 465/465/465 442/442/442 440/440/440
f 440/440/440 461/461/461 465/465/465
f 480/480/480 491/491/491 497/497/497
f 497/497/497 485/485/485 480/480/480
f 486/486/486 498/498/498 494/494/494
f 494/494/494 484/484/484 486/486/486
f 489/489/489 467/467/467 476/476/476
f 476/476/476 499/499/499 489/489/489
f 496/496/496 475/475/475 471/471/471
f 471/471/471 492/492/492 496/496/496
f 403/403/403 478/478/478 487/487/487
f 487/487/487 409/409/409 403/403/403
f 410/410/410 488/488/488 482/482/482
f 482/482/482 405/405/405 410/410/410
f 436/436/436 412/412/412 422/422/422
f 422/422/422 444/444/444 436/436/436
f 443/443/443 421/421/421 416/416/416
f 416/416/416 437/437/437 443/443/443
f 517/517/517 473/473/473 477/477/477
f 477/477/477 520/520/520 517/517/517
f 521/521/521 474/474/474 469/469/469
f 469/469/469 513/513/513 521/521/521
f 451/451/451 506/506/506 510/510/510
f 510/510/510 453/453/453 451/451/451
f 455/455/455 509/509/509 501/501/501
f 501/501/501 445/445/445 455/455/455
f 550/550/550 560/560/560 565/565/565
f 565/565/565 554/554/554 550/550/550
f 552/552/552 563/563/563 555/555/555
f 555/555/555 545/545/545 552/552/552
f 561/561/561 538/538/538 541/541/541
f 541/541/541 562/562/562 561/561/561
f 564/564/564 540/540/540 535/535/535
f 535/535/535 556/556/556 564/564/564
f 660/660/660 638/638/638 641/641/641
f 641/641/641 664/664/664 660/660/660
f 661/661/661 639/639/639 632/632/632
f 632/632/632 654/654/654 661/661/661
f 647/647/647 659/659/659 663/663/663
f 663/663/663 652/652/652 647/647/647
f 650/650/650 662/662/662 656/656/656
f 656/656/656 644/644/644 650/650/650
f 581/581/581 594/594/594 595/595/595
f 595/595/595 585/585/585 581/581/581
f 586/586/586 598/598/598 590/590/590
f 590/590/590 579/579/579 586/586/586
f 593/593/593 569/569/569 574/574/574
f 574/574/574 597/597/597 593/593/593
f 596/596/596 576/576/576 568/568/568
f 568/568/568 588/588/588 596/596/596
f 613/613/613 625/625/625 631/631/631
f 631/631/631 620/620/620 613/613/613
f 619/619/619 628/628/628 623/623/623
f 623/623/623 610/610/610 619/619/619
f 626/626/626 605/605/605 608/608/608
f 608/608/608 629/629/629 626/626/626
f 630/630/630 607/607/607 601/601/601
f 601/601/601 621/621/621 630/630/630
f 536/536/536 616/616/616 618/618/618
f 618/618/618 543/543/543 536/536/536
f 542/542/542 617/617/617 611/611/611
f 611/611/611 533/533/533 542/542/542
f 572/572/572 548/548/548 551/551/551
f 551/551/551 573/573/573 572/572/572
f 575/575/575 553/553/553 546/546/546
f 546/546/546 566/566/566 575/575/575
f 643/643/643 600/600/600 609/609/609
f 609/609/609 651/651/651 643/643/643
f 653/653/653 606/606/606 604/604/604
f 604/604/604 649/649/649 653/653/653
f 578/578/578 633/633/633 640/640/640
f 640/640/640 584/584/584 578/578/578
f 587/587/587 642/642/642 635/635/635
f 635/635/635 580/580/580 587/587/587
f 167/167/167 429/429/429 404/404/404
f 404/404/404 170/170/170 167/167/167
f 1345/1345/1345 1347/1347/1347 741/741/741
f 741/741/741 1335/1335/1335 1345/1345/1345
f 1348/1348/1348 1346/1346/1346 1343/1343/1343
f 1343/1343/1343 744/744/744 1348/1348/1348
f 1350/1350/1350 1355/1355/1355 1307/1307/1307
f 1307/1307/1307 1320/1320/1320 1350/1350/1350
f 1354/1354/1354 1352/1352/1352 1330/1330/1330
f 1330/1330/1330 1312/1312/1312 1354/1354/1354
f 1353/1353/1353 1360/1360/1360 694/694/694
f 694/694/694 1308/1308/1308 1353/1353/1353
f 1359/1359/1359 1356/1356/1356 1311/1311/1311
f 1311/1311/1311 699/699/699 1359/1359/1359
f 1357/1357/1357 1362/1362/1362 707/707/707
f 707/707/707 692/692/692 1357/1357/1357
f 1364/1364/1364 1358/1358/1358 697/697/697
f 697/697/697 714/714/714 1364/1364/1364
f 1363/1363/1363 1349/1349/1349 1319/1319/1319
f 1319/1319/1319 708/708/708 1363/1363/1363
f 1351/1351/1351 1361/1361/1361 716/716/716
f 716/716/716 1331/1331/1331 1351/1351/1351
f 1368/1368/1368 1372/1372/1372 1322/1322/1322
f 1322/1322/1322 668/668/668 1368/1368/1368
f 1370/1370/1370 1365/1365/1365 675/675/675
f 675/675/675 1332/1332/1332 1370/1370/1370
f 1371/1371/1371 1373/1373/1373 706/706/706
f 706/706/706 1317/1317/1317 1371/1371/1371
f 1376/1376/1376 1369/1369/1369 1328/1328/1328
f 1328/1328/1328 717/717/717 1376/1376/1376
f 1374/1374/1374 1379/1379/1379 726/726/726
f 726/726/726 712/712/712 1374/1374/1374
f 1378/1378/1378 1375/1375/1375 718/718/718
f 718/718/718 735/735/735 1378/1378/1378
f 1380/1380/1380 1367/1367/1367 672/672/672
f 672/672/672 725/725/725 1380/1380/1380
f 1366/1366/1366 1377/1377/1377 729/729/729
f 729/729/729 673/673/673 1366/1366/1366
f 1383/1383/1383 1387/1387/1387 671/671/671
f 671/671/671 1333/1333/1333 1383/1383/1383
f 1386/1386/1386 1384/1384/1384 1340/1340/1340
f 1340/1340/1340 674/674/674 1386/1386/1386
f 1385/1385/1385 1390/1390/1390 727/727/727
f 727/727/727 669/669/669 1385/1385/1385
f 1391/1391/1391 1388/1388/1388 676/676/676
f 676/676/676 736/736/736 1391/1391/1391
f 1389/1389/1389 1396/1396/1396 738/738/738
f 738/738/738 728/728/728 1389/1389/1389
f 1394/1394/1394 1392/1392/1392 730/730/730
f 730/730/730 745/745/745 1394/1394/1394
f 1395/1395/1395 1381/1381/1381 1338/1338/1338
f 1338/1338/1338 737/737/737 1395/1395/1395
f 1382/1382/1382 1393/1393/1393 748/748/748
f 748/748/748 1342/1342/1342 1382/1382/1382
f 1398/1398/1398 1402/1402/1402 1294/1294/1294
f 1294/1294/1294 1302/1302/1302 1398/1398/1398
f 1404/1404/1404 1399/1399/1399 1314/1314/1314
f 1314/1314/1314 1299/1299/1299 1404/1404/1404
f 1401/1401/1401 1408/1408/1408 682/682/682
f 682/682/682 1295/1295/1295 1401/1401/1401
f 1406/1406/1406 1403/1403/1403 1300/1300/1300
f 1300/1300/1300 687/687/687 1406/1406/1406
f 1407/1407/1407 1409/1409/1409 695/695/695
f 695/695/695 684/684/684 1407/1407/1407
f 1410/1410/1410 1405/1405/1405 685/685/685
f 685/685/685 701/701/701 1410/1410/1410
f 1411/1411/1411 1397/1397/1397 1301/1301/1301
f 1301/1301/1301 690/690/690 1411/1411/1411
f 1400/1400/1400 1412/1412/1412 704/704/704
f 704/704/704 1310/1310/1310 1400/1400/1400
f 1414/1414/1414 1416/1416/1416 806/806/806
f 806/806/806 740/740/740 1414/1414/1414
f 1415/1415/1415 1413/1413/1413 746/746/746
f 746/746/746 811/811/811 1415/1415/1415
f 1417/1417/1417 1424/1424/1424 693/693/693
f 693/693/693 711/711/711 1417/1417/1417
f 1421/1421/1421 1418/1418/1418 713/713/713
f 713/713/713 698/698/698 1421/1421/1421
f 1422/1422/1422 1428/1428/1428 758/758/758
f 758/758/758 689/689/689 1422/1422/1422
f 1426/1426/1426 1423/1423/1423 703/703/703
f 703/703/703 766/766/766 1426/1426/1426
f 1425/1425/1425 1430/1430/1430 775/775/775
f 775/775/775 759/759/759 1425/1425/1425
f 1429/1429/1429 1427/1427/1427 771/771/771
f 771/771/771 781/781/781 1429/1429/1429
f 1432/1432/1432 1420/1420/1420 705/705/705
f 705/705/705 776/776/776 1432/1432/1432
f 1419/1419/1419 1431/1431/1431 782/782/782
f 782/782/782 720/720/720 1419/1419/1419
f 1436/1436/1436 1437/1437/1437 709/709/709
f 709/709/709 721/721/721 1436/1436/1436
f 1440/1440/1440 1435/1435/1435 733/733/733
f 733/733/733 719/719/719 1440/1440/1440
f 1439/1439/1439 1441/1441/1441 777/777/777
f 777/777/777 710/710/710 1439/1439/1439
f 1442/1442/1442 1438/1438/1438 715/715/715
f 715/715/715 787/787/787 1442/1442/1442
f 1444/1444/1444 1445/1445/1445 792/792/792
f 792/792/792 778/778/778 1444/1444/1444
f 1448/1448/1448 1443/1443/1443 788/788/788
f 788/788/788 801/801/801 1448/1448/1448
f 1447/1447/1447 1434/1434/1434 722/722/722
f 722/722/722 791/791/791 1447/1447/1447
f 1433/1433/1433 1446/1446/1446 803/803/803
f 803/803/803 734/734/734 1433/1433/1433
f 1452/1452/1452 1454/1454/1454 723/723/723
f 723/723/723 742/742/742 1452/1452/1452
f 1453/1453/1453 1451/1451/1451 743/743/743
f 743/743/743 732/732/732 1453/1453/1453
f 1455/1455/1455 1459/1459/1459 790/790/790
f 790/790/790 724/724/724 1455/1455/1455
f 1460/1460/1460 1456/1456/1456 731/731/731
f 731/731/731 799/799/799 1460/1460/1460
f 1457/1457/1457 1463/1463/1463 808/808/808
f 808/808/808 795/795/795 1457/1457/1457
f 1464/1464/1464 1458/1458/1458 800/800/800
f 800/800/800 812/812/812 1464/1464/1464
f 1462/1462/1462 1450/1450/1450 739/739/739
f 739/739/739 805/805/805 1462/1462/1462
f 1449/1449/1449 1461/1461/1461 815/815/815
f 815/815/815 747/747/747 1449/1449/1449
f 1468/1468/1468 1470/1470/1470 683/683/683
f 683/683/683 696/696/696 1468/1468/1468
f 1469/1469/1469 1467/1467/1467 702/702/702
f 702/702/702 686/686/686 1469/1469/1469
f 1472/1472/1472 1476/1476/1476 750/750/750
f 750/750/750 681/681/681 1472/1472/1472
f 1473/1473/1473 1471/1471/1471 688/688/688
f 688/688/688 756/756/756 1473/1473/1473
f 1474/1474/1474 1480/1480/1480 760/760/760
f 760/760/760 751/751/751 1474/1474/1474
f 1478/1478/1478 1475/1475/1475 753/753/753
f 753/753/753 765/765/765 1478/1478/1478
f 1477/1477/1477 1466/1466/1466 691/691/691
f 691/691/691 762/762/762 1477/1477/1477
f 1465/1465/1465 1479/1479/1479 772/772/772
f 772/772/772 700/700/700 1465/1465/1465
f 1484/1484/1484 1488/1488/1488 749/749/749
f 749/749/749 761/761/761 1484/1484/1484
f 1485/1485/1485 1483/1483/1483 767/767/767
f 767/767/767 755/755/755 1485/1485/1485
f 1487/1487/1487 1490/1490/1490 818/818/818
f 818/818/818 752/752/752 1487/1487/1487
f 1489/1489/1489 1486/1486/1486 754/754/754
f 754/754/754 822/822/822 1489/1489/1489
f 1492/1492/1492 1493/1493/1493 831/831/831
f 831/831/831 817/817/817 1492/1492/1492
f 1494/1494/1494 1491/1491/1491 824/824/824
f 824/824/824 834/834/834 1494/1494/1494
f 1496/1496/1496 1482/1482/1482 763/763/763
f 763/763/763 829/829/829 1496/1496/1496
f 1481/1481/1481 1495/1495/1495 833/833/833
f 833/833/833 768/768/768 1481/1481/1481
f 1497/1497/1497 1499/1499/1499 875/875/875
f 875/875/875 809/809/809 1497/1497/1497
f 1500/1500/1500 1498/1498/1498 814/814/814
f 814/814/814 884/884/884 1500/1500/1500
f 1504/1504/1504 1508/1508/1508 757/757/757
f 757/757/757 779/779/779 1504/1504/1504
f 1507/1507/1507 1502/1502/1502 783/783/783
f 783/783/783 769/769/769 1507/1507/1507
f 1505/1505/1505 1510/1510/1510 827/827/827
f 827/827/827 764/764/764 1505/1505/1505
f 1509/1509/1509 1506/1506/1506 770/770/770
f 770/770/770 839/839/839 1509/1509/1509
f 1512/1512/1512 1514/1514/1514 845/845/845
f 845/845/845 830/830/830 1512/1512/1512
f 1515/1515/1515 1511/1511/1511 840/840/840
f 840/840/840 849/849/849 1515/1515/1515
f 1513/1513/1513 1503/1503/1503 780/780/780
f 780/780/780 848/848/848 1513/1513/1513
f 1501/1501/1501 1516/1516/1516 852/852/852
f 852/852/852 785/785/785 1501/1501/1501
f 1517/1517/1517 1522/1522/1522 774/774/774
f 774/774/774 793/793/793 1517/1517/1517
f 1523/1523/1523 1519/1519/1519 804/804/804
f 804/804/804 786/786/786 1523/1523/1523
f 1524/1524/1524 1526/1526/1526 846/846/846
f 846/846/846 773/773/773 1524/1524/1524
f 1528/1528/1528 1521/1521/1521 784/784/784
f 784/784/784 851/851/851 1528/1528/1528
f 1527/1527/1527 1529/1529/1529 858/858/858
f 858/858/858 847/847/847 1527/1527/1527
f 1530/1530/1530 1525/1525/1525 853/853/853
f 853/853/853 865/865/865 1530/1530/1530
f 1531/1531/1531 1518/1518/1518 794/794/794
f 794/794/794 859/859/859 1531/1531/1531
f 1520/1520/1520 1532/1532/1532 869/869/869
f 869/869/869 798/798/798 1520/1520/1520
f 1536/1536/1536 1537/1537/1537 789/789/789
f 789/789/789 807/807/807 1536/1536/1536
f 1538/1538/1538 1535/1535/1535 813/813/813
f 813/813/813 797/797/797 1538/1538/1538
f 1539/1539/1539 1542/1542/1542 863/863/863
f 863/863/863 796/796/796 1539/1539/1539
f 1541/1541/1541 1540/1540/1540 802/802/802
f 802/802/802 872/872/872 1541/1541/1541
f 1544/1544/1544 1546/1546/1546 878/878/878
f 878/878/878 864/864/864 1544/1544/1544
f 1545/1545/1545 1543/1543/1543 871/871/871
f 871/871/871 883/883/883 1545/1545/1545
f 1547/1547/1547 1533/1533/1533 810/810/810
f 810/810/810 874/874/874 1547/1547/1547
f 1534/1534/1534 1548/1548/1548 880/880/880
f 880/880/880 816/816/816 1534/1534/1534
f 1550/1550/1550 1556/1556/1556 857/857/857
f 857/857/857 876/876/876 1550/1550/1550
f 1553/1553/1553 1551/1551/1551 879/879/879
f 879/879/879 868/868/868 1553/1553/1553
f 1555/1555/1555 1559/1559/1559 930/930/930
f 930/930/930 862/862/862 1555/1555/1555
f 1560/1560/1560 1554/1554/1554 867/867/867
f 867/867/867 933/933/933 1560/1560/1560
f 1557/1557/1557 1562/1562/1562 944/944/944
f 944/944/944 931/931/931 1557/1557/1557
f 1561/1561/1561 1558/1558/1558 937/937/937
f 937/937/937 952/952/952 1561/1561/1561
f 1563/1563/1563 1549/1549/1549 877/877/877
f 877/877/877 941/941/941 1563/1563/1563
f 1552/1552/1552 1564/1564/1564 950/950/950
f 950/950/950 881/881/881 1552/1552/1552
f 1565/1565/1565 1570/1570/1570 819/819/819
f 819/819/819 826/826/826 1565/1565/1565
f 1572/1572/1572 1568/1568/1568 836/836/836
f 836/836/836 821/821/821 1572/1572/1572
f 1571/1571/1571 1573/1573/1573 885/885/885
f 885/885/885 820/820/820 1571/1571/1571
f 1576/1576/1576 1569/1569/1569 823/823/823
f 823/823/823 892/892/892 1576/1576/1576
f 1575/1575/1575 1580/1580/1580 895/895/895
f 895/895/895 886/886/886 1575/1575/1575
f 1578/1578/1578 1574/1574/1574 891/891/891
f 891/891/891 901/901/901 1578/1578/1578
f 1577/1577/1577 1566/1566/1566 832/832/832
f 832/832/832 894/894/894 1577/1577/1577
f 1567/1567/1567 1579/1579/1579 906/906/906
f 906/906/906 838/838/838 1567/1567/1567
f 1581/1581/1581 1583/1583/1583 945/945/945
f 945/945/945 873/873/873 1581/1581/1581
f 1584/1584/1584 1582/1582/1582 882/882/882
f 882/882/882 947/947/947 1584/1584/1584
f 1585/1585/1585 1589/1589/1589 825/825/825
f 825/825/825 844/844/844 1585/1585/1585
f 1591/1591/1591 1588/1588/1588 855/855/855
f 855/855/855 837/837/837 1591/1591/1591
f 1590/1590/1590 1596/1596/1596 893/893/893
f 893/893/893 828/828/828 1590/1590/1590
f 1594/1594/1594 1592/1592/1592 835/835/835
f 835/835/835 907/907/907 1594/1594/1594
f 1595/1595/1595 1600/1600/1600 912/912/912
f 912/912/912 897/897/897 1595/1595/1595
f 1597/1597/1597 1593/1593/1593 905/905/905
f 905/905/905 922/922/922 1597/1597/1597
f 1598/1598/1598 1586/1586/1586 841/841/841
f 841/841/841 914/914/914 1598/1598/1598
f 1587/1587/1587 1599/1599/1599 924/924/924
f 924/924/924 850/850/850 1587/1587/1587
f 1601/1601/1601 1608/1608/1608 842/842/842
f 842/842/842 861/861/861 1601/1601/1601
f 1607/1607/1607 1602/1602/1602 870/870/870
f 870/870/870 856/856/856 1607/1607/1607
f 1605/1605/1605 1610/1610/1610 909/909/909
f 909/909/909 843/843/843 1605/1605/1605
f 1609/1609/1609 1606/1606/1606 854/854/854
f 854/854/854 921/921/921 1609/1609/1609
f 1612/1612/1612 1616/1616/1616 926/926/926
f 926/926/926 916/916/916 1612/1612/1612
f 1613/1613/1613 1611/1611/1611 918/918/918
f 918/918/918 935/935/935 1613/1613/1613
f 1614/1614/1614 1604/1604/1604 860/860/860
f 860/860/860 928/928/928 1614/1614/1614
f 1603/1603/1603 1615/1615/1615 934/934/934
f 934/934/934 866/866/866 1603/1603/1603
f 1619/1619/1619 1621/1621/1621 911/911/911
f 911/911/911 925/925/925 1619/1619/1619
f 1622/1622/1622 1620/1620/1620 936/936/936
f 936/936/936 920/920/920 1622/1622/1622
f 1623/1623/1623 1628/1628/1628 983/983/983
f 983/983/983 910/910/910 1623/1623/1623
f 1627/1627/1627 1624/1624/1624 917/917/917
f 917/917/917 990/990/990 1627/1627/1627
f 1626/1626/1626 1631/1631/1631 996/996/996
f 996/996/996 984/984/984 1626/1626/1626
f 1629/1629/1629 1625/1625/1625 989/989/989
f 989/989/989 1002/1002/1002 1629/1629/1629
f 1630/1630/1630 1618/1618/1618 932/932/932
f 932/932/932 998/998/998 1630/1630/1630
f 1617/1617/1617 1632/1632/1632 1007/1007/1007
f 1007/1007/1007 939/939/939 1617/1617/1617
f 1633/1633/1633 1639/1639/1639 929/929/929
f 929/929/929 942/942/942 1633/1633/1633
f 1640/1640/1640 1636/1636/1636 949/949/949
f 949/949/949 940/940/940 1640/1640/1640
f 1637/1637/1637 1644/1644/1644 1000/1000/1000
f 1000/1000/1000 927/927/927 1637/1637/1637
f 1643/1643/1643 1638/1638/1638 938/938/938
f 938/938/938 1006/1006/1006 1643/1643/1643
f 1641/1641/1641 1646/1646/1646 1013/1013/1013
f 1013/1013/1013 999/999/999 1641/1641/1641
f 1647/1647/1647 1642/1642/1642 1003/1003/1003
f 1003/1003/1003 1015/1015/1015 1647/1647/1647
f 1648/1648/1648 1634/1634/1634 946/946/946
f 946/946/946 1014/1014/1014 1648/1648/1648
f 1635/1635/1635 1645/1645/1645 1018/1018/1018
f 1018/1018/1018 951/951/951 1635/1635/1635
f 1652/1652/1652 1654/1654/1654 888/888/888
f 888/888/888 900/900/900 1652/1652/1652
f 1656/1656/1656 1650/1650/1650 902/902/902
f 902/902/902 889/889/889 1656/1656/1656
f 1655/1655/1655 1658/1658/1658 953/953/953
f 953/953/953 887/887/887 1655/1655/1655
f 1660/1660/1660 1653/1653/1653 890/890/890
f 890/890/890 959/959/959 1660/1660/1660
f 1657/1657/1657 1663/1663/1663 967/967/967
f 967/967/967 956/956/956 1657/1657/1657
f 1661/1661/1661 1659/1659/1659 958/958/958
f 958/958/958 975/975/975 1661/1661/1661
f 1664/1664/1664 1649/1649/1649 898/898/898
f 898/898/898 963/963/963 1664/1664/1664
f 1651/1651/1651 1662/1662/1662 976/976/976
f 976/976/976 908/908/908 1651/1651/1651
f 1666/1666/1666 1668/1668/1668 1012/1012/1012
f 1012/1012/1012 943/943/943 1666/1666/1666
f 1667/1667/1667 1665/1665/1665 948/948/948
f 948/948/948 1017/1017/1017 1667/1667/1667
f 1670/1670/1670 1673/1673/1673 899/899/899
f 899/899/899 913/913/913 1670/1670/1670
f 1674/1674/1674 1669/1669/1669 919/919/919
f 919/919/919 904/904/904 1674/1674/1674
f 1676/1676/1676 1677/1677/1677 966/966/966
f 966/966/966 896/896/896 1676/1676/1676
f 1678/1678/1678 1675/1675/1675 903/903/903
f 903/903/903 971/971/971 1678/1678/1678
f 1680/1680/1680 1683/1683/1683 982/982/982
f 982/982/982 965/965/965 1680/1680/1680
f 1681/1681/1681 1679/1679/1679 973/973/973
f 973/973/973 991/991/991 1681/1681/1681
f 1684/1684/1684 1672/1672/1672 915/915/915
f 915/915/915 981/981/981 1684/1684/1684
f 1671/1671/1671 1682/1682/1682 987/987/987
f 987/987/987 923/923/923 1671/1671/1671
f 1685/1685/1685 1691/1691/1691 978/978/978
f 978/978/978 997/997/997 1685/1685/1685
f 1689/1689/1689 1687/1687/1687 1005/1005/1005
f 1005/1005/1005 988/988/988 1689/1689/1689
f 1692/1692/1692 1695/1695/1695 1049/1049/1049
f 1049/1049/1049 980/980/980 1692/1692/1692
f 1693/1693/1693 1690/1690/1690 992/992/992
f 992/992/992 1054/1054/1054 1693/1693/1693
f 1696/1696/1696 1697/1697/1697 1061/1061/1061
f 1061/1061/1061 1050/1050/1050 1696/1696/1696
f 1700/1700/1700 1694/1694/1694 1060/1060/1060
f 1060/1060/1060 1072/1072/1072 1700/1700/1700
f 1699/1699/1699 1688/1688/1688 994/994/994
f 994/994/994 1067/1067/1067 1699/1699/1699
f 1686/1686/1686 1698/1698/1698 1074/1074/1074
f 1074/1074/1074 1008/1008/1008 1686/1686/1686
f 1704/1704/1704 1708/1708/1708 995/995/995
f 995/995/995 1011/1011/1011 1704/1704/1704
f 1706/1706/1706 1701/1701/1701 1016/1016/1016
f 1016/1016/1016 1004/1004/1004 1706/1706/1706
f 1705/1705/1705 1709/1709/1709 1066/1066/1066
f 1066/1066/1066 993/993/993 1705/1705/1705
f 1710/1710/1710 1707/1707/1707 1001/1001/1001
f 1001/1001/1001 1071/1071/1071 1710/1710/1710
f 1711/1711/1711 1716/1716/1716 1078/1078/1078
f 1078/1078/1078 1068/1068/1068 1711/1711/1711
f 1715/1715/1715 1712/1712/1712 1070/1070/1070
f 1070/1070/1070 1086/1086/1086 1715/1715/1715
f 1713/1713/1713 1702/1702/1702 1009/1009/1009
f 1009/1009/1009 1079/1079/1079 1713/1713/1713
f 1703/1703/1703 1714/1714/1714 1085/1085/1085
f 1085/1085/1085 1019/1019/1019 1703/1703/1703
f 1719/1719/1719 1722/1722/1722 955/955/955
f 955/955/955 961/961/961 1719/1719/1719
f 1721/1721/1721 1718/1718/1718 972/972/972
f 972/972/972 957/957/957 1721/1721/1721
f 1724/1724/1724 1726/1726/1726 1023/1023/1023
f 1023/1023/1023 954/954/954 1724/1724/1724
f 1725/1725/1725 1723/1723/1723 960/960/960
f 960/960/960 1028/1028/1028 1725/1725/1725
f 1728/1728/1728 1731/1731/1731 1035/1035/1035
f 1035/1035/1035 1021/1021/1021 1728/1728/1728
f 1732/1732/1732 1727/1727/1727 1027/1027/1027
f 1027/1027/1027 1039/1039/1039 1732/1732/1732
f 1729/1729/1729 1717/1717/1717 962/962/962
f 962/962/962 1031/1031/1031 1729/1729/1729
f 1720/1720/1720 1730/1730/1730 1038/1038/1038
f 1038/1038/1038 969/969/969 1720/1720/1720
f 1733/1733/1733 1735/1735/1735 1081/1081/1081
f 1081/1081/1081 1010/1010/1010 1733/1733/1733
f 1736/1736/1736 1734/1734/1734 1020/1020/1020
f 1020/1020/1020 1087/1087/1087 1736/1736/1736
f 1739/1739/1739 1744/1744/1744 964/964/964
f 964/964/964 977/977/977 1739/1739/1739
f 1743/1743/1743 1740/1740/1740 985/985/985
f 985/985/985 974/974/974 1743/1743/1743
f 1742/1742/1742 1745/1745/1745 1030/1030/1030
f 1030/1030/1030 968/968/968 1742/1742/1742
f 1746/1746/1746 1741/1741/1741 970/970/970
f 970/970/970 1040/1040/1040 1746/1746/1746
f 1748/1748/1748 1751/1751/1751 1045/1045/1045
f 1045/1045/1045 1033/1033/1033 1748/1748/1748
f 1752/1752/1752 1747/1747/1747 1044/1044/1044
f 1044/1044/1044 1053/1053/1053 1752/1752/1752
f 1750/1750/1750 1737/1737/1737 979/979/979
f 979/979/979 1047/1047/1047 1750/1750/1750
f 1738/1738/1738 1749/1749/1749 1057/1057/1057
f 1057/1057/1057 986/986/986 1738/1738/1738
f 1753/1753/1753 1760/1760/1760 1032/1032/1032
f 1032/1032/1032 1048/1048/1048 1753/1753/1753
f 1757/1757/1757 1754/1754/1754 1059/1059/1059
f 1059/1059/1059 1037/1037/1037 1757/1757/1757
f 1758/1758/1758 1763/1763/1763 1099/1099/1099
f 1099/1099/1099 1029/1029/1029 1758/1758/1758
f 1762/1762/1762 1759/1759/1759 1043/1043/1043
f 1043/1043/1043 1111/1111/1111 1762/1762/1762
f 1761/1761/1761 1768/1768/1768 1113/1113/1113
f 1113/1113/1113 1104/1104/1104 1761/1761/1761
f 1766/1766/1766 1764/1764/1764 1109/1109/1109
f 1109/1109/1109 1128/1128/1128 1766/1766/1766
f 1767/1767/1767 1755/1755/1755 1052/1052/1052
f 1052/1052/1052 1120/1120/1120 1767/1767/1767
f 1756/1756/1756 1765/1765/1765 1127/1127/1127
f 1127/1127/1127 1058/1058/1058 1756/1756/1756
f 1771/1771/1771 1773/1773/1773 1051/1051/1051
f 1051/1051/1051 1064/1064/1064 1771/1771/1771
f 1775/1775/1775 1770/1770/1770 1069/1069/1069
f 1069/1069/1069 1055/1055/1055 1775/1775/1775
f 1774/1774/1774 1779/1779/1779 1117/1117/1117
f 1117/1117/1117 1046/1046/1046 1774/1774/1774
f 1778/1778/1778 1776/1776/1776 1056/1056/1056
f 1056/1056/1056 1126/1126/1126 1778/1778/1778
f 1780/1780/1780 1784/1784/1784 1132/1132/1132
f 1132/1132/1132 1116/1116/1116 1780/1780/1780
f 1782/1782/1782 1777/1777/1777 1121/1121/1121
f 1121/1121/1121 1138/1138/1138 1782/1782/1782
f 1781/1781/1781 1769/1769/1769 1063/1063/1063
f 1063/1063/1063 1136/1136/1136 1781/1781/1781
f 1772/1772/1772 1783/1783/1783 1144/1144/1144
f 1144/1144/1144 1073/1073/1073 1772/1772/1772
f 1787/1787/1787 1789/1789/1789 1062/1062/1062
f 1062/1062/1062 1082/1082/1082 1787/1787/1787
f 1791/1791/1791 1788/1788/1788 1088/1088/1088
f 1088/1088/1088 1076/1076/1076 1791/1791/1791
f 1792/1792/1792 1796/1796/1796 1134/1134/1134
f 1134/1134/1134 1065/1065/1065 1792/1792/1792
f 1793/1793/1793 1790/1790/1790 1075/1075/1075
f 1075/1075/1075 1143/1143/1143 1793/1793/1793
f 1794/1794/1794 1799/1799/1799 1146/1146/1146
f 1146/1146/1146 1133/1133/1133 1794/1794/1794
f 1800/1800/1800 1795/1795/1795 1139/1139/1139
f 1139/1139/1139 1154/1154/1154 1800/1800/1800
f 1798/1798/1798 1786/1786/1786 1080/1080/1080
f 1080/1080/1080 1145/1145/1145 1798/1798/1798
f 1785/1785/1785 1797/1797/1797 1155/1155/1155
f 1155/1155/1155 1084/1084/1084 1785/1785/1785
f 1803/1803/1803 1806/1806/1806 1024/1024/1024
f 1024/1024/1024 1034/1034/1034 1803/1803/1803
f 1807/1807/1807 1804/1804/1804 1041/1041/1041
f 1041/1041/1041 1026/1026/1026 1807/1807/1807
f 1805/1805/1805 1812/1812/1812 1092/1092/1092
f 1092/1092/1092 1022/1022/1022 1805/1805/1805
f 1810/1810/1810 1808/1808/1808 1025/1025/1025
f 1025/1025/1025 1094/1094/1094 1810/1810/1810
f 1811/1811/1811 1816/1816/1816 1097/1097/1097
f 1097/1097/1097 1091/1091/1091 1811/1811/1811
f 1815/1815/1815 1809/1809/1809 1093/1093/1093
f 1093/1093/1093 1112/1112/1112 1815/1815/1815
f 1813/1813/1813 1802/1802/1802 1036/1036/1036
f 1036/1036/1036 1098/1098/1098 1813/1813/1813
f 1801/1801/1801 1814/1814/1814 1110/1110/1110
f 1110/1110/1110 1042/1042/1042 1801/1801/1801
f 1817/1817/1817 1820/1820/1820 1150/1150/1150
f 1150/1150/1150 1077/1077/1077 1817/1817/1817
f 1819/1819/1819 1818/1818/1818 1083/1083/1083
f 1083/1083/1083 1152/1152/1152 1819/1819/1819
f 1822/1822/1822 1823/1823/1823 1215/1215/1215
f 1215/1215/1215 1148/1148/1148 1822/1822/1822
f 1824/1824/1824 1821/1821/1821 1156/1156/1156
f 1156/1156/1156 1223/1223/1223 1824/1824/1824
f 1825/1825/1825 1831/1831/1831 1103/1103/1103
f 1103/1103/1103 1114/1114/1114 1825/1825/1825
f 1830/1830/1830 1826/1826/1826 1123/1123/1123
f 1123/1123/1123 1108/1108/1108 1830/1830/1830
f 1832/1832/1832 1833/1833/1833 1166/1166/1166
f 1166/1166/1166 1101/1101/1101 1832/1832/1832
f 1835/1835/1835 1829/1829/1829 1107/1107/1107
f 1107/1107/1107 1180/1180/1180 1835/1835/1835
f 1836/1836/1836 1840/1840/1840 1182/1182/1182
f 1182/1182/1182 1165/1165/1165 1836/1836/1836
f 1838/1838/1838 1834/1834/1834 1176/1176/1176
f 1176/1176/1176 1192/1192/1192 1838/1838/1838
f 1837/1837/1837 1827/1827/1827 1118/1118/1118
f 1118/1118/1118 1185/1185/1185 1837/1837/1837
f 1828/1828/1828 1839/1839/1839 1191/1191/1191
f 1191/1191/1191 1124/1124/1124 1828/1828/1828
f 1843/1843/1843 1847/1847/1847 1115/1115/1115
f 1115/1115/1115 1131/1131/1131 1843/1843/1843
f 1848/1848/1848 1844/1844/1844 1137/1137/1137
f 1137/1137/1137 1122/1122/1122 1848/1848/1848
f 1845/1845/1845 1852/1852/1852 1181/1181/1181
f 1181/1181/1181 1119/1119/1119 1845/1845/1845
f 1850/1850/1850 1846/1846/1846 1125/1125/1125
f 1125/1125/1125 1190/1190/1190 1850/1850/1850
f 1849/1849/1849 1854/1854/1854 1201/1201/1201
f 1201/1201/1201 1186/1186/1186 1849/1849/1849
f 1856/1856/1856 1851/1851/1851 1189/1189/1189
f 1189/1189/1189 1207/1207/1207 1856/1856/1856
f 1855/1855/1855 1842/1842/1842 1135/1135/1135
f 1135/1135/1135 1198/1198/1198 1855/1855/1855
f 1841/1841/1841 1853/1853/1853 1205/1205/1205
f 1205/1205/1205 1141/1141/1141 1841/1841/1841
f 1857/1857/1857 1864/1864/1864 1129/1129/1129
f 1129/1129/1129 1149/1149/1149 1857/1857/1857
f 1862/1862/1862 1858/1858/1858 1151/1151/1151
f 1151/1151/1151 1140/1140/1140 1862/1862/1862
f 1861/1861/1861 1865/1865/1865 1203/1203/1203
f 1203/1203/1203 1130/1130/1130 1861/1861/1861
f 1867/1867/1867 1863/1863/1863 1142/1142/1142
f 1142/1142/1142 1206/1206/1206 1867/1867/1867
f 1868/1868/1868 1870/1870/1870 1214/1214/1214
f 1214/1214/1214 1204/1204/1204 1868/1868/1868
f 1872/1872/1872 1866/1866/1866 1208/1208/1208
f 1208/1208/1208 1222/1222/1222 1872/1872/1872
f 1871/1871/1871 1860/1860/1860 1147/1147/1147
f 1147/1147/1147 1213/1213/1213 1871/1871/1871
f 1859/1859/1859 1869/1869/1869 1220/1220/1220
f 1220/1220/1220 1153/1153/1153 1859/1859/1859
f 1874/1874/1874 1877/1877/1877 1089/1089/1089
f 1089/1089/1089 1100/1100/1100 1874/1874/1874
f 1879/1879/1879 1873/1873/1873 1105/1105/1105
f 1105/1105/1105 1096/1096/1096 1879/1879/1879
f 1878/1878/1878 1881/1881/1881 1159/1159/1159
f 1159/1159/1159 1090/1090/1090 1878/1878/1878
f 1882/1882/1882 1880/1880/1880 1095/1095/1095
f 1095/1095/1095 1164/1164/1164 1882/1882/1882
f 1884/1884/1884 1886/1886/1886 1167/1167/1167
f 1167/1167/1167 1158/1158/1158 1884/1884/1884
f 1887/1887/1887 1883/1883/1883 1161/1161/1161
f 1161/1161/1161 1175/1175/1175 1887/1887/1887
f 1888/1888/1888 1876/1876/1876 1102/1102/1102
f 1102/1102/1102 1171/1171/1171 1888/1888/1888
f 1875/1875/1875 1885/1885/1885 1173/1173/1173
f 1173/1173/1173 1106/1106/1106 1875/1875/1875
f 1891/1891/1891 1893/1893/1893 1199/1199/1199
f 1199/1199/1199 1216/1216/1216 1891/1891/1891
f 1896/1896/1896 1892/1892/1892 1219/1219/1219
f 1219/1219/1219 1210/1210/1210 1896/1896/1896
f 1894/1894/1894 1899/1899/1899 1267/1267/1267
f 1267/1267/1267 1197/1197/1197 1894/1894/1894
f 1898/1898/1898 1895/1895/1895 1209/1209/1209
f 1209/1209/1209 1279/1279/1279 1898/1898/1898
f 1900/1900/1900 1901/1901/1901 1282/1282/1282
f 1282/1282/1282 1270/1270/1270 1900/1900/1900
f 1904/1904/1904 1897/1897/1897 1277/1277/1277
f 1277/1277/1277 1292/1292/1292 1904/1904/1904
f 1903/1903/1903 1890/1890/1890 1217/1217/1217
f 1217/1217/1217 1286/1286/1286 1903/1903/1903
f 1889/1889/1889 1902/1902/1902 1290/1290/1290
f 1290/1290/1290 1224/1224/1224 1889/1889/1889
f 1905/1905/1905 1910/1910/1910 1157/1157/1157
f 1157/1157/1157 1170/1170/1170 1905/1905/1905
f 1912/1912/1912 1907/1907/1907 1179/1179/1179
f 1179/1179/1179 1163/1163/1163 1912/1912/1912
f 1909/1909/1909 1916/1916/1916 1227/1227/1227
f 1227/1227/1227 1160/1160/1160 1909/1909/1909
f 1913/1913/1913 1911/1911/1911 1162/1162/1162
f 1162/1162/1162 1232/1232/1232 1913/1913/1913
f 1914/1914/1914 1918/1918/1918 1234/1234/1234
f 1234/1234/1234 1226/1226/1226 1914/1914/1914
f 1917/1917/1917 1915/1915/1915 1229/1229/1229
f 1229/1229/1229 1241/1241/1241 1917/1917/1917
f 1920/1920/1920 1908/1908/1908 1169/1169/1169
f 1169/1169/1169 1235/1235/1235 1920/1920/1920
f 1906/1906/1906 1919/1919/1919 1248/1248/1248
f 1248/1248/1248 1178/1178/1178 1906/1906/1906
f 1921/1921/1921 1924/1924/1924 1285/1285/1285
f 1285/1285/1285 1218/1218/1218 1921/1921/1921
f 1923/1923/1923 1922/1922/1922 1221/1221/1221
f 1221/1221/1221 1287/1287/1287 1923/1923/1923
f 1925/1925/1925 1931/1931/1931 1168/1168/1168
f 1168/1168/1168 1187/1187/1187 1925/1925/1925
f 1929/1929/1929 1928/1928/1928 1194/1194/1194
f 1194/1194/1194 1174/1174/1174 1929/1929/1929
f 1932/1932/1932 1933/1933/1933 1238/1238/1238
f 1238/1238/1238 1172/1172/1172 1932/1932/1932
f 1934/1934/1934 1930/1930/1930 1177/1177/1177
f 1177/1177/1177 1244/1244/1244 1934/1934/1934
f 1936/1936/1936 1938/1938/1938 1256/1256/1256
f 1256/1256/1256 1233/1233/1233 1936/1936/1936
f 1937/1937/1937 1935/1935/1935 1243/1243/1243
f 1243/1243/1243 1257/1257/1257 1937/1937/1937
f 1939/1939/1939 1926/1926/1926 1188/1188/1188
f 1188/1188/1188 1255/1255/1255 1939/1939/1939
f 1927/1927/1927 1940/1940/1940 1263/1263/1263
f 1263/1263/1263 1196/1196/1196 1927/1927/1927
f 1943/1943/1943 1946/1946/1946 1183/1183/1183
f 1183/1183/1183 1202/1202/1202 1943/1943/1943
f 1947/1947/1947 1944/1944/1944 1212/1212/1212
f 1212/1212/1212 1193/1193/1193 1947/1947/1947
f 1945/1945/1945 1950/1950/1950 1254/1254/1254
f 1254/1254/1254 1184/1184/1184 1945/1945/1945
f 1949/1949/1949 1948/1948/1948 1195/1195/1195
f 1195/1195/1195 1262/1262/1262 1949/1949/1949
f 1952/1952/1952 1955/1955/1955 1272/1272/1272
f 1272/1272/1272 1251/1251/1251 1952/1952/1952
f 1956/1956/1956 1951/1951/1951 1261/1261/1261
f 1261/1261/1261 1275/1275/1275 1956/1956/1956
f 1953/1953/1953 1941/1941/1941 1200/1200/1200
f 1200/1200/1200 1269/1269/1269 1953/1953/1953
f 1942/1942/1942 1954/1954/1954 1278/1278/1278
f 1278/1278/1278 1211/1211/1211 1942/1942/1942
f 1957/1957/1957 1964/1964/1964 1268/1268/1268
f 1268/1268/1268 1281/1281/1281 1957/1957/1957
f 1961/1961/1961 1958/1958/1958 1288/1288/1288
f 1288/1288/1288 1273/1273/1273 1961/1961/1961
f 1962/1962/1962 1968/1968/1968 670/670/670
f 670/670/670 1266/1266/1266 1962/1962/1962
f 1967/1967/1967 1963/1963/1963 1280/1280/1280
f 1280/1280/1280 678/678/678 1967/1967/1967
f 1966/1966/1966 1970/1970/1970 1334/1334/1334
f 1334/1334/1334 666/666/666 1966/1966/1966
f 1969/1969/1969 1965/1965/1965 679/679/679
f 679/679/679 1339/1339/1339 1969/1969/1969
f 1972/1972/1972 1960/1960/1960 1283/1283/1283
f 1283/1283/1283 1337/1337/1337 1972/1972/1972
f 1959/1959/1959 1971/1971/1971 1344/1344/1344
f 1344/1344/1344 1291/1291/1291 1959/1959/1959
f 1974/1974/1974 1979/1979/1979 1228/1228/1228
f 1228/1228/1228 1237/1237/1237 1974/1974/1974
f 1978/1978/1978 1973/1973/1973 1247/1247/1247
f 1247/1247/1247 1231/1231/1231 1978/1978/1978
f 1977/1977/1977 1981/1981/1981 1293/1293/1293
f 1293/1293/1293 1225/1225/1225 1977/1977/1977
f 1982/1982/1982 1980/1980/1980 1230/1230/1230
f 1230/1230/1230 1297/1297/1297 1982/1982/1982
f 1984/1984/1984 1986/1986/1986 1305/1305/1305
f 1305/1305/1305 1296/1296/1296 1984/1984/1984
f 1988/1988/1988 1983/1983/1983 1298/1298/1298
f 1298/1298/1298 1315/1315/1315 1988/1988/1988
f 1985/1985/1985 1975/1975/1975 1239/1239/1239
f 1239/1239/1239 1304/1304/1304 1985/1985/1985
f 1976/1976/1976 1987/1987/1987 1313/1313/1313
f 1313/1313/1313 1245/1245/1245 1976/1976/1976
f 1990/1990/1990 1991/1991/1991 1336/1336/1336
f 1336/1336/1336 1284/1284/1284 1990/1990/1990
f 1992/1992/1992 1989/1989/1989 1289/1289/1289
f 1289/1289/1289 1341/1341/1341 1992/1992/1992
f 1993/1993/1993 2000/2000/2000 1240/1240/1240
f 1240/1240/1240 1253/1253/1253 1993/1993/1993
f 1999/1999/1999 1994/1994/1994 1264/1264/1264
f 1264/1264/1264 1246/1246/1246 1999/1999/1999
f 1997/1997/1997 2003/2003/2003 1306/1306/1306
f 1306/1306/1306 1236/1236/1236 1997/1997/1997
f 2004/2004/2004 1998/1998/1998 1242/1242/1242
f 1242/1242/1242 1309/1309/1309 2004/2004/2004
f 2002/2002/2002 2005/2005/2005 1321/1321/1321
f 1321/1321/1321 1303/1303/1303 2002/2002/2002
f 2006/2006/2006 2001/2001/2001 1316/1316/1316
f 1316/1316/1316 1326/1326/1326 2006/2006/2006
f 2008/2008/2008 1995/1995/1995 1250/1250/1250
f 1250/1250/1250 1323/1323/1323 2008/2008/2008
f 1996/1996/1996 2007/2007/2007 1327/1327/1327
f 1327/1327/1327 1260/1260/1260 1996/1996/1996
f 2010/2010/2010 2015/2015/2015 1252/1252/1252
f 1252/1252/1252 1265/1265/1265 2010/2010/2010
f 2016/2016/2016 2009/2009/2009 1276/1276/1276
f 1276/1276/1276 1259/1259/1259 2016/2016/2016
f 2013/2013/2013 2020/2020/2020 1318/1318/1318
f 1318/1318/1318 1249/1249/1249 2013/2013/2013
f 2019/2019/2019 2014/2014/2014 1258/1258/1258
f 1258/1258/1258 1325/1325/1325 2019/2019/2019
f 2017/2017/2017 2023/2023/2023 667/667/667
f 667/667/667 1324/1324/1324 2017/2017/2017
f 2021/2021/2021 2018/2018/2018 1329/1329/1329
f 1329/1329/1329 680/680/680 2021/2021/2021
f 2024/2024/2024 2012/2012/2012 1271/1271/1271
f 1271/1271/1271 665/665/665 2024/2024/2024
f 2011/2011/2011 2022/2022/2022 677/677/677
f 677/677/677 1274/1274/1274 2011/2011/2011
f 2028/2028/2028 2029/2029/2029 2037/2037/2037
f 2037/2037/2037 2035/2035/2035 2028/2028/2028
f 2033/2033/2033 2038/2038/2038 2044/2044/2044
f 2044/2044/2044 2039/2039/2039 2033/2033/2033
f 2041/2041/2041 2042/2042/2042 2049/2049/2049
f 2049/2049/2049 2046/2046/2046 2041/2041/2041
f 2045/2045/2045 2048/2048/2048 2056/2056/2056
f 2056/2056/2056 2053/2053/2053 2045/2045/2045
f 2052/2052/2052 2055/2055/2055 2060/2060/2060
f 2060/2060/2060 2058/2058/2058 2052/2052/2052
f 2057/2057/2057 2062/2062/2062 2068/2068/2068
f 2068/2068/2068 2063/2063/2063 2057/2057/2057
f 2065/2065/2065 2067/2067/2067 2074/2074/2074
f 2074/2074/2074 2071/2071/2071 2065/2065/2065
f 2069/2069/2069 2072/2072/2072 2030/2030/2030
f 2030/2030/2030 2027/2027/2027 2069/2069/2069
f 2040/2040/2040 2047/2047/2047 2087/2087/2087
f 2087/2087/2087 2084/2084/2084 2040/2040/2040
f 2059/2059/2059 2064/2064/2064 2094/2094/2094
f 2094/2094/2094 2093/2093/2093 2059/2059/2059
f 2047/2047/2047 2051/2051/2051 2089/2089/2089
f 2089/2089/2089 2087/2087/2087 2047/2047/2047
f 2064/2064/2064 2070/2070/2070 2099/2099/2099
f 2099/2099/2099 2094/2094/2094 2064/2064/2064
f 2034/2034/2034 2040/2040/2040 2084/2084/2084
f 2084/2084/2084 2080/2080/2080 2034/2034/2034
f 2051/2051/2051 2059/2059/2059 2093/2093/2093
f 2093/2093/2093 2089/2089/2089 2051/2051/2051
f 2070/2070/2070 2026/2026/2026 2075/2075/2075
f 2075/2075/2075 2099/2099/2099 2070/2070/2070
f 2025/2025/2025 2034/2034/2034 2080/2080/2080
f 2080/2080/2080 2077/2077/2077 2025/2025/2025
f 2141/2141/2141 2133/2133/2133 2241/2241/2241
f 2241/2241/2241 2246/2246/2246 2141/2141/2141
f 2215/2215/2215 2217/2217/2217 2283/2283/2283
f 2283/2283/2283 2278/2278/2278 2215/2215/2215
f 2156/2156/2156 2148/2148/2148 2249/2249/2249
f 2249/2249/2249 2255/2255/2255 2156/2156/2156
f 2119/2119/2119 2113/2113/2113 2222/2222/2222
f 2222/2222/2222 2233/2233/2233 2119/2119/2119
f 2218/2218/2218 2191/2191/2191 2229/2229/2229
f 2229/2229/2229 2281/2281/2281 2218/2218/2218
f 2189/2189/2189 2194/2194/2194 2257/2257/2257
f 2257/2257/2257 2230/2230/2230 2189/2189/2189
f 2134/2134/2134 2127/2127/2127 2237/2237/2237
f 2237/2237/2237 2244/2244/2244 2134/2134/2134
f 2195/2195/2195 2200/2200/2200 2262/2262/2262
f 2262/2262/2262 2260/2260/2260 2195/2195/2195
f 2116/2116/2116 2168/2168/2168 2172/2172/2172
f 2172/2172/2172 2123/2123/2123 2116/2116/2116
f 2137/2137/2137 2179/2179/2179 2183/2183/2183
f 2183/2183/2183 2144/2144/2144 2137/2137/2137
f 2122/2122/2122 2169/2169/2169 2175/2175/2175
f 2175/2175/2175 2132/2132/2132 2122/2122/2122
f 2145/2145/2145 2184/2184/2184 2186/2186/2186
f 2186/2186/2186 2153/2153/2153 2145/2145/2145
f 2109/2109/2109 2164/2164/2164 2167/2167/2167
f 2167/2167/2167 2117/2117/2117 2109/2109/2109
f 2129/2129/2129 2173/2173/2173 2180/2180/2180
f 2180/2180/2180 2139/2139/2139 2129/2129/2129
f 2151/2151/2151 2187/2187/2187 2157/2157/2157
f 2157/2157/2157 2103/2103/2103 2151/2151/2151
f 2102/2102/2102 2159/2159/2159 2161/2161/2161
f 2161/2161/2161 2108/2108/2108 2102/2102/2102
f 2036/2036/2036 2031/2031/2031 2106/2106/2106
f 2106/2106/2106 2114/2114/2114 2036/2036/2036
f 2043/2043/2043 2036/2036/2036 2114/2114/2114
f 2114/2114/2114 2121/2121/2121 2043/2043/2043
f 2050/2050/2050 2043/2043/2043 2121/2121/2121
f 2121/2121/2121 2128/2128/2128 2050/2050/2050
f 2054/2054/2054 2050/2050/2050 2128/2128/2128
f 2128/2128/2128 2135/2135/2135 2054/2054/2054
f 2061/2061/2061 2054/2054/2054 2135/2135/2135
f 2135/2135/2135 2140/2140/2140 2061/2061/2061
f 2066/2066/2066 2061/2061/2061 2140/2140/2140
f 2140/2140/2140 2149/2149/2149 2066/2066/2066
f 2073/2073/2073 2066/2066/2066 2149/2149/2149
f 2149/2149/2149 2154/2154/2154 2073/2073/2073
f 2032/2032/2032 2073/2073/2073 2154/2154/2154
f 2154/2154/2154 2104/2104/2104 2032/2032/2032
f 2076/2076/2076 2079/2079/2079 2162/2162/2162
f 2162/2162/2162 2160/2160/2160 2076/2076/2076
f 2081/2081/2081 2082/2082/2082 2166/2166/2166
f 2166/2166/2166 2163/2163/2163 2081/2081/2081
f 2083/2083/2083 2086/2086/2086 2171/2171/2171
f 2171/2171/2171 2165/2165/2165 2083/2083/2083
f 2085/2085/2085 2090/2090/2090 2176/2176/2176
f 2176/2176/2176 2170/2170/2170 2085/2085/2085
f 2088/2088/2088 2092/2092/2092 2178/2178/2178
f 2178/2178/2178 2174/2174/2174 2088/2088/2088
f 2091/2091/2091 2096/2096/2096 2181/2181/2181
f 2181/2181/2181 2177/2177/2177 2091/2091/2091
f 2095/2095/2095 2098/2098/2098 2188/2188/2188
f 2188/2188/2188 2182/2182/2182 2095/2095/2095
f 2097/2097/2097 2078/2078/2078 2158/2158/2158
f 2158/2158/2158 2185/2185/2185 2097/2097/2097
f 2150/2150/2150 2100/2100/2100 2192/2192/2192
f 2192/2192/2192 2220/2220/2220 2150/2150/2150
f 2146/2146/2146 2152/2152/2152 2219/2219/2219
f 2219/2219/2219 2216/2216/2216 2146/2146/2146
f 2138/2138/2138 2143/2143/2143 2213/2213/2213
f 2213/2213/2213 2211/2211/2211 2138/2138/2138
f 2131/2131/2131 2136/2136/2136 2210/2210/2210
f 2210/2210/2210 2205/2205/2205 2131/2131/2131
f 2125/2125/2125 2130/2130/2130 2208/2208/2208
f 2208/2208/2208 2204/2204/2204 2125/2125/2125
f 2115/2115/2115 2124/2124/2124 2203/2203/2203
f 2203/2203/2203 2198/2198/2198 2115/2115/2115
f 2110/2110/2110 2118/2118/2118 2199/2199/2199
f 2199/2199/2199 2193/2193/2193 2110/2110/2110
f 2101/2101/2101 2111/2111/2111 2196/2196/2196
f 2196/2196/2196 2190/2190/2190 2101/2101/2101
f 2231/2231/2231 2259/2259/2259 2221/2221/2221
f 2221/2221/2221 2226/2226/2226 2231/2231/2231
f 2258/2258/2258 2264/2264/2264 2235/2235/2235
f 2235/2235/2235 2223/2223/2223 2258/2258/2258
f 2261/2261/2261 2266/2266/2266 2238/2238/2238
f 2238/2238/2238 2234/2234/2234 2261/2261/2261
f 2265/2265/2265 2272/2272/2272 2243/2243/2243
f 2243/2243/2243 2240/2240/2240 2265/2265/2265
f 2269/2269/2269 2276/2276/2276 2248/2248/2248
f 2248/2248/2248 2242/2242/2242 2269/2269/2269
f 2273/2273/2273 2277/2277/2277 2251/2251/2251
f 2251/2251/2251 2247/2247/2247 2273/2273/2273
f 2279/2279/2279 2282/2282/2282 2253/2253/2253
f 2253/2253/2253 2252/2252/2252 2279/2279/2279
f 2284/2284/2284 2232/2232/2232 2228/2228/2228
f 2228/2228/2228 2254/2254/2254 2284/2284/2284
f 2209/2209/2209 2214/2214/2214 2280/2280/2280
f 2280/2280/2280 2275/2275/2275 2209/2209/2209
f 2206/2206/2206 2212/2212/2212 2274/2274/2274
f 2274/2274/2274 2271/2271/2271 2206/2206/2206
f 2126/2126/2126 2120/2120/2120 2236/2236/2236
f 2236/2236/2236 2239/2239/2239 2126/2126/2126
f 2107/2107/2107 2155/2155/2155 2256/2256/2256
f 2256/2256/2256 2225/2225/2225 2107/2107/2107
f 2112/2112/2112 2105/2105/2105 2227/2227/2227
f 2227/2227/2227 2224/2224/2224 2112/2112/2112
f 2201/2201/2201 2207/2207/2207 2270/2270/2270
f 2270/2270/2270 2267/2267/2267 2201/2201/2201
f 2147/2147/2147 2142/2142/2142 2245/2245/2245
f 2245/2245/2245 2250/2250/2250 2147/2147/2147
f 2197/2197/2197 2202/2202/2202 2268/2268/2268
f 2268/2268/2268 2263/2263/2263 2197/2197/2197
f 2285/2285/2285 2292/2292/2292 2297/2297/2297
f 2297/2297/2297 2295/2295/2295 2285/2285/2285
f 2293/2293/2293 2298/2298/2298 2303/2303/2303
f 2303/2303/2303 2300/2300/2300 2293/2293/2293
f 2301/2301/2301 2304/2304/2304 2308/2308/2308
f 2308/2308/2308 2306/2306/2306 2301/2301/2301
f 2305/2305/2305 2310/2310/2310 2316/2316/2316
f 2316/2316/2316 2313/2313/2313 2305/2305/2305
f 2311/2311/2311 2315/2315/2315 2322/2322/2322
f 2322/2322/2322 2318/2318/2318 2311/2311/2311
f 2317/2317/2317 2320/2320/2320 2328/2328/2328
f 2328/2328/2328 2323/2323/2323 2317/2317/2317
f 2324/2324/2324 2327/2327/2327 2333/2333/2333
f 2333/2333/2333 2330/2330/2330 2324/2324/2324
f 2331/2331/2331 2334/2334/2334 2339/2339/2339
f 2339/2339/2339 2336/2336/2336 2331/2331/2331
f 2337/2337/2337 2340/2340/2340 2345/2345/2345
f 2345/2345/2345 2342/2342/2342 2337/2337/2337
f 2341/2341/2341 2346/2346/2346 2289/2289/2289
f 2289/2289/2289 2288/2288/2288 2341/2341/2341
f 2350/2350/2350 2356/2356/2356 2360/2360/2360
f 2360/2360/2360 2353/2353/2353 2350/2350/2350
f 2355/2355/2355 2362/2362/2362 2364/2364/2364
f 2364/2364/2364 2359/2359/2359 2355/2355/2355
f 2361/2361/2361 2368/2368/2368 2370/2370/2370
f 2370/2370/2370 2366/2366/2366 2361/2361/2361
f 2367/2367/2367 2374/2374/2374 2377/2377/2377
f 2377/2377/2377 2372/2372/2372 2367/2367/2367
f 2375/2375/2375 2379/2379/2379 2384/2384/2384
f 2384/2384/2384 2376/2376/2376 2375/2375/2375
f 2381/2381/2381 2387/2387/2387 2389/2389/2389
f 2389/2389/2389 2382/2382/2382 2381/2381/2381
f 2385/2385/2385 2393/2393/2393 2395/2395/2395
f 2395/2395/2395 2388/2388/2388 2385/2385/2385
f 2392/2392/2392 2399/2399/2399 2400/2400/2400
f 2400/2400/2400 2394/2394/2394 2392/2392/2392
f 2397/2397/2397 2404/2404/2404 2406/2406/2406
f 2406/2406/2406 2401/2401/2401 2397/2397/2397
f 2403/2403/2403 2347/2347/2347 2351/2351/2351
f 2351/2351/2351 2408/2408/2408 2403/2403/2403
f 2286/2286/2286 2294/2294/2294 2357/2357/2357
f 2357/2357/2357 2348/2348/2348 2286/2286/2286
f 2296/2296/2296 2290/2290/2290 2354/2354/2354
f 2354/2354/2354 2358/2358/2358 2296/2296/2296
f 2294/2294/2294 2299/2299/2299 2363/2363/2363
f 2363/2363/2363 2357/2357/2357 2294/2294/2294
f 2302/2302/2302 2296/2296/2296 2358/2358/2358
f 2358/2358/2358 2365/2365/2365 2302/2302/2302
f 2299/2299/2299 2307/2307/2307 2369/2369/2369
f 2369/2369/2369 2363/2363/2363 2299/2299/2299
f 2309/2309/2309 2302/2302/2302 2365/2365/2365
f 2365/2365/2365 2371/2371/2371 2309/2309/2309
f 2307/2307/2307 2312/2312/2312 2373/2373/2373
f 2373/2373/2373 2369/2369/2369 2307/2307/2307
f 2314/2314/2314 2309/2309/2309 2371/2371/2371
f 2371/2371/2371 2378/2378/2378 2314/2314/2314
f 2312/2312/2312 2319/2319/2319 2380/2380/2380
f 2380/2380/2380 2373/2373/2373 2312/2312/2312
f 2321/2321/2321 2314/2314/2314 2378/2378/2378
f 2378/2378/2378 2383/2383/2383 2321/2321/2321
f 2319/2319/2319 2325/2325/2325 2386/2386/2386
f 2386/2386/2386 2380/2380/2380 2319/2319/2319
f 2326/2326/2326 2321/2321/2321 2383/2383/2383
f 2383/2383/2383 2390/2390/2390 2326/2326/2326
f 2325/2325/2325 2329/2329/2329 2391/2391/2391
f 2391/2391/2391 2386/2386/2386 2325/2325/2325
f 2332/2332/2332 2326/2326/2326 2390/2390/2390
f 2390/2390/2390 2396/2396/2396 2332/2332/2332
f 2329/2329/2329 2335/2335/2335 2398/2398/2398
f 2398/2398/2398 2391/2391/2391 2329/2329/2329
f 2338/2338/2338 2332/2332/2332 2396/2396/2396
f 2396/2396/2396 2402/2402/2402 2338/2338/2338
f 2335/2335/2335 2343/2343/2343 2405/2405/2405
f 2405/2405/2405 2398/2398/2398 2335/2335/2335
f 2344/2344/2344 2338/2338/2338 2402/2402/2402
f 2402/2402/2402 2407/2407/2407 2344/2344/2344
f 2343/2343/2343 2287/2287/2287 2349/2349/2349
f 2349/2349/2349 2405/2405/2405 2343/2343/2343
f 2291/2291/2291 2344/2344/2344 2407/2407/2407
f 2407/2407/2407 2352/2352/2352 2291/2291/2291
f 2440/2440/2440 2446/2446/2446 2443/2443/2443
f 2440/2440/2440 2443/2443/2443 2417/2417/2417
f 2440/2440/2440 2417/2417/2417 2411/2411/2411
f 2440/2440/2440 2411/2411/2411 2421/2421/2421
f 2440/2440/2440 2421/2421/2421 2428/2428/2428
f 2440/2440/2440 2428/2428/2428 2425/2425/2425
f 2448/2448/2448 2418/2418/2418 2415/2415/2415
f 2415/2415/2415 2444/2444/2444 2448/2448/2448
f 2432/2432/2432 2437/2437/2437 2434/2434/2434
f 2432/2432/2432 2434/2434/2434 2412/2412/2412
f 2432/2432/2432 2412/2412/2412 2420/2420/2420
f 2432/2432/2432 2420/2420/2420 2449/2449/2449
f 2432/2432/2432 2449/2449/2449 2455/2455/2455
f 2432/2432/2432 2455/2455/2455 2452/2452/2452
f 2423/2423/2423 2409/2409/2409 2414/2414/2414
f 2414/2414/2414 2433/2433/2433 2423/2423/2423
f 2419/2419/2419 2413/2413/2413 2410/2410/2410
f 2410/2410/2410 2416/2416/2416 2419/2419/2419
f 2430/2430/2430 2426/2426/2426 2427/2427/2427
f 2427/2427/2427 2436/2436/2436 2430/2430/2430
f 2438/2438/2438 2429/2429/2429 2422/2422/2422
f 2422/2422/2422 2435/2435/2435 2438/2438/2438
f 2439/2439/2439 2451/2451/2451 2454/2454/2454
f 2454/2454/2454 2445/2445/2445 2439/2439/2439
f 2447/2447/2447 2456/2456/2456 2450/2450/2450
f 2450/2450/2450 2442/2442/2442 2447/2447/2447
f 2431/2431/2431 2453/2453/2453 2441/2441/2441
f 2441/2441/2441 2424/2424/2424 2431/2431/2431
f 2488/2488/2488 2474/2474/2474 2476/2476/2476
f 2488/2488/2488 2476/2476/2476 2470/2470/2470
f 2488/2488/2488 2470/2470/2470 2458/2458/2458
f 2488/2488/2488 2458/2458/2458 2463/2463/2463
f 2488/2488/2488 2463/2463/2463 2490/2490/2490
f 2488/2488/2488 2490/2490/2490 2493/2493/2493
f 2497/2497/2497 2491/2491/2491 2464/2464/2464
f 2464/2464/2464 2467/2467/2467 2497/2497/2497
f 2479/2479/2479 2501/2501/2501 2503/2503/2503
f 2479/2479/2479 2503/2503/2503 2498/2498/2498
f 2479/2479/2479 2498/2498/2498 2468/2468/2468
f 2479/2479/2479 2468/2468/2468 2461/2461/2461
f 2479/2479/2479 2461/2461/2461 2481/2481/2481
f 2479/2479/2479 2481/2481/2481 2486/2486/2486
f 2469/2469/2469 2482/2482/2482 2460/2460/2460
f 2460/2460/2460 2457/2457/2457 2469/2469/2469
f 2466/2466/2466 2465/2465/2465 2459/2459/2459
f 2459/2459/2459 2462/2462/2462 2466/2466/2466
f 2478/2478/2478 2484/2484/2484 2477/2477/2477
f 2477/2477/2477 2472/2472/2472 2478/2478/2478
f 2485/2485/2485 2483/2483/2483 2471/2471/2471
f 2471/2471/2471 2475/2475/2475 2485/2485/2485
f 2487/2487/2487 2494/2494/2494 2502/2502/2502
f 2502/2502/2502 2499/2499/2499 2487/2487/2487
f 2495/2495/2495 2492/2492/2492 2496/2496/2496
f 2496/2496/2496 2504/2504/2504 2495/2495/2495
f 2480/2480/2480 2473/2473/2473 2489/2489/2489
f 2489/2489/2489 2500/2500/2500 2480/2480/2480
f 2522/2522/2522 2510/2510/2510 2514/2514/2514
f 2514/2514/2514 2524/2524/2524 2522/2522/2522
f 2520/2520/2520 2505/2505/2505 2508/2508/2508
f 2520/2520/2520 2508/2508/2508 2521/2521/2521
f 2520/2520/2520 2521/2521/2521 2535/2535/2535
f 2526/2526/2526 2511/2511/2511 2507/2507/2507
f 2507/2507/2507 2518/2518/2518 2526/2526/2526
f 2575/2575/2575 2525/2525/2525 2519/2519/2519
f 2519/2519/2519 2573/2573/2573 2575/2575/2575
f 2523/2523/2523 2515/2515/2515 2512/2512/2512
f 2523/2523/2523 2512/2512/2512 2528/2528/2528
f 2523/2523/2523 2528/2528/2528 2533/2533/2533
f 2532/2532/2532 2534/2534/2534 2527/2527/2527
f 2532/2532/2532 2527/2527/2527 2577/2577/2577
f 2532/2532/2532 2577/2577/2577 2580/2580/2580
f 2582/2582/2582 2585/2585/2585 2562/2562/2562
f 2582/2582/2582 2562/2562/2562 2567/2567/2567
f 2582/2582/2582 2567/2567/2567 2552/2552/2552
f 2529/2529/2529 2531/2531/2531 2578/2578/2578
f 2578/2578/2578 2570/2570/2570 2529/2529/2529
f 2516/2516/2516 2509/2509/2509 2506/2506/2506
f 2506/2506/2506 2513/2513/2513 2516/2516/2516
f 2553/2553/2553 2555/2555/2555 2548/2548/2548
f 2548/2548/2548 2541/2541/2541 2553/2553/2553
f 2549/2549/2549 2568/2568/2568 2554/2554/2554
f 2549/2549/2549 2554/2554/2554 2540/2540/2540
f 2549/2549/2549 2540/2540/2540 2537/2537/2537
f 2557/2557/2557 2551/2551/2551 2539/2539/2539
f 2539/2539/2539 2543/2543/2543 2557/2557/2557
f 2591/2591/2591 2581/2581/2581 2550/2550/2550
f 2550/2550/2550 2558/2558/2558 2591/2591/2591
f 2556/2556/2556 2565/2565/2565 2559/2559/2559
f 2556/2556/2556 2559/2559/2559 2545/2545/2545
f 2556/2556/2556 2545/2545/2545 2546/2546/2546
f 2563/2563/2563 2588/2588/2588 2590/2590/2590
f 2563/2563/2563 2590/2590/2590 2560/2560/2560
f 2563/2563/2563 2560/2560/2560 2566/2566/2566
f 2561/2561/2561 2584/2584/2584 2587/2587/2587
f 2587/2587/2587 2564/2564/2564 2561/2561/2561
f 2547/2547/2547 2544/2544/2544 2538/2538/2538
f 2538/2538/2538 2542/2542/2542 2547/2547/2547
f 2571/2571/2571 2579/2579/2579 2576/2576/2576
f 2576/2576/2576 2574/2574/2574 2571/2571/2571
f 2583/2583/2583 2592/2592/2592 2589/2589/2589
f 2589/2589/2589 2586/2586/2586 2583/2583/2583
f 2569/2569/2569 2572/2572/2572 2517/2517/2517
f 2569/2569/2569 2517/2517/2517 2536/2536/2536
f 2569/2569/2569 2536/2536/2536 2530/2530/2530
